FECHA_CORTE,UBIGEO,ANIO,DEPARTAMENTO,PROVINCIA,FECHA_UTC,HORA_UTC,TIPO,FRECUENCIA_PRINCIPAL,DURACION,ENERGIA,VOLCAN
20250530,0401,2024,AREQUIPA,AREQUIPA,20240101,93337,VT,5.6,58.59,0.000147,MISTI
20250530,0401,2024,AREQUIPA,AREQUIPA,20240101,102825,VT,3.0,76.02,0.000149,MISTI
20250530,0401,2024,AREQUIPA,AREQUIPA,20240101,104711,VT,2.8,44.98,0.000137,MISTI
20250530,0401,2024,AREQUIPA,AREQUIPA,20240101,105517,VT,3.8,64.75,0.001042,MISTI
20250530,0401,2024,AREQUIPA,AREQUIPA,20240101,110838,VT,3.8,52.5,0.000175,MISTI
20250530,0401,2024,AREQUIPA,AREQUIPA,20240101,113833,VT,8.5,42.51,2.8e-05,MISTI
20250530,0401,2024,AREQUIPA,AREQUIPA,20240101,115021,VT,2.9,28.05,3.9e-05,MISTI
20250530,0401,2024,AREQUIPA,AREQUIPA,20240101,121435,VT,5.0,28.59,5.2e-05,MISTI
20250530,0401,2024,AREQUIPA,AREQUIPA,20240101,122748,VT,5.2,39.55,4.5e-05,MISTI
20250530,0401,2024,AREQUIPA,AREQUIPA,20240101,162839,VT,5.2,31.16,0.000186,MISTI
20250530,0401,2024,AREQUIPA,AREQUIPA,20240101,172622,VT,3.0,30.96,0.00042,MISTI
20250530,0401,2024,AREQUIPA,AREQUIPA,20240101,191523,VT,4.2,41.1,0.00068,MISTI
20250530,0401,2024,AREQUIPA,AREQUIPA,20240102,45903,VT,5.2,27.7,0.000428,MISTI
20250530,0401,2024,AREQUIPA,AREQUIPA,20240102,52832,VT,3.1,53.33,6e-05,MISTI
20250530,0401,2024,AREQUIPA,AREQUIPA,20240102,103050,VT,4.6,25.69,3.7e-05,MISTI
20250530,0401,2024,AREQUIPA,AREQUIPA,20240102,110333,VT,2.7,39.84,8e-05,MISTI
20250530,0401,2024,AREQUIPA,AREQUIPA,20240102,113221,VT,5.3,34.41,3.1e-05,MISTI
20250530,0401,2024,AREQUIPA,AREQUIPA,20240102,121000,VT,4.2,35.93,3.9e-05,MISTI
20250530,0401,2024,AREQUIPA,AREQUIPA,20240102,132351,VT,3.7,63.17,0.001499,MISTI
20250530,0401,2024,AREQUIPA,AREQUIPA,20240102,142307,VT,5.3,32.94,6.9e-05,MISTI
20250530,0401,2024,AREQUIPA,AREQUIPA,20240102,142309,VT,4.5,31.68,6.9e-05,MISTI
20250530,0401,2024,AREQUIPA,AREQUIPA,20240102,154519,VT,3.1,31.49,0.000323,MISTI
20250530,0401,2024,AREQUIPA,AREQUIPA,20240102,184943,VT,3.1,26.14,0.000111,MISTI
20250530,0401,2024,AREQUIPA,AREQUIPA,20240102,211211,VT,3.4,30.67,0.000178,MISTI
20250530,0401,2024,AREQUIPA,AREQUIPA,20240103,5502,VT,3.1,28.25,3e-05,MISTI
20250530,0401,2024,AREQUIPA,AREQUIPA,20240103,10709,VT,2.8,25.76,2.1e-05,MISTI
20250530,0401,2024,AREQUIPA,AREQUIPA,20240103,13241,VT,4.4,40.67,4.3e-05,MISTI
20250530,0401,2024,AREQUIPA,AREQUIPA,20240103,13955,VT,3.4,49.38,4e-05,MISTI
20250530,0401,2024,AREQUIPA,AREQUIPA,20240103,84759,VT,3.8,29.6,5.3e-05,MISTI
20250530,0401,2024,AREQUIPA,AREQUIPA,20240103,85554,VT,2.9,35.99,4.6e-05,MISTI
20250530,0401,2024,AREQUIPA,AREQUIPA,20240103,93601,VT,6.3,45.57,0.00056,MISTI
20250530,0401,2024,AREQUIPA,AREQUIPA,20240103,94520,TO,4.6,103.3,0.002537,MISTI
20250530,0401,2024,AREQUIPA,AREQUIPA,20240103,104300,VT,6.3,42.54,9.2e-05,MISTI
20250530,0401,2024,AREQUIPA,AREQUIPA,20240103,105438,VT,3.8,33.63,4e-05,MISTI
20250530,0401,2024,AREQUIPA,AREQUIPA,20240103,164009,VT,3.4,36.12,9.2e-05,MISTI
20250530,0401,2024,AREQUIPA,AREQUIPA,20240103,220908,VT,3.7,24.59,3.2e-05,MISTI
20250530,0401,2024,AREQUIPA,AREQUIPA,20240104,33005,VT,2.8,28.44,3.9e-05,MISTI
20250530,0401,2024,AREQUIPA,AREQUIPA,20240104,34241,VT,10.0,34.71,2.4e-05,MISTI
20250530,0401,2024,AREQUIPA,AREQUIPA,20240104,40434,VT,10.0,27.02,2.4e-05,MISTI
20250530,0401,2024,AREQUIPA,AREQUIPA,20240104,162252,VT,2.5,29.29,4e-05,MISTI
20250530,0401,2024,AREQUIPA,AREQUIPA,20240104,180702,VT,7.1,54.91,0.000439,MISTI
20250530,0401,2024,AREQUIPA,AREQUIPA,20240104,200350,VT,3.8,47.79,8.5e-05,MISTI
20250530,0401,2024,AREQUIPA,AREQUIPA,20240104,202916,VT,2.7,38.82,7.4e-05,MISTI
20250530,0401,2024,AREQUIPA,AREQUIPA,20240104,221428,VT,3.5,37.52,7.3e-05,MISTI
20250530,0401,2024,AREQUIPA,AREQUIPA,20240104,233421,VT,3.1,47.83,7.7e-05,MISTI
20250530,0401,2024,AREQUIPA,AREQUIPA,20240105,2523,VT,5.5,25.07,4e-05,MISTI
20250530,0401,2024,AREQUIPA,AREQUIPA,20240105,14031,VT,3.4,43.94,0.000125,MISTI
20250530,0401,2024,AREQUIPA,AREQUIPA,20240105,15255,TO,4.4,93.78,0.003336,MISTI
20250530,0401,2024,AREQUIPA,AREQUIPA,20240106,636,VT,4.8,31.45,3.9e-05,MISTI
20250530,0401,2024,AREQUIPA,AREQUIPA,20240106,4541,VT,5.2,29.59,4.4e-05,MISTI
20250530,0401,2024,AREQUIPA,AREQUIPA,20240106,13620,VT,6.8,27.15,4.9e-05,MISTI
20250530,0401,2024,AREQUIPA,AREQUIPA,20240106,52427,VT,9.8,36.8,2.9e-05,MISTI
20250530,0401,2024,AREQUIPA,AREQUIPA,20240107,53255,VT,2.9,28.64,2.5e-05,MISTI
20250530,0401,2024,AREQUIPA,AREQUIPA,20240107,91016,VT,4.8,38.81,4.3e-05,MISTI
20250530,0401,2024,AREQUIPA,AREQUIPA,20240107,164125,VT,5.6,24.54,5.9e-05,MISTI
20250530,0401,2024,AREQUIPA,AREQUIPA,20240107,180658,VT,5.5,26.72,6.4e-05,MISTI
20250530,0401,2024,AREQUIPA,AREQUIPA,20240107,234223,VT,6.3,35.93,0.000466,MISTI
20250530,0401,2024,AREQUIPA,AREQUIPA,20240108,85352,VT,3.2,63.25,0.00081,MISTI
20250530,0401,2024,AREQUIPA,AREQUIPA,20240108,103616,VT,5.3,29.55,3.1e-05,MISTI
20250530,0401,2024,AREQUIPA,AREQUIPA,20240108,235730,VT,3.6,40.45,6.1e-05,MISTI
20250530,0401,2024,AREQUIPA,AREQUIPA,20240109,622,VT,10.0,38.96,5.3e-05,MISTI
20250530,0401,2024,AREQUIPA,AREQUIPA,20240109,4055,VT,3.4,32.29,5.6e-05,MISTI
20250530,0401,2024,AREQUIPA,AREQUIPA,20240109,4126,VT,2.8,32.94,4.6e-05,MISTI
20250530,0401,2024,AREQUIPA,AREQUIPA,20240109,4728,VT,2.9,35.17,3.5e-05,MISTI
20250530,0401,2024,AREQUIPA,AREQUIPA,20240109,13703,VT,3.8,76.85,0.000967,MISTI
20250530,0401,2024,AREQUIPA,AREQUIPA,20240110,62338,VT,12.2,79.54,0.006771,MISTI
20250530,0401,2024,AREQUIPA,AREQUIPA,20240111,15044,VT,10.0,40.56,4.2e-05,MISTI
20250530,0401,2024,AREQUIPA,AREQUIPA,20240111,22723,VT,2.9,46.38,0.000427,MISTI
20250530,0401,2024,AREQUIPA,AREQUIPA,20240111,74457,VT,4.2,54.31,0.00013,MISTI
20250530,0401,2024,AREQUIPA,AREQUIPA,20240111,113423,VT,5.3,60.05,0.000146,MISTI
20250530,0401,2024,AREQUIPA,AREQUIPA,20240111,152303,VT,2.9,78.16,0.000133,MISTI
20250530,0401,2024,AREQUIPA,AREQUIPA,20240111,191721,VT,4.8,31.78,0.000172,MISTI
20250530,0401,2024,AREQUIPA,AREQUIPA,20240112,4418,VT,2.9,62.8,0.000279,MISTI
20250530,0401,2024,AREQUIPA,AREQUIPA,20240112,40251,VT,3.0,32.2,3.6e-05,MISTI
20250530,0401,2024,AREQUIPA,AREQUIPA,20240112,73631,VT,3.5,44.85,9.2e-05,MISTI
20250530,0401,2024,AREQUIPA,AREQUIPA,20240112,143732,VT,2.8,26.88,9.5e-05,MISTI
20250530,0401,2024,AREQUIPA,AREQUIPA,20240112,161408,VT,5.5,21.45,9.8e-05,MISTI
20250530,0401,2024,AREQUIPA,AREQUIPA,20240112,161746,VT,3.4,25.1,0.000249,MISTI
20250530,0401,2024,AREQUIPA,AREQUIPA,20240112,221204,VT,7.7,96.65,0.006333,MISTI
20250530,0401,2024,AREQUIPA,AREQUIPA,20240113,134731,VT,3.1,69.17,0.000255,MISTI
20250530,0401,2024,AREQUIPA,AREQUIPA,20240113,203350,VT,4.1,54.48,0.000222,MISTI
20250530,0401,2024,AREQUIPA,AREQUIPA,20240114,102032,VT,5.3,15.58,2.8e-05,MISTI
20250530,0401,2024,AREQUIPA,AREQUIPA,20240115,34356,VT,3.5,33.01,4.7e-05,MISTI
20250530,0401,2024,AREQUIPA,AREQUIPA,20240115,84043,VT,5.3,17.38,4.3e-05,MISTI
20250530,0401,2024,AREQUIPA,AREQUIPA,20240115,105711,VT,4.1,35.44,0.000102,MISTI
20250530,0401,2024,AREQUIPA,AREQUIPA,20240115,203258,VT,4.7,35.35,0.001105,MISTI
20250530,0401,2024,AREQUIPA,AREQUIPA,20240115,205223,VT,3.9,38.17,0.000126,MISTI
20250530,0401,2024,AREQUIPA,AREQUIPA,20240116,43038,VT,4.5,38.48,4.2e-05,MISTI
20250530,0401,2024,AREQUIPA,AREQUIPA,20240116,70933,VT,4.1,37.4,3e-05,MISTI
20250530,0401,2024,AREQUIPA,AREQUIPA,20240116,122813,VT,2.6,28.99,5.7e-05,MISTI
20250530,0401,2024,AREQUIPA,AREQUIPA,20240116,184111,VT,4.2,47.59,0.000171,MISTI
20250530,0401,2024,AREQUIPA,AREQUIPA,20240117,50,VT,3.1,42.9,6e-05,MISTI
20250530,0401,2024,AREQUIPA,AREQUIPA,20240117,55645,VT,4.2,32.45,3e-05,MISTI
20250530,0401,2024,AREQUIPA,AREQUIPA,20240118,20356,VT,2.8,55.58,0.000217,MISTI
20250530,0401,2024,AREQUIPA,AREQUIPA,20240118,34739,VT,8.0,92.48,0.000109,MISTI
20250530,0401,2024,AREQUIPA,AREQUIPA,20240118,114209,VT,5.3,76.89,0.000157,MISTI
20250530,0401,2024,AREQUIPA,AREQUIPA,20240119,2218,VT,3.4,41.96,5.3e-05,MISTI
20250530,0401,2024,AREQUIPA,AREQUIPA,20240119,74119,VT,4.2,54.68,0.000261,MISTI
20250530,0401,2024,AREQUIPA,AREQUIPA,20240120,91650,VT,3.0,24.77,5.8e-05,MISTI
20250530,0401,2024,AREQUIPA,AREQUIPA,20240121,10416,VT,3.2,34.97,7e-05,MISTI
20250530,0401,2024,AREQUIPA,AREQUIPA,20240121,12703,VT,3.4,30.58,3.2e-05,MISTI
20250530,0401,2024,AREQUIPA,AREQUIPA,20240121,40926,VT,4.1,59.44,0.000133,MISTI
20250530,0401,2024,AREQUIPA,AREQUIPA,20240121,111346,VT,3.0,27.38,4.2e-05,MISTI
20250530,0401,2024,AREQUIPA,AREQUIPA,20240122,41024,VT,2.6,34.67,4.1e-05,MISTI
20250530,0401,2024,AREQUIPA,AREQUIPA,20240122,70047,VT,3.8,36.8,0.000148,MISTI
20250530,0401,2024,AREQUIPA,AREQUIPA,20240122,71009,VT,3.6,30.46,3.7e-05,MISTI
20250530,0401,2024,AREQUIPA,AREQUIPA,20240122,80306,TO,8.0,87.51,0.000135,MISTI
20250530,0401,2024,AREQUIPA,AREQUIPA,20240123,24059,VT,3.4,36.64,5.7e-05,MISTI
20250530,0401,2024,AREQUIPA,AREQUIPA,20240123,32144,VT,8.5,33.61,0.000132,MISTI
20250530,0401,2024,AREQUIPA,AREQUIPA,20240123,95753,VT,3.0,41.04,4.4e-05,MISTI
20250530,0401,2024,AREQUIPA,AREQUIPA,20240123,103121,VT,3.0,31.88,4e-05,MISTI
20250530,0401,2024,AREQUIPA,AREQUIPA,20240123,200112,LH,3.3,2215.11,0.328476,MISTI
20250530,0401,2024,AREQUIPA,AREQUIPA,20240123,210047,LH,3.5,1644.83,0.213265,MISTI
20250530,0401,2024,AREQUIPA,AREQUIPA,20240124,1020,VT,4.2,34.28,4.3e-05,MISTI
20250530,0401,2024,AREQUIPA,AREQUIPA,20240124,101838,VT,3.7,39.7,4e-05,MISTI
20250530,0401,2024,AREQUIPA,AREQUIPA,20240124,102703,VT,3.4,51.69,8.2e-05,MISTI
20250530,0401,2024,AREQUIPA,AREQUIPA,20240124,104704,VT,4.0,43.66,4.6e-05,MISTI
20250530,0401,2024,AREQUIPA,AREQUIPA,20240125,231546,VT,3.3,12.06,1.6e-05,MISTI
20250530,0401,2024,AREQUIPA,AREQUIPA,20240126,113527,VT,3.4,23.77,2.6e-05,MISTI
20250530,0401,2024,AREQUIPA,AREQUIPA,20240126,124208,VT,2.9,13.94,2.4e-05,MISTI
20250530,0401,2024,AREQUIPA,AREQUIPA,20240126,162247,VT,4.7,12.36,4.5e-05,MISTI
20250530,0401,2024,AREQUIPA,AREQUIPA,20240127,11451,VT,3.0,41.26,0.00106,MISTI
20250530,0401,2024,AREQUIPA,AREQUIPA,20240127,11955,VT,4.7,42.56,0.00016,MISTI
20250530,0401,2024,AREQUIPA,AREQUIPA,20240127,35706,VT,5.0,31.22,4.5e-05,MISTI
20250530,0401,2024,AREQUIPA,AREQUIPA,20240127,41257,VT,3.0,22.86,3.1e-05,MISTI
20250530,0401,2024,AREQUIPA,AREQUIPA,20240127,41934,VT,3.0,33.76,3e-05,MISTI
20250530,0401,2024,AREQUIPA,AREQUIPA,20240127,44241,VT,4.6,31.16,8.7e-05,MISTI
20250530,0401,2024,AREQUIPA,AREQUIPA,20240127,44558,VT,3.1,40.14,8.4e-05,MISTI
20250530,0401,2024,AREQUIPA,AREQUIPA,20240127,50905,VT,5.0,29.07,3.9e-05,MISTI
20250530,0401,2024,AREQUIPA,AREQUIPA,20240127,51449,VT,6.4,34.02,3.8e-05,MISTI
20250530,0401,2024,AREQUIPA,AREQUIPA,20240127,55247,VT,3.8,40.22,0.001468,MISTI
20250530,0401,2024,AREQUIPA,AREQUIPA,20240127,60040,VT,3.0,53.23,9.1e-05,MISTI
20250530,0401,2024,AREQUIPA,AREQUIPA,20240127,91543,VT,3.1,30.29,5e-05,MISTI
20250530,0401,2024,AREQUIPA,AREQUIPA,20240127,194141,VT,2.9,25.35,4.6e-05,MISTI
20250530,0401,2024,AREQUIPA,AREQUIPA,20240127,225232,VT,5.2,34.41,4.4e-05,MISTI
20250530,0401,2024,AREQUIPA,AREQUIPA,20240128,31630,VT,8.4,28.74,3e-05,MISTI
20250530,0401,2024,AREQUIPA,AREQUIPA,20240128,65630,VT,5.2,37.68,3.5e-05,MISTI
20250530,0401,2024,AREQUIPA,AREQUIPA,20240128,71215,VT,5.2,41.2,4.7e-05,MISTI
20250530,0401,2024,AREQUIPA,AREQUIPA,20240128,72524,VT,4.1,58.53,0.001455,MISTI
20250530,0401,2024,AREQUIPA,AREQUIPA,20240128,90954,VT,2.9,81.13,0.000481,MISTI
20250530,0401,2024,AREQUIPA,AREQUIPA,20240128,91838,VT,2.8,33.79,6e-05,MISTI
20250530,0401,2024,AREQUIPA,AREQUIPA,20240128,170744,VT,5.3,37.21,0.000105,MISTI
20250530,0401,2024,AREQUIPA,AREQUIPA,20240128,172841,VT,2.9,23.46,0.001061,MISTI
20250530,0401,2024,AREQUIPA,AREQUIPA,20240128,222615,VT,8.5,29.62,5.2e-05,MISTI
20250530,0401,2024,AREQUIPA,AREQUIPA,20240129,2059,VT,3.8,53.81,0.000106,MISTI
20250530,0401,2024,AREQUIPA,AREQUIPA,20240129,74353,VT,3.8,29.79,6.6e-05,MISTI
20250530,0401,2024,AREQUIPA,AREQUIPA,20240129,142223,VT,2.9,45.28,7.9e-05,MISTI
20250530,0401,2024,AREQUIPA,AREQUIPA,20240129,163053,VT,3.4,43.97,0.000142,MISTI
20250530,0401,2024,AREQUIPA,AREQUIPA,20240129,194859,VT,3.7,39.54,0.000602,MISTI
20250530,0401,2024,AREQUIPA,AREQUIPA,20240129,203354,VT,4.2,51.78,0.00017,MISTI
20250530,0401,2024,AREQUIPA,AREQUIPA,20240129,204017,VT,2.9,65.01,0.000439,MISTI
20250530,0401,2024,AREQUIPA,AREQUIPA,20240130,12251,VT,4.1,38.62,0.000163,MISTI
20250530,0401,2024,AREQUIPA,AREQUIPA,20240130,80436,VT,5.9,28.75,6.2e-05,MISTI
20250530,0401,2024,AREQUIPA,AREQUIPA,20240130,132132,VT,2.9,33.96,7.5e-05,MISTI
20250530,0401,2024,AREQUIPA,AREQUIPA,20240130,185007,VT,3.4,29.02,0.00021,MISTI
20250530,0401,2024,AREQUIPA,AREQUIPA,20240130,231340,VT,5.3,34.85,3.8e-05,MISTI
20250530,0401,2024,AREQUIPA,AREQUIPA,20240131,81250,VT,2.8,44.31,3.7e-05,MISTI
20250530,0401,2024,AREQUIPA,AREQUIPA,20240131,173233,VT,2.4,62.91,0.000105,MISTI
20250530,0401,2024,AREQUIPA,AREQUIPA,20240131,200615,VT,5.2,57.65,0.000317,MISTI
20250530,0401,2024,AREQUIPA,AREQUIPA,20240131,203932,VT,4.1,49.26,0.000361,MISTI
20250530,0401,2024,AREQUIPA,AREQUIPA,20240131,210843,TO,6.8,102.29,0.024766,MISTI
20250530,0401,2024,AREQUIPA,AREQUIPA,20240201,15453,VT,4.7,74.59,0.000213,MISTI
20250530,0401,2024,AREQUIPA,AREQUIPA,20240201,22557,VT,4.1,31.01,3.2e-05,MISTI
20250530,0401,2024,AREQUIPA,AREQUIPA,20240201,54247,VT,12.5,33.02,7.8e-05,MISTI
20250530,0401,2024,AREQUIPA,AREQUIPA,20240201,102802,VT,12.5,23.95,4.3e-05,MISTI
20250530,0401,2024,AREQUIPA,AREQUIPA,20240201,122637,VT,2.9,42.82,5.7e-05,MISTI
20250530,0401,2024,AREQUIPA,AREQUIPA,20240201,134952,VT,3.8,38.01,0.000118,MISTI
20250530,0401,2024,AREQUIPA,AREQUIPA,20240202,22250,TO,5.6,142.71,0.000611,MISTI
20250530,0401,2024,AREQUIPA,AREQUIPA,20240202,55312,VT,2.9,43.62,4.8e-05,MISTI
20250530,0401,2024,AREQUIPA,AREQUIPA,20240202,80950,VT,3.8,33.68,2.9e-05,MISTI
20250530,0401,2024,AREQUIPA,AREQUIPA,20240203,31820,VT,4.3,30.79,5.2e-05,MISTI
20250530,0401,2024,AREQUIPA,AREQUIPA,20240203,55211,VT,10.0,37.29,1.9e-05,MISTI
20250530,0401,2024,AREQUIPA,AREQUIPA,20240203,105240,VT,4.1,36.03,7.1e-05,MISTI
20250530,0401,2024,AREQUIPA,AREQUIPA,20240203,141414,VT,2.4,14.32,4.1e-05,MISTI
20250530,0401,2024,AREQUIPA,AREQUIPA,20240203,171019,VT,3.1,34.99,0.000158,MISTI
20250530,0401,2024,AREQUIPA,AREQUIPA,20240203,183557,VT,3.8,30.31,3.2e-05,MISTI
20250530,0401,2024,AREQUIPA,AREQUIPA,20240203,190751,VT,2.8,23.09,4.6e-05,MISTI
20250530,0401,2024,AREQUIPA,AREQUIPA,20240203,201904,VT,4.8,30.38,8.1e-05,MISTI
20250530,0401,2024,AREQUIPA,AREQUIPA,20240203,221036,VT,4.8,34.28,5.2e-05,MISTI
20250530,0401,2024,AREQUIPA,AREQUIPA,20240204,605,VT,4.7,50.12,0.000216,MISTI
20250530,0401,2024,AREQUIPA,AREQUIPA,20240204,73217,VT,8.4,49.6,4.3e-05,MISTI
20250530,0401,2024,AREQUIPA,AREQUIPA,20240204,82236,TO,4.5,111.77,0.003015,MISTI
20250530,0401,2024,AREQUIPA,AREQUIPA,20240204,122845,VT,3.1,46.74,8.8e-05,MISTI
20250530,0401,2024,AREQUIPA,AREQUIPA,20240204,190342,VT,4.1,29.85,6.1e-05,MISTI
20250530,0401,2024,AREQUIPA,AREQUIPA,20240204,220316,VT,2.9,28.65,6.8e-05,MISTI
20250530,0401,2024,AREQUIPA,AREQUIPA,20240204,230903,VT,2.9,29.35,3.1e-05,MISTI
20250530,0401,2024,AREQUIPA,AREQUIPA,20240205,3439,VT,3.2,37.29,4.7e-05,MISTI
20250530,0401,2024,AREQUIPA,AREQUIPA,20240205,31233,TO,4.2,80.26,0.000251,MISTI
20250530,0401,2024,AREQUIPA,AREQUIPA,20240205,32052,VT,4.3,31.65,3.8e-05,MISTI
20250530,0401,2024,AREQUIPA,AREQUIPA,20240205,134720,VT,4.1,33.44,4.5e-05,MISTI
20250530,0401,2024,AREQUIPA,AREQUIPA,20240205,182646,VT,6.7,40.56,0.000899,MISTI
20250530,0401,2024,AREQUIPA,AREQUIPA,20240205,190432,VT,3.4,46.65,0.001136,MISTI
20250530,0401,2024,AREQUIPA,AREQUIPA,20240205,202428,VT,4.1,31.37,7.3e-05,MISTI
20250530,0401,2024,AREQUIPA,AREQUIPA,20240205,214116,LH,2.9,1042.12,0.141036,MISTI
20250530,0401,2024,AREQUIPA,AREQUIPA,20240205,220056,LH,3.2,3355.46,4.453177,MISTI
20250530,0401,2024,AREQUIPA,AREQUIPA,20240205,230119,LH,5.2,2427.25,0.159826,MISTI
20250530,0401,2024,AREQUIPA,AREQUIPA,20240206,20725,VT,2.9,31.6,6.4e-05,MISTI
20250530,0401,2024,AREQUIPA,AREQUIPA,20240206,64659,VT,4.1,41.58,7.3e-05,MISTI
20250530,0401,2024,AREQUIPA,AREQUIPA,20240206,105449,VT,4.1,53.33,0.000118,MISTI
20250530,0401,2024,AREQUIPA,AREQUIPA,20240207,10216,VT,4.1,51.81,0.000139,MISTI
20250530,0401,2024,AREQUIPA,AREQUIPA,20240207,42543,VT,5.2,39.14,9.5e-05,MISTI
20250530,0401,2024,AREQUIPA,AREQUIPA,20240207,42906,VT,3.4,26.12,2.6e-05,MISTI
20250530,0401,2024,AREQUIPA,AREQUIPA,20240207,54342,VT,5.5,36.99,3.6e-05,MISTI
20250530,0401,2024,AREQUIPA,AREQUIPA,20240207,60902,VT,3.5,26.48,2e-05,MISTI
20250530,0401,2024,AREQUIPA,AREQUIPA,20240207,62218,VT,4.3,47.56,4.6e-05,MISTI
20250530,0401,2024,AREQUIPA,AREQUIPA,20240207,65907,VT,3.2,36.43,5.3e-05,MISTI
20250530,0401,2024,AREQUIPA,AREQUIPA,20240207,83706,VT,3.1,42.99,7.6e-05,MISTI
20250530,0401,2024,AREQUIPA,AREQUIPA,20240207,90814,VT,4.1,27.58,3.1e-05,MISTI
20250530,0401,2024,AREQUIPA,AREQUIPA,20240207,93321,VT,9.8,26.91,5e-05,MISTI
20250530,0401,2024,AREQUIPA,AREQUIPA,20240207,103607,TO,3.5,180.14,0.00406,MISTI
20250530,0401,2024,AREQUIPA,AREQUIPA,20240210,51527,VT,3.8,26.59,7.3e-05,MISTI
20250530,0401,2024,AREQUIPA,AREQUIPA,20240210,155422,VT,6.2,23.75,0.009796,MISTI
20250530,0401,2024,AREQUIPA,AREQUIPA,20240210,181214,VT,6.0,21.93,0.001739,MISTI
20250530,0401,2024,AREQUIPA,AREQUIPA,20240211,41555,VT,3.2,19.29,2.4e-05,MISTI
20250530,0401,2024,AREQUIPA,AREQUIPA,20240211,42138,VT,3.2,35.9,5.2e-05,MISTI
20250530,0401,2024,AREQUIPA,AREQUIPA,20240211,140600,VT,3.4,35.56,9.2e-05,MISTI
20250530,0401,2024,AREQUIPA,AREQUIPA,20240211,144553,VT,4.1,37.83,8.4e-05,MISTI
20250530,0401,2024,AREQUIPA,AREQUIPA,20240211,152908,VT,3.0,30.04,4.1e-05,MISTI
20250530,0401,2024,AREQUIPA,AREQUIPA,20240211,225409,VT,3.4,24.98,2.5e-05,MISTI
20250530,0401,2024,AREQUIPA,AREQUIPA,20240211,232221,VT,3.7,32.5,0.000124,MISTI
20250530,0401,2024,AREQUIPA,AREQUIPA,20240211,233637,VT,3.8,29.53,8e-05,MISTI
20250530,0401,2024,AREQUIPA,AREQUIPA,20240211,235358,VT,3.1,31.13,3e-05,MISTI
20250530,0401,2024,AREQUIPA,AREQUIPA,20240212,55456,VT,3.7,43.49,7.9e-05,MISTI
20250530,0401,2024,AREQUIPA,AREQUIPA,20240212,63200,VT,4.1,45.38,0.001777,MISTI
20250530,0401,2024,AREQUIPA,AREQUIPA,20240212,71352,VT,3.7,27.8,3.1e-05,MISTI
20250530,0401,2024,AREQUIPA,AREQUIPA,20240212,73857,VT,5.3,30.66,5.4e-05,MISTI
20250530,0401,2024,AREQUIPA,AREQUIPA,20240212,82449,VT,5.2,47.77,7.6e-05,MISTI
20250530,0401,2024,AREQUIPA,AREQUIPA,20240212,83955,TO,4.5,128.33,0.000137,MISTI
20250530,0401,2024,AREQUIPA,AREQUIPA,20240212,191720,VT,3.4,46.0,8.2e-05,MISTI
20250530,0401,2024,AREQUIPA,AREQUIPA,20240212,193757,VT,3.1,38.38,7.6e-05,MISTI
20250530,0401,2024,AREQUIPA,AREQUIPA,20240212,211744,VT,3.8,45.29,0.004696,MISTI
20250530,0401,2024,AREQUIPA,AREQUIPA,20240212,231503,VT,5.2,73.47,0.000272,MISTI
20250530,0401,2024,AREQUIPA,AREQUIPA,20240213,55214,TO,4.6,127.14,0.005759,MISTI
20250530,0401,2024,AREQUIPA,AREQUIPA,20240213,223147,VT,3.0,45.96,7.6e-05,MISTI
20250530,0401,2024,AREQUIPA,AREQUIPA,20240213,233913,VT,3.0,28.62,4.6e-05,MISTI
20250530,0401,2024,AREQUIPA,AREQUIPA,20240213,234509,VT,4.1,31.77,4e-05,MISTI
20250530,0401,2024,AREQUIPA,AREQUIPA,20240213,235041,VT,3.7,29.62,5.1e-05,MISTI
20250530,0401,2024,AREQUIPA,AREQUIPA,20240214,11641,VT,3.1,24.14,3.1e-05,MISTI
20250530,0401,2024,AREQUIPA,AREQUIPA,20240214,20220,VT,3.4,38.92,0.000162,MISTI
20250530,0401,2024,AREQUIPA,AREQUIPA,20240214,23745,TO,5.5,174.51,0.008119,MISTI
20250530,0401,2024,AREQUIPA,AREQUIPA,20240214,30849,VT,4.1,38.87,5.9e-05,MISTI
20250530,0401,2024,AREQUIPA,AREQUIPA,20240214,55722,VT,3.1,48.41,0.000102,MISTI
20250530,0401,2024,AREQUIPA,AREQUIPA,20240214,61118,VT,3.5,44.11,6.7e-05,MISTI
20250530,0401,2024,AREQUIPA,AREQUIPA,20240214,134144,VT,2.8,34.38,6.4e-05,MISTI
20250530,0401,2024,AREQUIPA,AREQUIPA,20240214,135621,VT,2.9,41.67,5.7e-05,MISTI
20250530,0401,2024,AREQUIPA,AREQUIPA,20240214,224126,VT,5.2,77.01,0.002981,MISTI
20250530,0401,2024,AREQUIPA,AREQUIPA,20240215,13339,VT,2.9,35.25,5.2e-05,MISTI
20250530,0401,2024,AREQUIPA,AREQUIPA,20240215,13801,VT,5.3,47.82,0.000111,MISTI
20250530,0401,2024,AREQUIPA,AREQUIPA,20240215,31421,VT,4.1,43.03,9.1e-05,MISTI
20250530,0401,2024,AREQUIPA,AREQUIPA,20240215,35819,VT,3.1,49.02,0.0002,MISTI
20250530,0401,2024,AREQUIPA,AREQUIPA,20240215,43848,VT,2.8,35.5,0.000122,MISTI
20250530,0401,2024,AREQUIPA,AREQUIPA,20240215,51106,VT,4.8,42.75,3.6e-05,MISTI
20250530,0401,2024,AREQUIPA,AREQUIPA,20240215,53056,VT,4.8,34.98,2.7e-05,MISTI
20250530,0401,2024,AREQUIPA,AREQUIPA,20240215,80117,VT,3.5,30.78,4.2e-05,MISTI
20250530,0401,2024,AREQUIPA,AREQUIPA,20240215,92909,VT,3.5,37.1,4.4e-05,MISTI
20250530,0401,2024,AREQUIPA,AREQUIPA,20240215,103655,VT,4.6,38.01,3.5e-05,MISTI
20250530,0401,2024,AREQUIPA,AREQUIPA,20240215,202921,VT,3.3,34.7,0.000103,MISTI
20250530,0401,2024,AREQUIPA,AREQUIPA,20240215,232413,VT,3.1,47.49,5.8e-05,MISTI
20250530,0401,2024,AREQUIPA,AREQUIPA,20240216,84132,VT,4.3,52.97,4.8e-05,MISTI
20250530,0401,2024,AREQUIPA,AREQUIPA,20240216,150511,VT,8.4,28.84,5.5e-05,MISTI
20250530,0401,2024,AREQUIPA,AREQUIPA,20240216,213303,VT,2.9,43.34,9.2e-05,MISTI
20250530,0401,2024,AREQUIPA,AREQUIPA,20240217,45631,VT,3.8,61.69,0.000796,MISTI
20250530,0401,2024,AREQUIPA,AREQUIPA,20240217,111817,VT,2.9,41.24,0.000134,MISTI
20250530,0401,2024,AREQUIPA,AREQUIPA,20240217,114330,VT,3.3,30.78,4.2e-05,MISTI
20250530,0401,2024,AREQUIPA,AREQUIPA,20240217,114512,VT,3.8,31.03,3.4e-05,MISTI
20250530,0401,2024,AREQUIPA,AREQUIPA,20240217,133915,VT,3.0,36.91,0.000124,MISTI
20250530,0401,2024,AREQUIPA,AREQUIPA,20240217,202631,VT,2.8,35.87,0.000473,MISTI
20250530,0401,2024,AREQUIPA,AREQUIPA,20240217,205833,VT,2.9,39.95,0.000101,MISTI
20250530,0401,2024,AREQUIPA,AREQUIPA,20240217,212427,VT,5.3,82.0,0.007577,MISTI
20250530,0401,2024,AREQUIPA,AREQUIPA,20240217,213143,TO,9.2,40.29,0.001425,MISTI
20250530,0401,2024,AREQUIPA,AREQUIPA,20240217,213832,VT,2.8,93.68,0.002406,MISTI
20250530,0401,2024,AREQUIPA,AREQUIPA,20240217,215434,VT,2.9,29.02,5.9e-05,MISTI
20250530,0401,2024,AREQUIPA,AREQUIPA,20240217,220844,VT,9.8,69.31,0.000156,MISTI
20250530,0401,2024,AREQUIPA,AREQUIPA,20240217,223153,VT,3.2,55.14,7.2e-05,MISTI
20250530,0401,2024,AREQUIPA,AREQUIPA,20240219,52049,VT,4.1,43.82,4.3e-05,MISTI
20250530,0401,2024,AREQUIPA,AREQUIPA,20240219,231437,VT,3.8,40.38,0.000157,MISTI
20250530,0401,2024,AREQUIPA,AREQUIPA,20240220,2953,VT,3.2,23.1,3.1e-05,MISTI
20250530,0401,2024,AREQUIPA,AREQUIPA,20240220,22215,VT,2.9,25.98,6.8e-05,MISTI
20250530,0401,2024,AREQUIPA,AREQUIPA,20240220,60941,VT,2.9,38.6,0.000132,MISTI
20250530,0401,2024,AREQUIPA,AREQUIPA,20240221,42742,VT,3.0,47.78,0.000173,MISTI
20250530,0401,2024,AREQUIPA,AREQUIPA,20240221,43003,TO,3.5,83.25,0.001785,MISTI
20250530,0401,2024,AREQUIPA,AREQUIPA,20240221,141510,VT,5.1,46.07,0.000152,MISTI
20250530,0401,2024,AREQUIPA,AREQUIPA,20240221,192614,VT,12.0,51.83,0.000256,MISTI
20250530,0401,2024,AREQUIPA,AREQUIPA,20240222,42202,VT,5.0,38.27,5.2e-05,MISTI
20250530,0401,2024,AREQUIPA,AREQUIPA,20240222,90404,VT,3.4,40.21,8e-05,MISTI
20250530,0401,2024,AREQUIPA,AREQUIPA,20240223,2810,VT,3.4,43.53,3.8e-05,MISTI
20250530,0401,2024,AREQUIPA,AREQUIPA,20240223,35140,VT,9.8,39.17,3.1e-05,MISTI
20250530,0401,2024,AREQUIPA,AREQUIPA,20240223,42621,TO,5.1,133.79,0.007036,MISTI
20250530,0401,2024,AREQUIPA,AREQUIPA,20240223,54153,VT,3.4,68.83,5.4e-05,MISTI
20250530,0401,2024,AREQUIPA,AREQUIPA,20240223,101227,VT,3.8,38.17,4.5e-05,MISTI
20250530,0401,2024,AREQUIPA,AREQUIPA,20240223,200013,VT,2.9,23.45,0.000316,MISTI
20250530,0401,2024,AREQUIPA,AREQUIPA,20240223,222300,VT,2.9,58.9,7.5e-05,MISTI
20250530,0401,2024,AREQUIPA,AREQUIPA,20240223,223106,TO,4.5,99.2,0.001779,MISTI
20250530,0401,2024,AREQUIPA,AREQUIPA,20240224,33259,VT,3.0,47.72,9.2e-05,MISTI
20250530,0401,2024,AREQUIPA,AREQUIPA,20240224,52652,VT,4.1,46.44,3.8e-05,MISTI
20250530,0401,2024,AREQUIPA,AREQUIPA,20240224,114559,VT,3.0,31.34,0.00011,MISTI
20250530,0401,2024,AREQUIPA,AREQUIPA,20240224,161803,VT,3.8,29.83,0.000725,MISTI
20250530,0401,2024,AREQUIPA,AREQUIPA,20240225,52022,TO,4.0,133.67,0.00459,MISTI
20250530,0401,2024,AREQUIPA,AREQUIPA,20240225,212848,VT,3.5,72.79,7e-05,MISTI
20250530,0401,2024,AREQUIPA,AREQUIPA,20240226,3302,TO,3.8,175.77,0.00552,MISTI
20250530,0401,2024,AREQUIPA,AREQUIPA,20240226,73256,VT,13.6,68.01,9.8e-05,MISTI
20250530,0401,2024,AREQUIPA,AREQUIPA,20240226,75656,VT,8.8,64.4,0.010209,MISTI
20250530,0401,2024,AREQUIPA,AREQUIPA,20240226,93706,VT,3.5,48.31,6.6e-05,MISTI
20250530,0401,2024,AREQUIPA,AREQUIPA,20240226,145024,VT,3.4,63.59,0.002684,MISTI
20250530,0401,2024,AREQUIPA,AREQUIPA,20240226,224137,VT,3.0,48.26,7.6e-05,MISTI
20250530,0401,2024,AREQUIPA,AREQUIPA,20240227,2157,VT,3.8,61.23,0.000126,MISTI
20250530,0401,2024,AREQUIPA,AREQUIPA,20240227,120935,VT,2.5,40.57,9e-05,MISTI
20250530,0401,2024,AREQUIPA,AREQUIPA,20240228,15118,VT,4.1,37.49,5e-05,MISTI
20250530,0401,2024,AREQUIPA,AREQUIPA,20240228,64329,VT,4.3,50.46,3.8e-05,MISTI
20250530,0401,2024,AREQUIPA,AREQUIPA,20240228,101957,VT,4.3,52.95,4.6e-05,MISTI
20250530,0401,2024,AREQUIPA,AREQUIPA,20240228,140447,VT,3.0,41.17,0.000431,MISTI
20250530,0401,2024,AREQUIPA,AREQUIPA,20240228,143944,VT,2.8,50.56,0.000103,MISTI
20250530,0401,2024,AREQUIPA,AREQUIPA,20240228,154758,VT,3.1,55.61,0.000821,MISTI
20250530,0401,2024,AREQUIPA,AREQUIPA,20240228,174416,TO,4.1,120.92,0.003272,MISTI
20250530,0401,2024,AREQUIPA,AREQUIPA,20240229,11807,VT,3.7,64.65,8.9e-05,MISTI
20250530,0401,2024,AREQUIPA,AREQUIPA,20240229,24251,VT,3.2,23.19,3.7e-05,MISTI
20250530,0401,2024,AREQUIPA,AREQUIPA,20240229,24700,VT,3.4,25.63,3.1e-05,MISTI
20250530,0401,2024,AREQUIPA,AREQUIPA,20240229,63056,VT,4.1,43.2,4.6e-05,MISTI
20250530,0401,2024,AREQUIPA,AREQUIPA,20240229,72858,VT,4.1,19.46,3.6e-05,MISTI
20250530,0401,2024,AREQUIPA,AREQUIPA,20240229,80835,VT,4.7,22.97,6.2e-05,MISTI
20250530,0401,2024,AREQUIPA,AREQUIPA,20240229,80924,VT,12.7,14.35,1.9e-05,MISTI
20250530,0401,2024,AREQUIPA,AREQUIPA,20240229,82616,VT,4.2,19.61,2.2e-05,MISTI
20250530,0401,2024,AREQUIPA,AREQUIPA,20240229,90554,VT,4.1,25.08,4.3e-05,MISTI
20250530,0401,2024,AREQUIPA,AREQUIPA,20240229,90714,VT,4.1,50.66,0.000407,MISTI
20250530,0401,2024,AREQUIPA,AREQUIPA,20240229,91308,VT,3.8,25.3,3e-05,MISTI
20250530,0401,2024,AREQUIPA,AREQUIPA,20240229,92136,VT,3.1,19.73,0.00018,MISTI
20250530,0401,2024,AREQUIPA,AREQUIPA,20240229,93225,VT,2.9,17.36,2.1e-05,MISTI
20250530,0401,2024,AREQUIPA,AREQUIPA,20240229,94009,VT,2.9,47.13,5.8e-05,MISTI
20250530,0401,2024,AREQUIPA,AREQUIPA,20240229,100248,VT,4.2,15.16,2.3e-05,MISTI
20250530,0401,2024,AREQUIPA,AREQUIPA,20240229,102433,VT,3.8,23.43,6.4e-05,MISTI
20250530,0401,2024,AREQUIPA,AREQUIPA,20240229,104241,VT,3.4,18.04,3.4e-05,MISTI
20250530,0401,2024,AREQUIPA,AREQUIPA,20240229,105859,VT,6.4,17.84,2.9e-05,MISTI
20250530,0401,2024,AREQUIPA,AREQUIPA,20240229,121434,VT,5.3,20.53,0.000188,MISTI
20250530,0401,2024,AREQUIPA,AREQUIPA,20240229,183718,VT,9.8,55.06,0.003562,MISTI
20250530,0401,2024,AREQUIPA,AREQUIPA,20240229,202204,VT,5.4,27.18,0.000604,MISTI
20250530,0401,2024,AREQUIPA,AREQUIPA,20240229,232033,VT,4.1,22.13,0.000241,MISTI
20250530,0401,2024,AREQUIPA,AREQUIPA,20240301,1827,TO,3.2,23.39,6e-05,MISTI
20250530,0401,2024,AREQUIPA,AREQUIPA,20240301,74456,VT,3.9,22.11,3.5e-05,MISTI
20250530,0401,2024,AREQUIPA,AREQUIPA,20240301,92551,VT,3.4,50.3,0.000921,MISTI
20250530,0401,2024,AREQUIPA,AREQUIPA,20240301,94135,VT,4.7,17.72,0.00022,MISTI
20250530,0401,2024,AREQUIPA,AREQUIPA,20240301,94750,VT,3.3,28.9,0.000473,MISTI
20250530,0401,2024,AREQUIPA,AREQUIPA,20240301,113407,TO,4.5,71.98,0.001984,MISTI
20250530,0401,2024,AREQUIPA,AREQUIPA,20240301,121727,VT,3.2,11.91,1.7e-05,MISTI
20250530,0401,2024,AREQUIPA,AREQUIPA,20240301,123057,VT,3.8,28.9,0.000321,MISTI
20250530,0401,2024,AREQUIPA,AREQUIPA,20240301,133215,VT,3.2,17.94,3.8e-05,MISTI
20250530,0401,2024,AREQUIPA,AREQUIPA,20240301,133442,VT,2.7,18.64,0.000278,MISTI
20250530,0401,2024,AREQUIPA,AREQUIPA,20240301,134622,VT,4.4,26.74,0.000531,MISTI
20250530,0401,2024,AREQUIPA,AREQUIPA,20240301,140334,VT,3.3,21.57,0.000134,MISTI
20250530,0401,2024,AREQUIPA,AREQUIPA,20240301,191642,VD,4.0,45.58,0.001326,MISTI
20250530,0401,2024,AREQUIPA,AREQUIPA,20240301,203408,TO,9.7,12.07,0.000738,MISTI
20250530,0401,2024,AREQUIPA,AREQUIPA,20240301,212911,VT,4.5,11.65,0.000118,MISTI
20250530,0401,2024,AREQUIPA,AREQUIPA,20240302,184316,VT,6.2,15.69,0.000423,MISTI
20250530,0401,2024,AREQUIPA,AREQUIPA,20240303,22047,VT,3.6,14.64,2e-05,MISTI
20250530,0401,2024,AREQUIPA,AREQUIPA,20240303,31151,VT,3.1,16.91,0.000765,MISTI
20250530,0401,2024,AREQUIPA,AREQUIPA,20240303,31454,VT,3.5,22.08,0.000305,MISTI
20250530,0401,2024,AREQUIPA,AREQUIPA,20240303,71437,VT,3.2,27.32,0.000597,MISTI
20250530,0401,2024,AREQUIPA,AREQUIPA,20240303,110241,VT,3.1,16.8,4e-05,MISTI
20250530,0401,2024,AREQUIPA,AREQUIPA,20240303,121114,VT,7.6,15.43,5.5e-05,MISTI
20250530,0401,2024,AREQUIPA,AREQUIPA,20240303,131745,VT,3.8,25.12,0.000628,MISTI
20250530,0401,2024,AREQUIPA,AREQUIPA,20240303,132605,VT,4.7,10.13,0.000135,MISTI
20250530,0401,2024,AREQUIPA,AREQUIPA,20240303,133259,VT,8.8,17.23,0.000292,MISTI
20250530,0401,2024,AREQUIPA,AREQUIPA,20240303,141428,VT,8.5,14.25,0.000136,MISTI
20250530,0401,2024,AREQUIPA,AREQUIPA,20240303,142428,VT,6.2,14.61,7e-05,MISTI
20250530,0401,2024,AREQUIPA,AREQUIPA,20240303,144442,VT,4.8,19.01,0.000343,MISTI
20250530,0401,2024,AREQUIPA,AREQUIPA,20240303,154537,VT,4.7,20.43,5.2e-05,MISTI
20250530,0401,2024,AREQUIPA,AREQUIPA,20240304,105312,VT,5.2,13.44,2.7e-05,MISTI
20250530,0401,2024,AREQUIPA,AREQUIPA,20240304,140645,VT,8.4,12.79,3.5e-05,MISTI
20250530,0401,2024,AREQUIPA,AREQUIPA,20240304,152613,VT,4.1,24.18,0.000469,MISTI
20250530,0401,2024,AREQUIPA,AREQUIPA,20240304,152849,VT,3.5,15.03,3.7e-05,MISTI
20250530,0401,2024,AREQUIPA,AREQUIPA,20240304,155748,VT,3.4,15.86,3.5e-05,MISTI
20250530,0401,2024,AREQUIPA,AREQUIPA,20240304,162106,VT,4.1,23.18,0.000509,MISTI
20250530,0401,2024,AREQUIPA,AREQUIPA,20240304,224411,VT,5.2,27.85,8.7e-05,MISTI
20250530,0401,2024,AREQUIPA,AREQUIPA,20240304,225853,VT,3.8,35.28,9.7e-05,MISTI
20250530,0401,2024,AREQUIPA,AREQUIPA,20240304,235150,VT,8.4,18.34,3.1e-05,MISTI
20250530,0401,2024,AREQUIPA,AREQUIPA,20240305,15222,VT,4.8,48.88,5.8e-05,MISTI
20250530,0401,2024,AREQUIPA,AREQUIPA,20240305,20647,VT,4.1,42.69,6.1e-05,MISTI
20250530,0401,2024,AREQUIPA,AREQUIPA,20240305,21147,VT,2.9,29.02,7e-05,MISTI
20250530,0401,2024,AREQUIPA,AREQUIPA,20240305,21403,VT,2.9,30.52,4.2e-05,MISTI
20250530,0401,2024,AREQUIPA,AREQUIPA,20240305,21836,VT,3.4,29.51,2.7e-05,MISTI
20250530,0401,2024,AREQUIPA,AREQUIPA,20240305,25513,VT,2.9,50.36,8.3e-05,MISTI
20250530,0401,2024,AREQUIPA,AREQUIPA,20240305,32258,VT,3.0,20.58,4e-05,MISTI
20250530,0401,2024,AREQUIPA,AREQUIPA,20240305,32338,VT,3.4,30.59,4e-05,MISTI
20250530,0401,2024,AREQUIPA,AREQUIPA,20240305,35743,VT,2.9,54.27,8e-05,MISTI
20250530,0401,2024,AREQUIPA,AREQUIPA,20240305,53910,VT,3.2,99.25,0.000103,MISTI
20250530,0401,2024,AREQUIPA,AREQUIPA,20240305,103602,VT,3.2,85.8,0.000182,MISTI
20250530,0401,2024,AREQUIPA,AREQUIPA,20240305,195314,LH,3.1,360.62,0.013474,MISTI
20250530,0401,2024,AREQUIPA,AREQUIPA,20240305,200035,LH,2.8,1691.6,0.195404,MISTI
20250530,0401,2024,AREQUIPA,AREQUIPA,20240306,22412,VT,3.8,207.48,0.000135,MISTI
20250530,0401,2024,AREQUIPA,AREQUIPA,20240306,24930,VT,5.4,43.38,0.000127,MISTI
20250530,0401,2024,AREQUIPA,AREQUIPA,20240306,32152,VT,3.4,150.71,8.8e-05,MISTI
20250530,0401,2024,AREQUIPA,AREQUIPA,20240306,54301,VT,3.4,117.24,6.6e-05,MISTI
20250530,0401,2024,AREQUIPA,AREQUIPA,20240306,65130,VT,3.2,182.39,9.3e-05,MISTI
20250530,0401,2024,AREQUIPA,AREQUIPA,20240306,73645,VT,3.4,231.75,0.000113,MISTI
20250530,0401,2024,AREQUIPA,AREQUIPA,20240306,121816,VT,2.9,45.29,0.000178,MISTI
20250530,0401,2024,AREQUIPA,AREQUIPA,20240306,134706,VT,3.1,66.91,0.000456,MISTI
20250530,0401,2024,AREQUIPA,AREQUIPA,20240306,151240,VT,2.7,29.41,3.4e-05,MISTI
20250530,0401,2024,AREQUIPA,AREQUIPA,20240306,163119,VT,3.2,34.0,0.000104,MISTI
20250530,0401,2024,AREQUIPA,AREQUIPA,20240306,165253,VT,2.7,24.06,3.6e-05,MISTI
20250530,0401,2024,AREQUIPA,AREQUIPA,20240306,175239,VT,4.1,56.94,0.000177,MISTI
20250530,0401,2024,AREQUIPA,AREQUIPA,20240306,180839,VT,4.9,48.83,0.000361,MISTI
20250530,0401,2024,AREQUIPA,AREQUIPA,20240306,190138,VT,4.1,27.6,8.2e-05,MISTI
20250530,0401,2024,AREQUIPA,AREQUIPA,20240306,230025,VT,4.5,48.56,0.000108,MISTI
20250530,0401,2024,AREQUIPA,AREQUIPA,20240306,231411,VT,3.8,68.23,0.000107,MISTI
20250530,0401,2024,AREQUIPA,AREQUIPA,20240307,3500,VT,3.2,47.1,4.1e-05,MISTI
20250530,0401,2024,AREQUIPA,AREQUIPA,20240307,12133,VT,2.9,28.16,5.7e-05,MISTI
20250530,0401,2024,AREQUIPA,AREQUIPA,20240307,23457,VT,3.8,53.11,7.5e-05,MISTI
20250530,0401,2024,AREQUIPA,AREQUIPA,20240307,173257,VT,5.5,128.42,0.019102,MISTI
20250530,0401,2024,AREQUIPA,AREQUIPA,20240307,195927,VT,4.2,28.2,0.000892,MISTI
20250530,0401,2024,AREQUIPA,AREQUIPA,20240308,701,VT,3.1,42.75,0.000174,MISTI
20250530,0401,2024,AREQUIPA,AREQUIPA,20240308,12913,VT,3.0,42.54,0.000125,MISTI
20250530,0401,2024,AREQUIPA,AREQUIPA,20240308,15617,VT,3.5,56.0,8e-05,MISTI
20250530,0401,2024,AREQUIPA,AREQUIPA,20240308,35242,VT,3.8,56.76,0.001756,MISTI
20250530,0401,2024,AREQUIPA,AREQUIPA,20240308,134529,VT,2.6,180.24,0.026972,MISTI
20250530,0401,2024,AREQUIPA,AREQUIPA,20240308,213619,VT,4.1,45.13,0.02407,MISTI
20250530,0401,2024,AREQUIPA,AREQUIPA,20240310,44453,VT,3.2,17.73,0.001485,MISTI
20250530,0401,2024,AREQUIPA,AREQUIPA,20240311,192157,VT,4.1,57.0,0.000301,MISTI
20250530,0401,2024,AREQUIPA,AREQUIPA,20240311,192908,VT,4.2,37.75,0.000418,MISTI
20250530,0401,2024,AREQUIPA,AREQUIPA,20240311,193825,VT,3.8,47.06,0.000817,MISTI
20250530,0401,2024,AREQUIPA,AREQUIPA,20240312,234625,VT,2.8,68.51,0.005517,MISTI
20250530,0401,2024,AREQUIPA,AREQUIPA,20240313,184412,VT,5.4,114.39,0.065015,MISTI
20250530,0401,2024,AREQUIPA,AREQUIPA,20240313,192913,VT,3.4,59.66,0.002273,MISTI
20250530,0401,2024,AREQUIPA,AREQUIPA,20240314,25709,VT,3.0,54.92,0.000169,MISTI
20250530,0401,2024,AREQUIPA,AREQUIPA,20240314,33209,VT,3.0,43.69,0.000235,MISTI
20250530,0401,2024,AREQUIPA,AREQUIPA,20240315,85225,TO,2.8,133.8,0.017595,MISTI
20250530,0401,2024,AREQUIPA,AREQUIPA,20240315,202611,VT,4.5,61.54,0.000604,MISTI
20250530,0401,2024,AREQUIPA,AREQUIPA,20240316,123044,VT,2.8,41.7,0.000128,MISTI
20250530,0401,2024,AREQUIPA,AREQUIPA,20240316,144747,VT,3.8,79.02,0.000856,MISTI
20250530,0401,2024,AREQUIPA,AREQUIPA,20240317,54419,VT,4.0,24.05,4.5e-05,MISTI
20250530,0401,2024,AREQUIPA,AREQUIPA,20240317,75322,VT,5.3,37.15,0.000116,MISTI
20250530,0401,2024,AREQUIPA,AREQUIPA,20240317,92642,VT,2.9,34.43,0.000101,MISTI
20250530,0401,2024,AREQUIPA,AREQUIPA,20240317,112036,VT,2.9,40.26,0.000107,MISTI
20250530,0401,2024,AREQUIPA,AREQUIPA,20240317,163854,VT,4.9,45.33,0.002857,MISTI
20250530,0401,2024,AREQUIPA,AREQUIPA,20240318,14504,VT,3.4,37.88,6.5e-05,MISTI
20250530,0401,2024,AREQUIPA,AREQUIPA,20240318,23511,VT,3.1,45.78,8.4e-05,MISTI
20250530,0401,2024,AREQUIPA,AREQUIPA,20240318,25728,VT,3.0,49.99,0.000152,MISTI
20250530,0401,2024,AREQUIPA,AREQUIPA,20240318,31211,VT,7.7,29.08,8.5e-05,MISTI
20250530,0401,2024,AREQUIPA,AREQUIPA,20240318,32003,VT,2.9,41.24,0.000118,MISTI
20250530,0401,2024,AREQUIPA,AREQUIPA,20240318,42837,TO,4.0,89.54,0.001428,MISTI
20250530,0401,2024,AREQUIPA,AREQUIPA,20240321,201824,VT,2.7,11.84,0.001129,MISTI
20250530,0401,2024,AREQUIPA,AREQUIPA,20240322,114333,VT,2.8,98.04,0.003627,MISTI
20250530,0401,2024,AREQUIPA,AREQUIPA,20240325,140626,ST,2.9,179.81,0.012142,MISTI
20250530,0401,2024,AREQUIPA,AREQUIPA,20240326,140704,VT,2.9,69.85,0.003106,MISTI
20250530,0401,2024,AREQUIPA,AREQUIPA,20240327,74924,VT,3.1,61.18,0.001446,MISTI
20250530,0401,2024,AREQUIPA,AREQUIPA,20240327,102252,VT,12.1,42.77,0.000488,MISTI
20250530,0401,2024,AREQUIPA,AREQUIPA,20240327,103234,VT,4.1,64.02,0.001179,MISTI
20250530,0401,2024,AREQUIPA,AREQUIPA,20240327,131848,VT,3.0,108.48,0.00165,MISTI
20250530,0401,2024,AREQUIPA,AREQUIPA,20240327,145617,VT,2.9,27.21,0.000245,MISTI
20250530,0401,2024,AREQUIPA,AREQUIPA,20240328,30638,VT,3.0,37.87,9.2e-05,MISTI
20250530,0401,2024,AREQUIPA,AREQUIPA,20240328,64831,VT,8.9,31.45,5.8e-05,MISTI
20250530,0401,2024,AREQUIPA,AREQUIPA,20240328,70554,VT,3.7,57.42,8.4e-05,MISTI
20250530,0401,2024,AREQUIPA,AREQUIPA,20240328,71459,VT,3.6,33.57,6.8e-05,MISTI
20250530,0401,2024,AREQUIPA,AREQUIPA,20240328,82210,VT,3.4,43.38,5.7e-05,MISTI
20250530,0401,2024,AREQUIPA,AREQUIPA,20240328,95750,VT,3.7,29.42,4.9e-05,MISTI
20250530,0401,2024,AREQUIPA,AREQUIPA,20240328,201052,VT,2.9,19.74,0.000316,MISTI
20250530,0401,2024,AREQUIPA,AREQUIPA,20240328,201110,VT,3.7,43.37,0.000498,MISTI
20250530,0401,2024,AREQUIPA,AREQUIPA,20240328,215406,VT,3.0,39.02,0.000942,MISTI
20250530,0401,2024,AREQUIPA,AREQUIPA,20240328,222420,VT,2.9,40.41,0.0002,MISTI
20250530,0401,2024,AREQUIPA,AREQUIPA,20240328,223640,VT,3.0,36.23,0.000453,MISTI
20250530,0401,2024,AREQUIPA,AREQUIPA,20240329,21440,VT,3.2,34.39,0.001013,MISTI
20250530,0401,2024,AREQUIPA,AREQUIPA,20240402,130906,VT,2.7,32.99,0.00049,MISTI
20250530,0401,2024,AREQUIPA,AREQUIPA,20240402,153612,VT,4.0,45.13,0.000315,MISTI
20250530,0401,2024,AREQUIPA,AREQUIPA,20240402,153619,VT,3.2,36.82,0.000291,MISTI
20250530,0401,2024,AREQUIPA,AREQUIPA,20240403,125538,VT,3.2,34.78,9.9e-05,MISTI
20250530,0401,2024,AREQUIPA,AREQUIPA,20240403,220502,VT,2.9,36.74,0.00011,MISTI
20250530,0401,2024,AREQUIPA,AREQUIPA,20240403,220509,VT,2.9,11.22,0.000164,MISTI
20250530,0401,2024,AREQUIPA,AREQUIPA,20240403,220728,VT,2.9,42.51,0.000149,MISTI
20250530,0401,2024,AREQUIPA,AREQUIPA,20240403,225043,VT,3.0,37.85,5.7e-05,MISTI
20250530,0401,2024,AREQUIPA,AREQUIPA,20240403,225247,VT,3.4,43.49,0.000115,MISTI
20250530,0401,2024,AREQUIPA,AREQUIPA,20240403,231556,VT,2.8,55.28,5.9e-05,MISTI
20250530,0401,2024,AREQUIPA,AREQUIPA,20240404,93945,VT,5.4,58.16,0.000965,MISTI
20250530,0401,2024,AREQUIPA,AREQUIPA,20240404,215303,VT,2.6,40.71,9.4e-05,MISTI
20250530,0401,2024,AREQUIPA,AREQUIPA,20240404,215658,VT,3.0,42.69,6.7e-05,MISTI
20250530,0401,2024,AREQUIPA,AREQUIPA,20240404,232234,VT,2.8,69.14,0.00011,MISTI
20250530,0401,2024,AREQUIPA,AREQUIPA,20240405,13615,VT,3.1,45.38,7.3e-05,MISTI
20250530,0401,2024,AREQUIPA,AREQUIPA,20240405,14620,VT,5.2,20.37,4.5e-05,MISTI
20250530,0401,2024,AREQUIPA,AREQUIPA,20240405,24339,VT,4.7,19.05,5.9e-05,MISTI
20250530,0401,2024,AREQUIPA,AREQUIPA,20240405,72324,VT,9.7,14.59,2.9e-05,MISTI
20250530,0401,2024,AREQUIPA,AREQUIPA,20240406,84012,VT,2.6,24.09,5.7e-05,MISTI
20250530,0401,2024,AREQUIPA,AREQUIPA,20240406,84947,VT,3.1,101.84,0.000325,MISTI
20250530,0401,2024,AREQUIPA,AREQUIPA,20240406,153822,VT,3.4,70.19,0.000476,MISTI
20250530,0401,2024,AREQUIPA,AREQUIPA,20240407,3304,VT,4.4,50.3,0.00015,MISTI
20250530,0401,2024,AREQUIPA,AREQUIPA,20240407,82420,TO,4.1,125.59,0.001936,MISTI
20250530,0401,2024,AREQUIPA,AREQUIPA,20240407,182653,VT,3.6,60.03,0.0007,MISTI
20250530,0401,2024,AREQUIPA,AREQUIPA,20240407,213931,VT,3.9,78.17,0.000351,MISTI
20250530,0401,2024,AREQUIPA,AREQUIPA,20240408,31301,VT,4.5,18.98,5.6e-05,MISTI
20250530,0401,2024,AREQUIPA,AREQUIPA,20240409,83630,VT,3.2,39.66,0.000434,MISTI
20250530,0401,2024,AREQUIPA,AREQUIPA,20240410,13243,VT,3.2,43.21,0.000179,MISTI
20250530,0401,2024,AREQUIPA,AREQUIPA,20240410,75826,VT,4.1,62.66,0.004096,MISTI
20250530,0401,2024,AREQUIPA,AREQUIPA,20240410,95546,VT,3.2,46.07,0.000241,MISTI
20250530,0401,2024,AREQUIPA,AREQUIPA,20240411,55215,VT,2.8,34.01,0.00015,MISTI
20250530,0401,2024,AREQUIPA,AREQUIPA,20240411,123814,VT,2.8,42.56,0.000249,MISTI
20250530,0401,2024,AREQUIPA,AREQUIPA,20240412,25538,VT,3.6,52.23,0.001132,MISTI
20250530,0401,2024,AREQUIPA,AREQUIPA,20240413,85433,VT,4.0,29.56,0.000108,MISTI
20250530,0401,2024,AREQUIPA,AREQUIPA,20240414,2802,VT,5.5,56.71,0.000128,MISTI
20250530,0401,2024,AREQUIPA,AREQUIPA,20240414,62812,VT,5.5,42.93,0.000641,MISTI
20250530,0401,2024,AREQUIPA,AREQUIPA,20240414,64825,VT,3.5,49.03,0.00019,MISTI
20250530,0401,2024,AREQUIPA,AREQUIPA,20240415,43315,VT,5.4,79.91,0.000635,MISTI
20250530,0401,2024,AREQUIPA,AREQUIPA,20240416,713,VT,5.3,34.64,8.3e-05,MISTI
20250530,0401,2024,AREQUIPA,AREQUIPA,20240416,719,VT,5.3,24.44,6.3e-05,MISTI
20250530,0401,2024,AREQUIPA,AREQUIPA,20240416,24304,VT,3.2,50.44,9.1e-05,MISTI
20250530,0401,2024,AREQUIPA,AREQUIPA,20240416,64602,VT,4.0,105.37,0.000927,MISTI
20250530,0401,2024,AREQUIPA,AREQUIPA,20240416,65013,VT,4.8,37.3,7.1e-05,MISTI
20250530,0401,2024,AREQUIPA,AREQUIPA,20240416,71127,VT,2.9,45.58,0.000132,MISTI
20250530,0401,2024,AREQUIPA,AREQUIPA,20240416,73328,VT,2.8,57.82,9.6e-05,MISTI
20250530,0401,2024,AREQUIPA,AREQUIPA,20240416,81357,VT,3.8,40.71,0.000206,MISTI
20250530,0401,2024,AREQUIPA,AREQUIPA,20240416,104011,VT,5.5,47.46,0.000144,MISTI
20250530,0401,2024,AREQUIPA,AREQUIPA,20240416,111541,VT,5.2,33.77,0.000133,MISTI
20250530,0401,2024,AREQUIPA,AREQUIPA,20240416,164045,VT,5.5,39.02,0.000107,MISTI
20250530,0401,2024,AREQUIPA,AREQUIPA,20240416,231414,VT,2.9,53.34,7.7e-05,MISTI
20250530,0401,2024,AREQUIPA,AREQUIPA,20240416,235208,VT,3.4,52.59,6.4e-05,MISTI
20250530,0401,2024,AREQUIPA,AREQUIPA,20240417,10630,VT,3.5,27.68,3.8e-05,MISTI
20250530,0401,2024,AREQUIPA,AREQUIPA,20240417,12019,VT,2.9,66.62,0.000101,MISTI
20250530,0401,2024,AREQUIPA,AREQUIPA,20240417,112210,VT,5.5,35.31,5.7e-05,MISTI
20250530,0401,2024,AREQUIPA,AREQUIPA,20240417,180402,VT,5.4,29.94,8.6e-05,MISTI
20250530,0401,2024,AREQUIPA,AREQUIPA,20240418,51929,VT,3.8,42.82,4e-05,MISTI
20250530,0401,2024,AREQUIPA,AREQUIPA,20240418,60640,VT,8.5,33.14,2.4e-05,MISTI
20250530,0401,2024,AREQUIPA,AREQUIPA,20240418,64826,VT,3.8,41.4,2.3e-05,MISTI
20250530,0401,2024,AREQUIPA,AREQUIPA,20240418,71039,VT,2.8,37.15,3.2e-05,MISTI
20250530,0401,2024,AREQUIPA,AREQUIPA,20240418,74559,VT,2.9,54.82,8e-05,MISTI
20250530,0401,2024,AREQUIPA,AREQUIPA,20240418,92751,VT,3.5,34.75,4.3e-05,MISTI
20250530,0401,2024,AREQUIPA,AREQUIPA,20240418,223616,VT,3.8,49.69,0.001028,MISTI
20250530,0401,2024,AREQUIPA,AREQUIPA,20240418,234425,VT,3.5,34.09,3.9e-05,MISTI
20250530,0401,2024,AREQUIPA,AREQUIPA,20240419,230230,VT,5.3,41.47,6.7e-05,MISTI
20250530,0401,2024,AREQUIPA,AREQUIPA,20240420,4640,VT,3.4,41.06,3.1e-05,MISTI
20250530,0401,2024,AREQUIPA,AREQUIPA,20240420,52457,VT,4.8,128.12,0.000223,MISTI
20250530,0401,2024,AREQUIPA,AREQUIPA,20240420,60252,VT,3.7,40.63,2.8e-05,MISTI
20250530,0401,2024,AREQUIPA,AREQUIPA,20240420,64949,VT,2.8,61.57,9.2e-05,MISTI
20250530,0401,2024,AREQUIPA,AREQUIPA,20240420,74520,VT,4.8,64.16,5.1e-05,MISTI
20250530,0401,2024,AREQUIPA,AREQUIPA,20240420,84335,VT,3.8,44.71,3.1e-05,MISTI
20250530,0401,2024,AREQUIPA,AREQUIPA,20240420,84901,VT,3.0,52.07,4.1e-05,MISTI
20250530,0401,2024,AREQUIPA,AREQUIPA,20240420,90321,VT,6.4,65.86,0.000305,MISTI
20250530,0401,2024,AREQUIPA,AREQUIPA,20240420,101013,VT,3.8,36.35,2.3e-05,MISTI
20250530,0401,2024,AREQUIPA,AREQUIPA,20240420,105645,VT,2.7,53.02,4.9e-05,MISTI
20250530,0401,2024,AREQUIPA,AREQUIPA,20240420,113130,VT,3.0,75.62,5.9e-05,MISTI
20250530,0401,2024,AREQUIPA,AREQUIPA,20240420,123741,VT,6.3,57.61,0.000117,MISTI
20250530,0401,2024,AREQUIPA,AREQUIPA,20240420,192203,VT,2.9,48.26,0.000105,MISTI
20250530,0401,2024,AREQUIPA,AREQUIPA,20240420,211419,VT,4.2,53.44,6.4e-05,MISTI
20250530,0401,2024,AREQUIPA,AREQUIPA,20240420,224536,VT,5.7,40.81,0.00014,MISTI
20250530,0401,2024,AREQUIPA,AREQUIPA,20240420,232037,VT,4.7,107.97,0.001126,MISTI
20250530,0401,2024,AREQUIPA,AREQUIPA,20240420,235127,VT,3.1,48.94,3.5e-05,MISTI
20250530,0401,2024,AREQUIPA,AREQUIPA,20240421,10523,VT,3.1,43.16,4.6e-05,MISTI
20250530,0401,2024,AREQUIPA,AREQUIPA,20240421,10944,VT,2.8,40.23,2.8e-05,MISTI
20250530,0401,2024,AREQUIPA,AREQUIPA,20240421,13255,VT,3.0,61.27,4.1e-05,MISTI
20250530,0401,2024,AREQUIPA,AREQUIPA,20240421,30935,VT,3.2,22.33,1.7e-05,MISTI
20250530,0401,2024,AREQUIPA,AREQUIPA,20240421,31000,VT,3.1,35.71,4.1e-05,MISTI
20250530,0401,2024,AREQUIPA,AREQUIPA,20240421,31308,VT,3.5,41.3,3.7e-05,MISTI
20250530,0401,2024,AREQUIPA,AREQUIPA,20240421,32508,VT,2.8,34.37,2.9e-05,MISTI
20250530,0401,2024,AREQUIPA,AREQUIPA,20240421,34722,VT,4.2,73.35,5.1e-05,MISTI
20250530,0401,2024,AREQUIPA,AREQUIPA,20240421,53524,VT,3.2,98.69,9.9e-05,MISTI
20250530,0401,2024,AREQUIPA,AREQUIPA,20240421,83812,VT,3.0,30.51,7.3e-05,MISTI
20250530,0401,2024,AREQUIPA,AREQUIPA,20240421,84525,VT,3.4,58.01,0.000132,MISTI
20250530,0401,2024,AREQUIPA,AREQUIPA,20240421,94012,VT,3.0,39.73,5.7e-05,MISTI
20250530,0401,2024,AREQUIPA,AREQUIPA,20240421,102837,VT,2.9,77.45,0.000127,MISTI
20250530,0401,2024,AREQUIPA,AREQUIPA,20240421,111437,VT,3.1,25.0,3.4e-05,MISTI
20250530,0401,2024,AREQUIPA,AREQUIPA,20240421,120434,VT,3.7,40.2,6.1e-05,MISTI
20250530,0401,2024,AREQUIPA,AREQUIPA,20240421,131840,VT,2.9,64.12,0.000136,MISTI
20250530,0401,2024,AREQUIPA,AREQUIPA,20240421,132607,VT,5.3,41.39,4.8e-05,MISTI
20250530,0401,2024,AREQUIPA,AREQUIPA,20240421,134400,VT,2.8,58.71,7e-05,MISTI
20250530,0401,2024,AREQUIPA,AREQUIPA,20240421,160703,VT,8.8,67.82,0.008455,MISTI
20250530,0401,2024,AREQUIPA,AREQUIPA,20240421,181503,VT,2.9,59.77,0.000234,MISTI
20250530,0401,2024,AREQUIPA,AREQUIPA,20240421,233020,VT,3.2,56.25,6.6e-05,MISTI
20250530,0401,2024,AREQUIPA,AREQUIPA,20240422,72149,VT,3.4,47.45,4.5e-05,MISTI
20250530,0401,2024,AREQUIPA,AREQUIPA,20240422,142936,VT,3.6,32.02,4.8e-05,MISTI
20250530,0401,2024,AREQUIPA,AREQUIPA,20240422,222834,VT,2.8,45.77,6e-05,MISTI
20250530,0401,2024,AREQUIPA,AREQUIPA,20240422,224154,VT,3.0,49.45,6.7e-05,MISTI
20250530,0401,2024,AREQUIPA,AREQUIPA,20240422,225550,VT,4.2,53.4,4.7e-05,MISTI
20250530,0401,2024,AREQUIPA,AREQUIPA,20240423,10103,VT,3.4,20.61,3.1e-05,MISTI
20250530,0401,2024,AREQUIPA,AREQUIPA,20240423,10844,VT,3.0,26.1,3.5e-05,MISTI
20250530,0401,2024,AREQUIPA,AREQUIPA,20240423,20640,VT,3.4,42.81,5.2e-05,MISTI
20250530,0401,2024,AREQUIPA,AREQUIPA,20240423,90751,VT,3.3,42.99,6e-05,MISTI
20250530,0401,2024,AREQUIPA,AREQUIPA,20240423,115523,VT,3.0,55.2,8e-05,MISTI
20250530,0401,2024,AREQUIPA,AREQUIPA,20240423,135050,VT,5.6,36.81,5e-05,MISTI
20250530,0401,2024,AREQUIPA,AREQUIPA,20240423,165032,VT,3.8,58.48,0.000132,MISTI
20250530,0401,2024,AREQUIPA,AREQUIPA,20240423,171035,VT,3.7,62.64,0.000173,MISTI
20250530,0401,2024,AREQUIPA,AREQUIPA,20240423,185442,VT,13.0,47.45,0.001753,MISTI
20250530,0401,2024,AREQUIPA,AREQUIPA,20240423,203810,VT,2.8,60.77,0.000204,MISTI
20250530,0401,2024,AREQUIPA,AREQUIPA,20240424,23542,VT,8.5,83.89,0.001044,MISTI
20250530,0401,2024,AREQUIPA,AREQUIPA,20240424,41530,VT,2.9,44.22,3.1e-05,MISTI
20250530,0401,2024,AREQUIPA,AREQUIPA,20240424,41803,VT,3.4,49.83,3.1e-05,MISTI
20250530,0401,2024,AREQUIPA,AREQUIPA,20240424,54140,VT,3.4,36.79,3.6e-05,MISTI
20250530,0401,2024,AREQUIPA,AREQUIPA,20240424,62134,VT,5.3,62.54,4.8e-05,MISTI
20250530,0401,2024,AREQUIPA,AREQUIPA,20240424,75414,VT,4.2,54.86,4.2e-05,MISTI
20250530,0401,2024,AREQUIPA,AREQUIPA,20240424,82213,VT,4.3,30.56,2.7e-05,MISTI
20250530,0401,2024,AREQUIPA,AREQUIPA,20240424,91154,VT,3.5,67.14,7.4e-05,MISTI
20250530,0401,2024,AREQUIPA,AREQUIPA,20240424,231100,VT,3.4,48.81,4.3e-05,MISTI
20250530,0401,2024,AREQUIPA,AREQUIPA,20240424,232517,VT,3.4,45.71,4.1e-05,MISTI
20250530,0401,2024,AREQUIPA,AREQUIPA,20240424,233051,VT,3.1,46.18,0.0001,MISTI
20250530,0401,2024,AREQUIPA,AREQUIPA,20240425,34622,VT,3.2,49.7,3.7e-05,MISTI
20250530,0401,2024,AREQUIPA,AREQUIPA,20240425,35524,VT,5.1,79.76,0.001223,MISTI
20250530,0401,2024,AREQUIPA,AREQUIPA,20240425,45522,VT,3.8,33.99,4.2e-05,MISTI
20250530,0401,2024,AREQUIPA,AREQUIPA,20240425,52133,VT,5.6,53.05,4e-05,MISTI
20250530,0401,2024,AREQUIPA,AREQUIPA,20240425,54652,VT,5.2,32.69,3.4e-05,MISTI
20250530,0401,2024,AREQUIPA,AREQUIPA,20240425,183515,VT,5.6,38.84,0.000536,MISTI
20250530,0401,2024,AREQUIPA,AREQUIPA,20240425,202240,VT,3.0,47.68,0.00011,MISTI
20250530,0401,2024,AREQUIPA,AREQUIPA,20240425,213433,VT,2.8,68.14,0.000169,MISTI
20250530,0401,2024,AREQUIPA,AREQUIPA,20240425,215051,VT,5.8,70.7,0.0002,MISTI
20250530,0401,2024,AREQUIPA,AREQUIPA,20240426,12640,VT,4.1,74.01,0.000888,MISTI
20250530,0401,2024,AREQUIPA,AREQUIPA,20240426,14101,VT,3.5,62.91,6.8e-05,MISTI
20250530,0401,2024,AREQUIPA,AREQUIPA,20240426,15517,VT,2.8,46.73,3.7e-05,MISTI
20250530,0401,2024,AREQUIPA,AREQUIPA,20240426,22622,VT,3.4,71.39,8.1e-05,MISTI
20250530,0401,2024,AREQUIPA,AREQUIPA,20240426,40808,VT,3.5,44.64,3.6e-05,MISTI
20250530,0401,2024,AREQUIPA,AREQUIPA,20240426,42133,VT,3.7,47.4,4.2e-05,MISTI
20250530,0401,2024,AREQUIPA,AREQUIPA,20240426,42940,VT,5.6,68.68,5.3e-05,MISTI
20250530,0401,2024,AREQUIPA,AREQUIPA,20240426,51127,VT,3.8,62.2,0.003936,MISTI
20250530,0401,2024,AREQUIPA,AREQUIPA,20240426,52026,VT,3.0,15.94,0.000174,MISTI
20250530,0401,2024,AREQUIPA,AREQUIPA,20240426,52813,TO,5.2,130.16,0.005579,MISTI
20250530,0401,2024,AREQUIPA,AREQUIPA,20240426,152605,VT,3.8,31.03,0.000108,MISTI
20250530,0401,2024,AREQUIPA,AREQUIPA,20240426,153545,VT,5.2,36.88,0.000101,MISTI
20250530,0401,2024,AREQUIPA,AREQUIPA,20240426,163449,VT,5.6,57.61,0.001739,MISTI
20250530,0401,2024,AREQUIPA,AREQUIPA,20240426,215311,VT,2.7,52.93,7.6e-05,MISTI
20250530,0401,2024,AREQUIPA,AREQUIPA,20240426,221733,VT,3.0,45.37,5e-05,MISTI
20250530,0401,2024,AREQUIPA,AREQUIPA,20240426,230250,VT,7.8,36.9,0.000953,MISTI
20250530,0401,2024,AREQUIPA,AREQUIPA,20240427,13943,VT,2.8,44.5,3.6e-05,MISTI
20250530,0401,2024,AREQUIPA,AREQUIPA,20240427,23318,VT,5.3,40.3,6.7e-05,MISTI
20250530,0401,2024,AREQUIPA,AREQUIPA,20240427,33732,VT,3.4,40.58,3.1e-05,MISTI
20250530,0401,2024,AREQUIPA,AREQUIPA,20240427,202927,VT,4.1,43.77,0.001215,MISTI
20250530,0401,2024,AREQUIPA,AREQUIPA,20240427,204840,VT,2.9,35.66,5e-05,MISTI
20250530,0401,2024,AREQUIPA,AREQUIPA,20240428,35610,VT,3.5,26.91,3.3e-05,MISTI
20250530,0401,2024,AREQUIPA,AREQUIPA,20240428,61854,VT,5.3,51.02,4.8e-05,MISTI
20250530,0401,2024,AREQUIPA,AREQUIPA,20240428,70541,VT,3.0,37.91,5e-05,MISTI
20250530,0401,2024,AREQUIPA,AREQUIPA,20240428,70859,VT,3.8,44.31,0.000106,MISTI
20250530,0401,2024,AREQUIPA,AREQUIPA,20240428,75341,VT,4.7,48.21,6.2e-05,MISTI
20250530,0401,2024,AREQUIPA,AREQUIPA,20240428,154442,VT,5.6,51.73,0.000161,MISTI
20250530,0401,2024,AREQUIPA,AREQUIPA,20240428,223951,VT,4.9,56.31,0.000386,MISTI
20250530,0401,2024,AREQUIPA,AREQUIPA,20240429,43855,VT,3.2,32.28,4.2e-05,MISTI
20250530,0401,2024,AREQUIPA,AREQUIPA,20240429,44028,VT,5.4,38.06,3.4e-05,MISTI
20250530,0401,2024,AREQUIPA,AREQUIPA,20240429,45748,VT,3.5,43.96,4.5e-05,MISTI
20250530,0401,2024,AREQUIPA,AREQUIPA,20240429,50722,VT,3.5,26.95,2.7e-05,MISTI
20250530,0401,2024,AREQUIPA,AREQUIPA,20240429,51323,VT,3.2,35.7,4.1e-05,MISTI
20250530,0401,2024,AREQUIPA,AREQUIPA,20240429,51336,VT,3.2,16.04,2.9e-05,MISTI
20250530,0401,2024,AREQUIPA,AREQUIPA,20240429,53913,VT,5.3,56.47,9.7e-05,MISTI
20250530,0401,2024,AREQUIPA,AREQUIPA,20240429,53928,VT,3.8,19.44,6.5e-05,MISTI
20250530,0401,2024,AREQUIPA,AREQUIPA,20240429,54702,VT,3.1,43.79,5.3e-05,MISTI
20250530,0401,2024,AREQUIPA,AREQUIPA,20240429,55412,VT,3.0,52.83,6.5e-05,MISTI
20250530,0401,2024,AREQUIPA,AREQUIPA,20240429,55430,VT,4.1,21.22,3.6e-05,MISTI
20250530,0401,2024,AREQUIPA,AREQUIPA,20240429,81155,VT,3.2,49.1,0.00019,MISTI
20250530,0401,2024,AREQUIPA,AREQUIPA,20240429,81209,VT,3.2,29.69,0.000173,MISTI
20250530,0401,2024,AREQUIPA,AREQUIPA,20240429,92013,VT,6.3,74.01,0.000375,MISTI
20250530,0401,2024,AREQUIPA,AREQUIPA,20240429,92041,VT,6.3,33.82,0.00034,MISTI
20250530,0401,2024,AREQUIPA,AREQUIPA,20240429,93245,VT,5.2,68.01,0.000211,MISTI
20250530,0401,2024,AREQUIPA,AREQUIPA,20240429,93307,VT,5.2,37.26,0.000189,MISTI
20250530,0401,2024,AREQUIPA,AREQUIPA,20240429,123326,VT,3.2,65.74,0.000176,MISTI
20250530,0401,2024,AREQUIPA,AREQUIPA,20240429,123346,VT,4.7,22.15,0.000118,MISTI
20250530,0401,2024,AREQUIPA,AREQUIPA,20240429,124308,VT,3.0,53.63,7.2e-05,MISTI
20250530,0401,2024,AREQUIPA,AREQUIPA,20240429,124327,VT,3.7,22.06,4.4e-05,MISTI
20250530,0401,2024,AREQUIPA,AREQUIPA,20240429,131519,VT,4.7,63.95,8.4e-05,MISTI
20250530,0401,2024,AREQUIPA,AREQUIPA,20240429,155000,VT,4.6,14.07,0.000119,MISTI
20250530,0401,2024,AREQUIPA,AREQUIPA,20240430,61100,VT,4.2,17.59,3e-05,MISTI
20250530,0401,2024,AREQUIPA,AREQUIPA,20240430,75644,VT,2.9,11.62,1.1e-05,MISTI
20250530,0401,2024,AREQUIPA,AREQUIPA,20240430,80652,VT,5.1,16.9,1.7e-05,MISTI
20250530,0401,2024,AREQUIPA,AREQUIPA,20240430,95135,VT,6.3,28.0,0.000197,MISTI
20250530,0401,2024,AREQUIPA,AREQUIPA,20240430,105128,VT,4.2,19.85,5.1e-05,MISTI
20250530,0401,2024,AREQUIPA,AREQUIPA,20240430,135309,VT,3.7,12.24,2.4e-05,MISTI
20250530,0401,2024,AREQUIPA,AREQUIPA,20240430,165530,VT,3.4,19.27,5.2e-05,MISTI
20250530,0401,2024,AREQUIPA,AREQUIPA,20240430,220504,VT,2.4,54.4,5.4e-05,MISTI
20250530,0401,2024,AREQUIPA,AREQUIPA,20240430,232541,VT,3.3,54.82,9.2e-05,MISTI
20250530,0401,2024,AREQUIPA,AREQUIPA,20240501,3835,VT,2.9,32.12,4.9e-05,MISTI
20250530,0401,2024,AREQUIPA,AREQUIPA,20240501,22601,VT,2.9,54.78,7.8e-05,MISTI
20250530,0401,2024,AREQUIPA,AREQUIPA,20240501,35201,VT,2.8,65.48,0.000449,MISTI
20250530,0401,2024,AREQUIPA,AREQUIPA,20240501,43802,VT,3.7,68.17,5.7e-05,MISTI
20250530,0401,2024,AREQUIPA,AREQUIPA,20240501,63837,VT,3.4,53.53,7.9e-05,MISTI
20250530,0401,2024,AREQUIPA,AREQUIPA,20240501,82150,VT,3.1,49.18,6.9e-05,MISTI
20250530,0401,2024,AREQUIPA,AREQUIPA,20240501,94810,VT,4.7,55.46,6.5e-05,MISTI
20250530,0401,2024,AREQUIPA,AREQUIPA,20240501,204122,VT,5.1,58.77,0.000217,MISTI
20250530,0401,2024,AREQUIPA,AREQUIPA,20240501,214113,VT,5.3,31.76,0.000172,MISTI
20250530,0401,2024,AREQUIPA,AREQUIPA,20240501,222645,VT,3.8,51.37,0.000182,MISTI
20250530,0401,2024,AREQUIPA,AREQUIPA,20240502,2607,VT,6.8,37.53,7e-05,MISTI
20250530,0401,2024,AREQUIPA,AREQUIPA,20240502,4646,VT,3.2,57.44,8.1e-05,MISTI
20250530,0401,2024,AREQUIPA,AREQUIPA,20240502,11202,VT,5.2,44.78,9e-05,MISTI
20250530,0401,2024,AREQUIPA,AREQUIPA,20240502,11955,VT,3.0,34.36,5.3e-05,MISTI
20250530,0401,2024,AREQUIPA,AREQUIPA,20240502,12632,VT,2.9,66.42,0.000693,MISTI
20250530,0401,2024,AREQUIPA,AREQUIPA,20240502,13831,VT,3.7,56.19,0.000193,MISTI
20250530,0401,2024,AREQUIPA,AREQUIPA,20240502,31216,VT,2.9,42.39,0.000121,MISTI
20250530,0401,2024,AREQUIPA,AREQUIPA,20240502,31419,VT,3.3,49.62,0.000107,MISTI
20250530,0401,2024,AREQUIPA,AREQUIPA,20240502,163820,VT,5.2,59.05,0.000218,MISTI
20250530,0401,2024,AREQUIPA,AREQUIPA,20240502,193605,VT,5.2,51.25,0.000253,MISTI
20250530,0401,2024,AREQUIPA,AREQUIPA,20240502,200202,TO,5.9,165.53,0.000813,MISTI
20250530,0401,2024,AREQUIPA,AREQUIPA,20240502,213905,VT,3.4,51.14,0.000125,MISTI
20250530,0401,2024,AREQUIPA,AREQUIPA,20240503,42412,VT,4.8,83.78,0.000139,MISTI
20250530,0401,2024,AREQUIPA,AREQUIPA,20240503,75713,VT,4.1,49.9,0.000115,MISTI
20250530,0401,2024,AREQUIPA,AREQUIPA,20240503,84000,VT,3.0,72.52,0.000172,MISTI
20250530,0401,2024,AREQUIPA,AREQUIPA,20240504,44106,VT,3.1,39.02,0.000103,MISTI
20250530,0401,2024,AREQUIPA,AREQUIPA,20240504,72933,VT,6.4,51.76,0.0002,MISTI
20250530,0401,2024,AREQUIPA,AREQUIPA,20240504,84730,VT,5.5,33.27,7.1e-05,MISTI
20250530,0401,2024,AREQUIPA,AREQUIPA,20240504,180451,VT,3.0,54.46,0.000244,MISTI
20250530,0401,2024,AREQUIPA,AREQUIPA,20240504,184614,VT,2.8,47.02,0.000513,MISTI
20250530,0401,2024,AREQUIPA,AREQUIPA,20240504,205752,VT,3.8,26.41,0.000171,MISTI
20250530,0401,2024,AREQUIPA,AREQUIPA,20240505,4216,VT,3.0,52.79,7.4e-05,MISTI
20250530,0401,2024,AREQUIPA,AREQUIPA,20240505,40552,VT,3.5,38.01,5.1e-05,MISTI
20250530,0401,2024,AREQUIPA,AREQUIPA,20240505,60329,VT,6.4,46.87,0.000414,MISTI
20250530,0401,2024,AREQUIPA,AREQUIPA,20240505,214300,VT,3.9,46.41,8.6e-05,MISTI
20250530,0401,2024,AREQUIPA,AREQUIPA,20240506,42909,VT,2.8,42.53,0.000129,MISTI
20250530,0401,2024,AREQUIPA,AREQUIPA,20240506,111121,VT,5.5,50.08,6.1e-05,MISTI
20250530,0401,2024,AREQUIPA,AREQUIPA,20240506,112509,VT,5.2,57.62,0.000123,MISTI
20250530,0401,2024,AREQUIPA,AREQUIPA,20240506,114124,VT,3.4,50.25,6.4e-05,MISTI
20250530,0401,2024,AREQUIPA,AREQUIPA,20240506,134140,VT,5.5,47.97,0.000837,MISTI
20250530,0401,2024,AREQUIPA,AREQUIPA,20240506,154929,VT,5.6,65.12,0.001363,MISTI
20250530,0401,2024,AREQUIPA,AREQUIPA,20240506,195119,VT,4.1,77.65,0.000476,MISTI
20250530,0401,2024,AREQUIPA,AREQUIPA,20240506,195755,VT,12.1,62.37,0.009084,MISTI
20250530,0401,2024,AREQUIPA,AREQUIPA,20240506,223332,VT,5.5,71.5,0.000238,MISTI
20250530,0401,2024,AREQUIPA,AREQUIPA,20240507,24944,VT,5.5,103.19,0.000119,MISTI
20250530,0401,2024,AREQUIPA,AREQUIPA,20240507,85205,VT,5.3,62.89,0.000175,MISTI
20250530,0401,2024,AREQUIPA,AREQUIPA,20240507,91843,VT,7.9,93.31,0.000109,MISTI
20250530,0401,2024,AREQUIPA,AREQUIPA,20240507,123902,VT,3.2,82.58,0.000117,MISTI
20250530,0401,2024,AREQUIPA,AREQUIPA,20240507,181412,VT,3.5,40.79,0.00036,MISTI
20250530,0401,2024,AREQUIPA,AREQUIPA,20240507,194831,VT,4.3,33.75,0.000202,MISTI
20250530,0401,2024,AREQUIPA,AREQUIPA,20240508,631,VT,3.4,35.17,0.000102,MISTI
20250530,0401,2024,AREQUIPA,AREQUIPA,20240508,14706,VT,5.5,41.24,7.4e-05,MISTI
20250530,0401,2024,AREQUIPA,AREQUIPA,20240508,21301,VT,3.0,44.14,7.8e-05,MISTI
20250530,0401,2024,AREQUIPA,AREQUIPA,20240509,14247,VT,10.0,44.94,4.2e-05,MISTI
20250530,0401,2024,AREQUIPA,AREQUIPA,20240509,53806,VT,10.0,94.3,8.4e-05,MISTI
20250530,0401,2024,AREQUIPA,AREQUIPA,20240509,73857,VT,3.5,60.6,5.9e-05,MISTI
20250530,0401,2024,AREQUIPA,AREQUIPA,20240509,74908,VT,10.0,59.51,3.6e-05,MISTI
20250530,0401,2024,AREQUIPA,AREQUIPA,20240509,80032,VT,2.8,38.47,5.2e-05,MISTI
20250530,0401,2024,AREQUIPA,AREQUIPA,20240509,82901,VT,3.0,51.21,4.6e-05,MISTI
20250530,0401,2024,AREQUIPA,AREQUIPA,20240509,164638,VT,5.6,71.88,0.000326,MISTI
20250530,0401,2024,AREQUIPA,AREQUIPA,20240510,92510,VT,5.6,32.24,0.001554,MISTI
20250530,0401,2024,AREQUIPA,AREQUIPA,20240510,133159,VT,3.6,34.97,7.3e-05,MISTI
20250530,0401,2024,AREQUIPA,AREQUIPA,20240510,184509,VT,5.6,39.65,0.000136,MISTI
20250530,0401,2024,AREQUIPA,AREQUIPA,20240510,204024,VT,4.5,53.16,0.000191,MISTI
20250530,0401,2024,AREQUIPA,AREQUIPA,20240511,23914,VT,10.0,30.55,3.8e-05,MISTI
20250530,0401,2024,AREQUIPA,AREQUIPA,20240511,34421,VT,6.4,45.49,6.9e-05,MISTI
20250530,0401,2024,AREQUIPA,AREQUIPA,20240511,102836,VT,5.2,59.01,9.4e-05,MISTI
20250530,0401,2024,AREQUIPA,AREQUIPA,20240511,144803,VT,3.4,36.95,0.000211,MISTI
20250530,0401,2024,AREQUIPA,AREQUIPA,20240511,154454,VT,5.5,45.7,0.000211,MISTI
20250530,0401,2024,AREQUIPA,AREQUIPA,20240511,192901,VT,3.0,45.56,0.000128,MISTI
20250530,0401,2024,AREQUIPA,AREQUIPA,20240512,124836,VT,3.0,55.21,6.2e-05,MISTI
20250530,0401,2024,AREQUIPA,AREQUIPA,20240513,170155,VT,4.7,42.81,0.000226,MISTI
20250530,0401,2024,AREQUIPA,AREQUIPA,20240513,204809,VT,3.6,38.55,0.000112,MISTI
20250530,0401,2024,AREQUIPA,AREQUIPA,20240513,221642,VT,3.0,48.98,0.000216,MISTI
20250530,0401,2024,AREQUIPA,AREQUIPA,20240513,222038,VT,5.6,58.59,0.000132,MISTI
20250530,0401,2024,AREQUIPA,AREQUIPA,20240513,231357,VT,3.0,46.9,0.000158,MISTI
20250530,0401,2024,AREQUIPA,AREQUIPA,20240514,20103,VT,3.4,35.84,0.000704,MISTI
20250530,0401,2024,AREQUIPA,AREQUIPA,20240514,21048,VT,3.4,34.9,8.1e-05,MISTI
20250530,0401,2024,AREQUIPA,AREQUIPA,20240514,23643,VT,2.8,40.11,6.5e-05,MISTI
20250530,0401,2024,AREQUIPA,AREQUIPA,20240514,23856,VT,3.4,34.02,4e-05,MISTI
20250530,0401,2024,AREQUIPA,AREQUIPA,20240514,52050,VT,4.2,63.33,7.7e-05,MISTI
20250530,0401,2024,AREQUIPA,AREQUIPA,20240514,64532,VT,4.2,27.3,6.6e-05,MISTI
20250530,0401,2024,AREQUIPA,AREQUIPA,20240514,191935,VT,3.8,50.58,8.6e-05,MISTI
20250530,0401,2024,AREQUIPA,AREQUIPA,20240514,203709,VT,3.2,64.82,0.000246,MISTI
20250530,0401,2024,AREQUIPA,AREQUIPA,20240514,214523,VT,3.2,54.81,8.6e-05,MISTI
20250530,0401,2024,AREQUIPA,AREQUIPA,20240515,800,VT,2.9,53.98,0.000158,MISTI
20250530,0401,2024,AREQUIPA,AREQUIPA,20240515,1322,VT,4.7,45.36,9.3e-05,MISTI
20250530,0401,2024,AREQUIPA,AREQUIPA,20240515,3013,VT,2.9,34.58,5.5e-05,MISTI
20250530,0401,2024,AREQUIPA,AREQUIPA,20240515,3056,VT,3.7,35.07,8.3e-05,MISTI
20250530,0401,2024,AREQUIPA,AREQUIPA,20240515,3553,VT,2.9,40.25,0.000113,MISTI
20250530,0401,2024,AREQUIPA,AREQUIPA,20240515,3915,VT,3.0,54.68,7.2e-05,MISTI
20250530,0401,2024,AREQUIPA,AREQUIPA,20240515,4630,VT,4.7,82.3,0.004405,MISTI
20250530,0401,2024,AREQUIPA,AREQUIPA,20240515,11451,VT,5.9,44.53,4.8e-05,MISTI
20250530,0401,2024,AREQUIPA,AREQUIPA,20240515,12758,VT,2.9,67.6,8.6e-05,MISTI
20250530,0401,2024,AREQUIPA,AREQUIPA,20240515,24923,VT,2.8,57.66,5.7e-05,MISTI
20250530,0401,2024,AREQUIPA,AREQUIPA,20240515,30526,VT,4.5,45.03,5.7e-05,MISTI
20250530,0401,2024,AREQUIPA,AREQUIPA,20240515,31927,VT,2.8,51.8,0.000188,MISTI
20250530,0401,2024,AREQUIPA,AREQUIPA,20240515,34748,VT,2.9,51.04,0.000174,MISTI
20250530,0401,2024,AREQUIPA,AREQUIPA,20240515,35753,VT,3.7,47.16,0.000155,MISTI
20250530,0401,2024,AREQUIPA,AREQUIPA,20240515,41848,VT,4.1,49.84,8e-05,MISTI
20250530,0401,2024,AREQUIPA,AREQUIPA,20240515,44543,VT,3.4,44.11,4.9e-05,MISTI
20250530,0401,2024,AREQUIPA,AREQUIPA,20240515,45149,VT,3.1,69.08,7.1e-05,MISTI
20250530,0401,2024,AREQUIPA,AREQUIPA,20240515,51022,VT,3.0,42.05,3.9e-05,MISTI
20250530,0401,2024,AREQUIPA,AREQUIPA,20240515,55449,VT,3.1,31.61,3.6e-05,MISTI
20250530,0401,2024,AREQUIPA,AREQUIPA,20240515,55727,VT,3.4,47.65,4.2e-05,MISTI
20250530,0401,2024,AREQUIPA,AREQUIPA,20240515,62953,VT,6.3,77.03,0.000126,MISTI
20250530,0401,2024,AREQUIPA,AREQUIPA,20240515,94104,VT,3.8,65.58,6.7e-05,MISTI
20250530,0401,2024,AREQUIPA,AREQUIPA,20240515,105919,VT,2.8,28.52,7.1e-05,MISTI
20250530,0401,2024,AREQUIPA,AREQUIPA,20240515,200424,VT,3.2,31.45,7.5e-05,MISTI
20250530,0401,2024,AREQUIPA,AREQUIPA,20240515,214958,VT,2.9,52.6,0.000151,MISTI
20250530,0401,2024,AREQUIPA,AREQUIPA,20240515,224458,VT,5.2,40.6,8.5e-05,MISTI
20250530,0401,2024,AREQUIPA,AREQUIPA,20240516,53711,VT,3.2,31.25,5.2e-05,MISTI
20250530,0401,2024,AREQUIPA,AREQUIPA,20240517,132310,VT,5.4,40.71,9.7e-05,MISTI
20250530,0401,2024,AREQUIPA,AREQUIPA,20240517,133016,VT,5.4,46.53,0.00079,MISTI
20250530,0401,2024,AREQUIPA,AREQUIPA,20240517,141147,VT,3.5,49.86,0.001159,MISTI
20250530,0401,2024,AREQUIPA,AREQUIPA,20240517,142530,VT,5.4,47.49,0.000156,MISTI
20250530,0401,2024,AREQUIPA,AREQUIPA,20240517,174938,VT,5.6,35.73,0.000106,MISTI
20250530,0401,2024,AREQUIPA,AREQUIPA,20240518,244,VT,2.9,48.63,5e-05,MISTI
20250530,0401,2024,AREQUIPA,AREQUIPA,20240519,3857,VT,3.8,50.48,8.4e-05,MISTI
20250530,0401,2024,AREQUIPA,AREQUIPA,20240519,31037,VT,3.0,41.3,7e-05,MISTI
20250530,0401,2024,AREQUIPA,AREQUIPA,20240519,53108,VT,4.7,40.36,7.1e-05,MISTI
20250530,0401,2024,AREQUIPA,AREQUIPA,20240519,60928,VT,4.3,40.58,4.3e-05,MISTI
20250530,0401,2024,AREQUIPA,AREQUIPA,20240519,113123,VT,3.1,52.38,7.6e-05,MISTI
20250530,0401,2024,AREQUIPA,AREQUIPA,20240519,121344,VT,4.3,35.84,7e-05,MISTI
20250530,0401,2024,AREQUIPA,AREQUIPA,20240519,233452,VT,5.4,35.69,6.8e-05,MISTI
20250530,0401,2024,AREQUIPA,AREQUIPA,20240520,70837,VT,5.4,51.02,7.9e-05,MISTI
20250530,0401,2024,AREQUIPA,AREQUIPA,20240520,95219,VT,5.6,45.32,5e-05,MISTI
20250530,0401,2024,AREQUIPA,AREQUIPA,20240520,101229,VT,3.6,37.77,3.8e-05,MISTI
20250530,0401,2024,AREQUIPA,AREQUIPA,20240521,32335,VT,5.2,51.69,0.000178,MISTI
20250530,0401,2024,AREQUIPA,AREQUIPA,20240521,41206,VT,5.2,39.87,7.5e-05,MISTI
20250530,0401,2024,AREQUIPA,AREQUIPA,20240521,42206,VT,5.4,63.07,6.1e-05,MISTI
20250530,0401,2024,AREQUIPA,AREQUIPA,20240521,43053,VT,3.5,43.6,0.000101,MISTI
20250530,0401,2024,AREQUIPA,AREQUIPA,20240521,43936,VT,5.5,60.95,6.7e-05,MISTI
20250530,0401,2024,AREQUIPA,AREQUIPA,20240521,54619,VT,5.0,49.35,8.7e-05,MISTI
20250530,0401,2024,AREQUIPA,AREQUIPA,20240521,60355,VT,3.4,51.08,5.5e-05,MISTI
20250530,0401,2024,AREQUIPA,AREQUIPA,20240521,61559,VT,5.5,46.84,4.5e-05,MISTI
20250530,0401,2024,AREQUIPA,AREQUIPA,20240521,70753,VT,3.1,46.94,0.001362,MISTI
20250530,0401,2024,AREQUIPA,AREQUIPA,20240521,85733,VT,5.4,34.94,5.5e-05,MISTI
20250530,0401,2024,AREQUIPA,AREQUIPA,20240521,90630,VT,5.3,29.82,4.4e-05,MISTI
20250530,0401,2024,AREQUIPA,AREQUIPA,20240521,90846,VT,5.2,47.77,0.000194,MISTI
20250530,0401,2024,AREQUIPA,AREQUIPA,20240521,94047,VT,3.1,44.62,0.000207,MISTI
20250530,0401,2024,AREQUIPA,AREQUIPA,20240521,105249,VT,5.5,88.88,0.006992,MISTI
20250530,0401,2024,AREQUIPA,AREQUIPA,20240521,114206,VT,3.0,67.13,0.000298,MISTI
20250530,0401,2024,AREQUIPA,AREQUIPA,20240521,140917,VT,3.2,44.01,0.00012,MISTI
20250530,0401,2024,AREQUIPA,AREQUIPA,20240521,213902,VT,3.8,46.06,8.4e-05,MISTI
20250530,0401,2024,AREQUIPA,AREQUIPA,20240522,10155,VT,5.4,60.78,0.000257,MISTI
20250530,0401,2024,AREQUIPA,AREQUIPA,20240522,44023,VT,5.4,46.21,6e-05,MISTI
20250530,0401,2024,AREQUIPA,AREQUIPA,20240522,55250,VT,5.4,81.62,0.000133,MISTI
20250530,0401,2024,AREQUIPA,AREQUIPA,20240522,64242,TO,7.9,173.27,0.000468,MISTI
20250530,0401,2024,AREQUIPA,AREQUIPA,20240522,110708,VT,5.4,70.89,0.00013,MISTI
20250530,0401,2024,AREQUIPA,AREQUIPA,20240522,132110,VT,4.1,50.59,0.000281,MISTI
20250530,0401,2024,AREQUIPA,AREQUIPA,20240522,133209,VT,5.5,54.77,0.000184,MISTI
20250530,0401,2024,AREQUIPA,AREQUIPA,20240523,224938,TO,7.5,125.37,0.00044,MISTI
20250530,0401,2024,AREQUIPA,AREQUIPA,20240524,121315,VT,3.7,38.82,6.2e-05,MISTI
20250530,0401,2024,AREQUIPA,AREQUIPA,20240525,83835,VT,5.2,34.16,0.000975,MISTI
20250530,0401,2024,AREQUIPA,AREQUIPA,20240526,54546,VT,5.4,45.31,9.8e-05,MISTI
20250530,0401,2024,AREQUIPA,AREQUIPA,20240526,104508,VT,3.0,39.96,0.000138,MISTI
20250530,0401,2024,AREQUIPA,AREQUIPA,20240526,140847,VT,5.3,38.31,0.000528,MISTI
20250530,0401,2024,AREQUIPA,AREQUIPA,20240526,170821,VT,5.4,34.65,0.000151,MISTI
20250530,0401,2024,AREQUIPA,AREQUIPA,20240526,221720,TO,6.7,101.66,0.000383,MISTI
20250530,0401,2024,AREQUIPA,AREQUIPA,20240526,222250,VT,4.7,39.1,6.9e-05,MISTI
20250530,0401,2024,AREQUIPA,AREQUIPA,20240527,60018,VT,3.2,39.62,8.6e-05,MISTI
20250530,0401,2024,AREQUIPA,AREQUIPA,20240527,65612,VT,5.4,49.99,4.6e-05,MISTI
20250530,0401,2024,AREQUIPA,AREQUIPA,20240527,75351,VT,5.4,100.76,0.005058,MISTI
20250530,0401,2024,AREQUIPA,AREQUIPA,20240527,80736,VT,5.7,90.22,0.000161,MISTI
20250530,0401,2024,AREQUIPA,AREQUIPA,20240527,121317,VT,5.2,85.7,0.001988,MISTI
20250530,0401,2024,AREQUIPA,AREQUIPA,20240527,141703,VT,3.4,62.97,0.000218,MISTI
20250530,0401,2024,AREQUIPA,AREQUIPA,20240527,153139,VT,4.1,41.68,6.3e-05,MISTI
20250530,0401,2024,AREQUIPA,AREQUIPA,20240527,182013,VT,3.4,34.0,0.000419,MISTI
20250530,0401,2024,AREQUIPA,AREQUIPA,20240527,215443,VT,5.2,38.76,0.000326,MISTI
20250530,0401,2024,AREQUIPA,AREQUIPA,20240528,5427,VT,5.2,82.43,0.002697,MISTI
20250530,0401,2024,AREQUIPA,AREQUIPA,20240528,12835,VT,3.0,54.54,0.000275,MISTI
20250530,0401,2024,AREQUIPA,AREQUIPA,20240528,14237,VT,3.8,53.84,0.000167,MISTI
20250530,0401,2024,AREQUIPA,AREQUIPA,20240528,224757,VT,3.2,59.55,8.8e-05,MISTI
20250530,0401,2024,AREQUIPA,AREQUIPA,20240528,230849,VT,2.8,55.33,5.8e-05,MISTI
20250530,0401,2024,AREQUIPA,AREQUIPA,20240529,3152,VT,2.8,46.61,4.1e-05,MISTI
20250530,0401,2024,AREQUIPA,AREQUIPA,20240529,4108,VT,5.2,56.45,0.000179,MISTI
20250530,0401,2024,AREQUIPA,AREQUIPA,20240529,10050,VT,4.7,48.89,9.7e-05,MISTI
20250530,0401,2024,AREQUIPA,AREQUIPA,20240529,11232,VT,3.1,42.27,3.3e-05,MISTI
20250530,0401,2024,AREQUIPA,AREQUIPA,20240529,13706,VT,3.0,36.46,3.9e-05,MISTI
20250530,0401,2024,AREQUIPA,AREQUIPA,20240529,20319,VT,5.2,67.46,0.000192,MISTI
20250530,0401,2024,AREQUIPA,AREQUIPA,20240529,22639,VT,3.1,35.99,6.9e-05,MISTI
20250530,0401,2024,AREQUIPA,AREQUIPA,20240529,23751,VT,4.5,45.11,3e-05,MISTI
20250530,0401,2024,AREQUIPA,AREQUIPA,20240529,32528,VT,5.2,58.07,0.000245,MISTI
20250530,0401,2024,AREQUIPA,AREQUIPA,20240529,33420,VT,3.3,44.19,4e-05,MISTI
20250530,0401,2024,AREQUIPA,AREQUIPA,20240529,43554,VT,3.4,41.11,3.8e-05,MISTI
20250530,0401,2024,AREQUIPA,AREQUIPA,20240530,55645,VT,4.7,60.43,0.000227,MISTI
20250530,0401,2024,AREQUIPA,AREQUIPA,20240530,83141,VT,5.2,55.06,0.000197,MISTI
20250530,0401,2024,AREQUIPA,AREQUIPA,20240530,83827,VT,3.4,45.59,7.1e-05,MISTI
20250530,0401,2024,AREQUIPA,AREQUIPA,20240530,85723,VT,3.5,70.97,0.000103,MISTI
20250530,0401,2024,AREQUIPA,AREQUIPA,20240530,113317,VT,5.3,47.66,0.000205,MISTI
20250530,0401,2024,AREQUIPA,AREQUIPA,20240530,133841,TO,6.2,108.21,0.001881,MISTI
20250530,0401,2024,AREQUIPA,AREQUIPA,20240530,141348,VT,6.0,78.11,0.006154,MISTI
20250530,0401,2024,AREQUIPA,AREQUIPA,20240530,141622,VT,5.6,42.05,0.000169,MISTI
20250530,0401,2024,AREQUIPA,AREQUIPA,20240530,141851,VT,5.6,60.64,0.000215,MISTI
20250530,0401,2024,AREQUIPA,AREQUIPA,20240530,193820,VT,3.5,35.82,5e-05,MISTI
20250530,0401,2024,AREQUIPA,AREQUIPA,20240531,3954,VT,3.4,30.3,2.3e-05,MISTI
20250530,0401,2024,AREQUIPA,AREQUIPA,20240531,100850,VT,6.3,52.02,9.9e-05,MISTI
20250530,0401,2024,AREQUIPA,AREQUIPA,20240531,163302,VT,12.1,33.68,0.000256,MISTI
20250530,0401,2024,AREQUIPA,AREQUIPA,20240531,163438,VT,5.5,40.37,0.000297,MISTI
20250530,0401,2024,AREQUIPA,AREQUIPA,20240531,203603,VT,2.8,42.67,8e-05,MISTI
20250530,0401,2024,AREQUIPA,AREQUIPA,20240531,220113,VT,3.1,50.79,6.2e-05,MISTI
20250530,0401,2024,AREQUIPA,AREQUIPA,20240531,224423,VT,3.4,49.26,3.7e-05,MISTI
20250530,0401,2024,AREQUIPA,AREQUIPA,20240601,4432,VT,3.1,66.95,0.00011,MISTI
20250530,0401,2024,AREQUIPA,AREQUIPA,20240601,13705,VT,2.9,49.03,8.4e-05,MISTI
20250530,0401,2024,AREQUIPA,AREQUIPA,20240601,61639,VT,2.8,45.54,3.9e-05,MISTI
20250530,0401,2024,AREQUIPA,AREQUIPA,20240601,64512,VT,3.8,32.78,3.3e-05,MISTI
20250530,0401,2024,AREQUIPA,AREQUIPA,20240601,72552,VT,5.5,27.67,2.1e-05,MISTI
20250530,0401,2024,AREQUIPA,AREQUIPA,20240601,90619,VT,5.3,36.59,5.5e-05,MISTI
20250530,0401,2024,AREQUIPA,AREQUIPA,20240601,90908,VT,6.4,38.8,5.2e-05,MISTI
20250530,0401,2024,AREQUIPA,AREQUIPA,20240601,93038,VT,6.8,29.93,3.9e-05,MISTI
20250530,0401,2024,AREQUIPA,AREQUIPA,20240601,93535,VT,3.9,31.84,4.7e-05,MISTI
20250530,0401,2024,AREQUIPA,AREQUIPA,20240602,32240,VT,6.3,33.6,6.7e-05,MISTI
20250530,0401,2024,AREQUIPA,AREQUIPA,20240602,32924,VT,10.0,32.56,4e-05,MISTI
20250530,0401,2024,AREQUIPA,AREQUIPA,20240602,33514,VT,10.0,33.44,3.4e-05,MISTI
20250530,0401,2024,AREQUIPA,AREQUIPA,20240602,42042,VT,5.2,50.19,0.001237,MISTI
20250530,0401,2024,AREQUIPA,AREQUIPA,20240602,51742,VT,3.0,38.83,4.9e-05,MISTI
20250530,0401,2024,AREQUIPA,AREQUIPA,20240602,83045,VT,4.9,46.98,0.000191,MISTI
20250530,0401,2024,AREQUIPA,AREQUIPA,20240602,110825,VT,4.7,28.73,3.6e-05,MISTI
20250530,0401,2024,AREQUIPA,AREQUIPA,20240602,110942,VT,7.0,48.56,0.000181,MISTI
20250530,0401,2024,AREQUIPA,AREQUIPA,20240602,124420,VT,2.9,36.49,5e-05,MISTI
20250530,0401,2024,AREQUIPA,AREQUIPA,20240602,125345,VT,2.9,42.63,4.8e-05,MISTI
20250530,0401,2024,AREQUIPA,AREQUIPA,20240602,153756,VT,5.2,30.19,6.6e-05,MISTI
20250530,0401,2024,AREQUIPA,AREQUIPA,20240602,203709,VT,3.4,43.03,6.7e-05,MISTI
20250530,0401,2024,AREQUIPA,AREQUIPA,20240603,21745,VT,5.2,43.48,0.001443,MISTI
20250530,0401,2024,AREQUIPA,AREQUIPA,20240603,23552,VT,10.0,129.34,0.000162,MISTI
20250530,0401,2024,AREQUIPA,AREQUIPA,20240603,71620,VT,6.3,43.17,7.5e-05,MISTI
20250530,0401,2024,AREQUIPA,AREQUIPA,20240603,74052,VT,3.0,45.17,6.2e-05,MISTI
20250530,0401,2024,AREQUIPA,AREQUIPA,20240603,110933,VT,3.7,44.68,0.000102,MISTI
20250530,0401,2024,AREQUIPA,AREQUIPA,20240603,121550,VT,5.0,49.72,0.000109,MISTI
20250530,0401,2024,AREQUIPA,AREQUIPA,20240603,212854,VT,3.1,62.69,0.000232,MISTI
20250530,0401,2024,AREQUIPA,AREQUIPA,20240604,14057,VT,10.0,63.94,3.5e-05,MISTI
20250530,0401,2024,AREQUIPA,AREQUIPA,20240604,23019,VT,10.0,43.58,2.5e-05,MISTI
20250530,0401,2024,AREQUIPA,AREQUIPA,20240604,33647,VT,5.5,69.09,4.4e-05,MISTI
20250530,0401,2024,AREQUIPA,AREQUIPA,20240604,40848,VT,3.9,52.39,2.2e-05,MISTI
20250530,0401,2024,AREQUIPA,AREQUIPA,20240604,50228,VT,3.4,80.44,0.000118,MISTI
20250530,0401,2024,AREQUIPA,AREQUIPA,20240604,60607,VT,3.8,39.11,2.8e-05,MISTI
20250530,0401,2024,AREQUIPA,AREQUIPA,20240604,61759,VT,3.1,38.28,3.8e-05,MISTI
20250530,0401,2024,AREQUIPA,AREQUIPA,20240604,61914,VT,3.1,34.56,2.7e-05,MISTI
20250530,0401,2024,AREQUIPA,AREQUIPA,20240604,65130,VT,5.2,39.52,3.1e-05,MISTI
20250530,0401,2024,AREQUIPA,AREQUIPA,20240604,71729,VT,2.9,67.46,0.000209,MISTI
20250530,0401,2024,AREQUIPA,AREQUIPA,20240604,73048,VT,3.0,79.34,0.000155,MISTI
20250530,0401,2024,AREQUIPA,AREQUIPA,20240604,82131,VT,3.2,63.94,4.3e-05,MISTI
20250530,0401,2024,AREQUIPA,AREQUIPA,20240604,83924,VT,2.7,53.45,3.2e-05,MISTI
20250530,0401,2024,AREQUIPA,AREQUIPA,20240604,123237,VT,2.9,45.23,4.1e-05,MISTI
20250530,0401,2024,AREQUIPA,AREQUIPA,20240604,134009,VT,3.0,36.01,3.9e-05,MISTI
20250530,0401,2024,AREQUIPA,AREQUIPA,20240605,44132,VT,3.4,57.85,5.1e-05,MISTI
20250530,0401,2024,AREQUIPA,AREQUIPA,20240605,62225,VT,4.9,33.65,2.2e-05,MISTI
20250530,0401,2024,AREQUIPA,AREQUIPA,20240605,63043,VT,5.3,46.56,7.1e-05,MISTI
20250530,0401,2024,AREQUIPA,AREQUIPA,20240605,64924,VT,5.2,39.81,6.8e-05,MISTI
20250530,0401,2024,AREQUIPA,AREQUIPA,20240605,73632,VT,5.5,31.89,3.5e-05,MISTI
20250530,0401,2024,AREQUIPA,AREQUIPA,20240605,82311,VT,3.0,48.03,8.6e-05,MISTI
20250530,0401,2024,AREQUIPA,AREQUIPA,20240605,101722,VT,3.5,43.48,3.5e-05,MISTI
20250530,0401,2024,AREQUIPA,AREQUIPA,20240605,111955,VT,3.5,33.73,3.2e-05,MISTI
20250530,0401,2024,AREQUIPA,AREQUIPA,20240605,140106,VT,5.2,34.84,0.000156,MISTI
20250530,0401,2024,AREQUIPA,AREQUIPA,20240605,161142,VT,2.9,41.45,0.002022,MISTI
20250530,0401,2024,AREQUIPA,AREQUIPA,20240605,161811,VT,6.2,28.03,7.4e-05,MISTI
20250530,0401,2024,AREQUIPA,AREQUIPA,20240605,205340,VT,3.0,55.54,0.000116,MISTI
20250530,0401,2024,AREQUIPA,AREQUIPA,20240605,214751,VT,2.8,54.99,5.3e-05,MISTI
20250530,0401,2024,AREQUIPA,AREQUIPA,20240605,220826,VT,5.2,50.55,4.5e-05,MISTI
20250530,0401,2024,AREQUIPA,AREQUIPA,20240606,55110,VT,3.6,58.09,2.9e-05,MISTI
20250530,0401,2024,AREQUIPA,AREQUIPA,20240606,61156,VT,3.2,45.35,2.9e-05,MISTI
20250530,0401,2024,AREQUIPA,AREQUIPA,20240606,205639,VT,2.9,48.64,0.000111,MISTI
20250530,0401,2024,AREQUIPA,AREQUIPA,20240606,214519,VT,13.6,42.34,5e-05,MISTI
20250530,0401,2024,AREQUIPA,AREQUIPA,20240606,224655,VT,3.7,24.17,2.7e-05,MISTI
20250530,0401,2024,AREQUIPA,AREQUIPA,20240606,224743,VT,3.7,37.2,5.9e-05,MISTI
20250530,0401,2024,AREQUIPA,AREQUIPA,20240607,30738,VT,3.5,33.13,3.8e-05,MISTI
20250530,0401,2024,AREQUIPA,AREQUIPA,20240607,63203,VT,4.0,56.95,6.2e-05,MISTI
20250530,0401,2024,AREQUIPA,AREQUIPA,20240607,92542,VT,3.5,46.68,0.0001,MISTI
20250530,0401,2024,AREQUIPA,AREQUIPA,20240607,142328,VT,5.5,40.63,0.000149,MISTI
20250530,0401,2024,AREQUIPA,AREQUIPA,20240608,93652,VT,3.5,39.97,3.4e-05,MISTI
20250530,0401,2024,AREQUIPA,AREQUIPA,20240608,113347,VT,2.7,54.31,2.4e-05,MISTI
20250530,0401,2024,AREQUIPA,AREQUIPA,20240608,143253,VT,5.4,33.26,6.9e-05,MISTI
20250530,0401,2024,AREQUIPA,AREQUIPA,20240609,30921,VT,3.4,37.23,3e-05,MISTI
20250530,0401,2024,AREQUIPA,AREQUIPA,20240609,31018,VT,3.4,53.07,3.4e-05,MISTI
20250530,0401,2024,AREQUIPA,AREQUIPA,20240609,61041,VT,3.1,40.4,3.5e-05,MISTI
20250530,0401,2024,AREQUIPA,AREQUIPA,20240609,63344,VT,3.1,36.8,4.2e-05,MISTI
20250530,0401,2024,AREQUIPA,AREQUIPA,20240609,72335,VT,4.2,62.0,5.3e-05,MISTI
20250530,0401,2024,AREQUIPA,AREQUIPA,20240609,73333,VT,6.3,38.3,7.5e-05,MISTI
20250530,0401,2024,AREQUIPA,AREQUIPA,20240609,84412,VT,5.3,44.7,5.8e-05,MISTI
20250530,0401,2024,AREQUIPA,AREQUIPA,20240609,92822,VT,5.2,38.9,4.9e-05,MISTI
20250530,0401,2024,AREQUIPA,AREQUIPA,20240610,62600,VT,3.4,38.33,8.3e-05,MISTI
20250530,0401,2024,AREQUIPA,AREQUIPA,20240610,73710,VT,4.2,64.35,3.6e-05,MISTI
20250530,0401,2024,AREQUIPA,AREQUIPA,20240610,104857,VT,5.2,45.13,8.9e-05,MISTI
20250530,0401,2024,AREQUIPA,AREQUIPA,20240610,113811,VT,3.0,36.14,3.2e-05,MISTI
20250530,0401,2024,AREQUIPA,AREQUIPA,20240610,114508,VT,3.7,34.37,5.3e-05,MISTI
20250530,0401,2024,AREQUIPA,AREQUIPA,20240610,115307,VT,3.1,28.34,2.7e-05,MISTI
20250530,0401,2024,AREQUIPA,AREQUIPA,20240610,122444,VT,2.9,48.34,2.8e-05,MISTI
20250530,0401,2024,AREQUIPA,AREQUIPA,20240610,124943,VT,3.8,84.55,9e-05,MISTI
20250530,0401,2024,AREQUIPA,AREQUIPA,20240610,184746,VT,2.9,38.05,5.3e-05,MISTI
20250530,0401,2024,AREQUIPA,AREQUIPA,20240610,190618,VT,2.9,35.33,0.000131,MISTI
20250530,0401,2024,AREQUIPA,AREQUIPA,20240610,191219,VT,5.5,47.59,7.6e-05,MISTI
20250530,0401,2024,AREQUIPA,AREQUIPA,20240610,211744,VT,5.8,36.43,4.8e-05,MISTI
20250530,0401,2024,AREQUIPA,AREQUIPA,20240610,213657,VT,2.5,63.09,7e-05,MISTI
20250530,0401,2024,AREQUIPA,AREQUIPA,20240610,222053,VT,3.0,41.18,2.8e-05,MISTI
20250530,0401,2024,AREQUIPA,AREQUIPA,20240610,222630,VT,5.2,49.48,9.5e-05,MISTI
20250530,0401,2024,AREQUIPA,AREQUIPA,20240610,233344,VT,2.8,62.21,4.7e-05,MISTI
20250530,0401,2024,AREQUIPA,AREQUIPA,20240611,81712,VT,4.1,34.07,4.8e-05,MISTI
20250530,0401,2024,AREQUIPA,AREQUIPA,20240611,82706,VT,3.0,39.8,6.4e-05,MISTI
20250530,0401,2024,AREQUIPA,AREQUIPA,20240611,95434,VT,8.5,54.42,0.000108,MISTI
20250530,0401,2024,AREQUIPA,AREQUIPA,20240611,231748,VT,4.7,60.36,6e-05,MISTI
20250530,0401,2024,AREQUIPA,AREQUIPA,20240612,11839,VT,3.2,25.92,3.1e-05,MISTI
20250530,0401,2024,AREQUIPA,AREQUIPA,20240612,15042,VT,3.7,66.48,4e-05,MISTI
20250530,0401,2024,AREQUIPA,AREQUIPA,20240612,21104,VT,3.4,47.24,5.4e-05,MISTI
20250530,0401,2024,AREQUIPA,AREQUIPA,20240612,50209,VT,4.9,54.82,0.000116,MISTI
20250530,0401,2024,AREQUIPA,AREQUIPA,20240612,61336,VT,3.6,51.43,2.6e-05,MISTI
20250530,0401,2024,AREQUIPA,AREQUIPA,20240612,101957,VT,5.3,49.32,2.6e-05,MISTI
20250530,0401,2024,AREQUIPA,AREQUIPA,20240612,153859,VT,3.1,48.84,0.000625,MISTI
20250530,0401,2024,AREQUIPA,AREQUIPA,20240612,204753,VT,3.2,52.74,8.4e-05,MISTI
20250530,0401,2024,AREQUIPA,AREQUIPA,20240612,232313,VT,8.5,68.58,9.1e-05,MISTI
20250530,0401,2024,AREQUIPA,AREQUIPA,20240613,80255,VT,5.4,75.92,9.2e-05,MISTI
20250530,0401,2024,AREQUIPA,AREQUIPA,20240613,153839,VT,2.6,39.66,7.8e-05,MISTI
20250530,0401,2024,AREQUIPA,AREQUIPA,20240613,161406,VT,3.9,52.34,0.000146,MISTI
20250530,0401,2024,AREQUIPA,AREQUIPA,20240613,195723,VT,3.9,83.7,0.000386,MISTI
20250530,0401,2024,AREQUIPA,AREQUIPA,20240613,215652,TO,2.9,89.55,0.014838,MISTI
20250530,0401,2024,AREQUIPA,AREQUIPA,20240614,64742,VT,9.8,28.33,3.7e-05,MISTI
20250530,0401,2024,AREQUIPA,AREQUIPA,20240614,134309,VT,2.7,69.1,7.1e-05,MISTI
20250530,0401,2024,AREQUIPA,AREQUIPA,20240614,151434,VT,9.8,51.34,0.000494,MISTI
20250530,0401,2024,AREQUIPA,AREQUIPA,20240614,153108,VT,5.5,37.03,7.3e-05,MISTI
20250530,0401,2024,AREQUIPA,AREQUIPA,20240614,154522,VT,4.2,60.47,0.000124,MISTI
20250530,0401,2024,AREQUIPA,AREQUIPA,20240614,232633,VT,3.4,40.96,0.000187,MISTI
20250530,0401,2024,AREQUIPA,AREQUIPA,20240615,51420,VT,4.2,52.65,0.00012,MISTI
20250530,0401,2024,AREQUIPA,AREQUIPA,20240615,152252,VT,2.9,34.92,0.000193,MISTI
20250530,0401,2024,AREQUIPA,AREQUIPA,20240615,191302,VT,8.8,29.47,0.00012,MISTI
20250530,0401,2024,AREQUIPA,AREQUIPA,20240615,234907,VT,5.2,74.45,0.000444,MISTI
20250530,0401,2024,AREQUIPA,AREQUIPA,20240616,4420,TO,3.8,88.01,0.007117,MISTI
20250530,0401,2024,AREQUIPA,AREQUIPA,20240616,12936,VT,3.1,45.32,8.2e-05,MISTI
20250530,0401,2024,AREQUIPA,AREQUIPA,20240616,24307,VT,3.7,31.73,7.4e-05,MISTI
20250530,0401,2024,AREQUIPA,AREQUIPA,20240616,203632,VT,4.2,41.17,0.000103,MISTI
20250530,0401,2024,AREQUIPA,AREQUIPA,20240616,211856,VT,3.1,32.89,0.000123,MISTI
20250530,0401,2024,AREQUIPA,AREQUIPA,20240617,12053,VT,5.3,28.96,0.000112,MISTI
20250530,0401,2024,AREQUIPA,AREQUIPA,20240617,24805,VT,5.8,57.44,0.000629,MISTI
20250530,0401,2024,AREQUIPA,AREQUIPA,20240618,80230,VT,5.5,18.85,0.00018,MISTI
20250530,0401,2024,AREQUIPA,AREQUIPA,20240618,105411,VT,9.4,63.05,0.012788,MISTI
20250530,0401,2024,AREQUIPA,AREQUIPA,20240618,221114,VT,4.0,15.75,0.000339,MISTI
20250530,0401,2024,AREQUIPA,AREQUIPA,20240619,104900,VT,5.1,9.55,0.000135,MISTI
20250530,0401,2024,AREQUIPA,AREQUIPA,20240619,123143,VT,6.3,20.45,0.000388,MISTI
20250530,0401,2024,AREQUIPA,AREQUIPA,20240619,130738,VT,2.7,15.95,4.5e-05,MISTI
20250530,0401,2024,AREQUIPA,AREQUIPA,20240619,143111,VT,5.6,23.16,0.000335,MISTI
20250530,0401,2024,AREQUIPA,AREQUIPA,20240619,151416,VT,5.4,25.39,6.3e-05,MISTI
20250530,0401,2024,AREQUIPA,AREQUIPA,20240619,215405,VT,5.6,41.07,0.001123,MISTI
20250530,0401,2024,AREQUIPA,AREQUIPA,20240620,53249,VT,3.4,26.55,2.1e-05,MISTI
20250530,0401,2024,AREQUIPA,AREQUIPA,20240620,224501,VT,4.2,44.14,0.000109,MISTI
20250530,0401,2024,AREQUIPA,AREQUIPA,20240620,231119,VT,5.3,42.85,0.000544,MISTI
20250530,0401,2024,AREQUIPA,AREQUIPA,20240621,15135,VT,5.3,48.38,0.000802,MISTI
20250530,0401,2024,AREQUIPA,AREQUIPA,20240621,42550,VT,3.0,41.13,0.000248,MISTI
20250530,0401,2024,AREQUIPA,AREQUIPA,20240621,213820,VT,4.7,41.55,0.000101,MISTI
20250530,0401,2024,AREQUIPA,AREQUIPA,20240622,1512,VT,2.8,32.42,7.7e-05,MISTI
20250530,0401,2024,AREQUIPA,AREQUIPA,20240622,21404,VT,5.0,45.07,0.00018,MISTI
20250530,0401,2024,AREQUIPA,AREQUIPA,20240622,53009,VT,3.7,38.83,5.8e-05,MISTI
20250530,0401,2024,AREQUIPA,AREQUIPA,20240622,81714,VT,3.0,38.82,4.6e-05,MISTI
20250530,0401,2024,AREQUIPA,AREQUIPA,20240622,122555,VT,4.2,58.21,6.1e-05,MISTI
20250530,0401,2024,AREQUIPA,AREQUIPA,20240622,234745,VT,2.9,54.81,0.000166,MISTI
20250530,0401,2024,AREQUIPA,AREQUIPA,20240623,10141,VT,2.9,47.05,0.001262,MISTI
20250530,0401,2024,AREQUIPA,AREQUIPA,20240623,13030,VT,4.2,42.23,0.000128,MISTI
20250530,0401,2024,AREQUIPA,AREQUIPA,20240623,13429,VT,2.8,28.79,5.7e-05,MISTI
20250530,0401,2024,AREQUIPA,AREQUIPA,20240623,14930,VT,3.2,46.44,7e-05,MISTI
20250530,0401,2024,AREQUIPA,AREQUIPA,20240623,20435,VT,3.5,46.94,8.2e-05,MISTI
20250530,0401,2024,AREQUIPA,AREQUIPA,20240623,21118,VT,5.1,28.6,9.5e-05,MISTI
20250530,0401,2024,AREQUIPA,AREQUIPA,20240623,24136,VT,3.1,59.08,0.000246,MISTI
20250530,0401,2024,AREQUIPA,AREQUIPA,20240623,35939,VT,3.4,40.03,5.7e-05,MISTI
20250530,0401,2024,AREQUIPA,AREQUIPA,20240623,53352,VT,2.9,40.7,0.000192,MISTI
20250530,0401,2024,AREQUIPA,AREQUIPA,20240623,61923,VT,5.2,49.89,0.000407,MISTI
20250530,0401,2024,AREQUIPA,AREQUIPA,20240623,70036,VT,3.0,48.42,0.000419,MISTI
20250530,0401,2024,AREQUIPA,AREQUIPA,20240623,70855,VT,2.8,47.47,0.000212,MISTI
20250530,0401,2024,AREQUIPA,AREQUIPA,20240623,72609,VT,4.2,62.95,0.000245,MISTI
20250530,0401,2024,AREQUIPA,AREQUIPA,20240623,75308,VT,5.3,40.37,6.1e-05,MISTI
20250530,0401,2024,AREQUIPA,AREQUIPA,20240623,80348,VT,3.0,36.14,9.1e-05,MISTI
20250530,0401,2024,AREQUIPA,AREQUIPA,20240623,81552,VT,3.0,36.86,0.001629,MISTI
20250530,0401,2024,AREQUIPA,AREQUIPA,20240623,82224,VT,3.4,32.78,4.3e-05,MISTI
20250530,0401,2024,AREQUIPA,AREQUIPA,20240623,82705,VT,3.6,64.54,0.000131,MISTI
20250530,0401,2024,AREQUIPA,AREQUIPA,20240623,83600,VT,5.2,50.38,0.000115,MISTI
20250530,0401,2024,AREQUIPA,AREQUIPA,20240623,90209,VT,3.0,71.15,0.002711,MISTI
20250530,0401,2024,AREQUIPA,AREQUIPA,20240623,93817,VT,3.4,58.68,0.000221,MISTI
20250530,0401,2024,AREQUIPA,AREQUIPA,20240623,100459,VT,3.4,38.39,0.000103,MISTI
20250530,0401,2024,AREQUIPA,AREQUIPA,20240623,132909,VT,5.5,32.57,0.00013,MISTI
20250530,0401,2024,AREQUIPA,AREQUIPA,20240623,201627,VT,5.2,54.89,0.000142,MISTI
20250530,0401,2024,AREQUIPA,AREQUIPA,20240624,103301,VT,5.3,25.81,4.7e-05,MISTI
20250530,0401,2024,AREQUIPA,AREQUIPA,20240624,104541,VT,5.2,39.05,5.6e-05,MISTI
20250530,0401,2024,AREQUIPA,AREQUIPA,20240624,104835,VT,5.2,41.76,6.3e-05,MISTI
20250530,0401,2024,AREQUIPA,AREQUIPA,20240624,105752,VT,5.2,31.17,0.000846,MISTI
20250530,0401,2024,AREQUIPA,AREQUIPA,20240624,112513,VT,6.2,32.69,8.2e-05,MISTI
20250530,0401,2024,AREQUIPA,AREQUIPA,20240624,113528,VT,3.7,30.31,5.3e-05,MISTI
20250530,0401,2024,AREQUIPA,AREQUIPA,20240624,114002,VT,4.2,50.16,0.000128,MISTI
20250530,0401,2024,AREQUIPA,AREQUIPA,20240624,153644,VT,2.8,26.93,7.2e-05,MISTI
20250530,0401,2024,AREQUIPA,AREQUIPA,20240624,223719,TO,8.7,120.4,0.000316,MISTI
20250530,0401,2024,AREQUIPA,AREQUIPA,20240625,4836,VT,2.8,53.94,4e-05,MISTI
20250530,0401,2024,AREQUIPA,AREQUIPA,20240625,10804,TO,7.5,118.37,0.000274,MISTI
20250530,0401,2024,AREQUIPA,AREQUIPA,20240625,53754,VT,5.2,40.27,4.8e-05,MISTI
20250530,0401,2024,AREQUIPA,AREQUIPA,20240625,55304,VT,4.2,90.51,0.004712,MISTI
20250530,0401,2024,AREQUIPA,AREQUIPA,20240625,85701,VT,3.8,38.09,7e-05,MISTI
20250530,0401,2024,AREQUIPA,AREQUIPA,20240625,150217,VT,2.6,31.65,0.00035,MISTI
20250530,0401,2024,AREQUIPA,AREQUIPA,20240625,151156,VT,2.9,36.9,6.5e-05,MISTI
20250530,0401,2024,AREQUIPA,AREQUIPA,20240626,2028,VT,3.0,35.92,5.3e-05,MISTI
20250530,0401,2024,AREQUIPA,AREQUIPA,20240626,10241,VT,3.1,48.23,7.5e-05,MISTI
20250530,0401,2024,AREQUIPA,AREQUIPA,20240626,31719,VT,3.3,38.01,4.7e-05,MISTI
20250530,0401,2024,AREQUIPA,AREQUIPA,20240626,64206,VT,5.2,30.59,2.7e-05,MISTI
20250530,0401,2024,AREQUIPA,AREQUIPA,20240626,71304,VT,3.3,37.42,3.4e-05,MISTI
20250530,0401,2024,AREQUIPA,AREQUIPA,20240626,82254,VT,3.4,28.64,3.9e-05,MISTI
20250530,0401,2024,AREQUIPA,AREQUIPA,20240626,84022,VT,2.9,31.74,4.7e-05,MISTI
20250530,0401,2024,AREQUIPA,AREQUIPA,20240626,123823,VT,5.2,36.3,6.6e-05,MISTI
20250530,0401,2024,AREQUIPA,AREQUIPA,20240626,201339,VT,2.8,32.83,8.9e-05,MISTI
20250530,0401,2024,AREQUIPA,AREQUIPA,20240627,13156,VT,3.2,47.42,7.1e-05,MISTI
20250530,0401,2024,AREQUIPA,AREQUIPA,20240627,73452,VT,8.8,33.85,6.1e-05,MISTI
20250530,0401,2024,AREQUIPA,AREQUIPA,20240627,113611,VT,9.8,32.92,5.1e-05,MISTI
20250530,0401,2024,AREQUIPA,AREQUIPA,20240627,121806,TO,7.0,87.71,0.000125,MISTI
20250530,0401,2024,AREQUIPA,AREQUIPA,20240627,231337,VT,2.8,42.82,0.0001,MISTI
20250530,0401,2024,AREQUIPA,AREQUIPA,20240627,234448,VT,3.5,41.41,6.9e-05,MISTI
20250530,0401,2024,AREQUIPA,AREQUIPA,20240628,11623,VT,3.5,42.34,8.2e-05,MISTI
20250530,0401,2024,AREQUIPA,AREQUIPA,20240628,31501,VT,3.0,44.33,6.3e-05,MISTI
20250530,0401,2024,AREQUIPA,AREQUIPA,20240628,34057,VT,4.7,48.65,0.000132,MISTI
20250530,0401,2024,AREQUIPA,AREQUIPA,20240628,34606,VT,3.8,52.81,0.000184,MISTI
20250530,0401,2024,AREQUIPA,AREQUIPA,20240628,43050,VT,2.9,25.92,0.000157,MISTI
20250530,0401,2024,AREQUIPA,AREQUIPA,20240628,43641,VT,4.6,72.13,0.000118,MISTI
20250530,0401,2024,AREQUIPA,AREQUIPA,20240628,44833,VT,3.4,44.15,4.9e-05,MISTI
20250530,0401,2024,AREQUIPA,AREQUIPA,20240628,81021,VT,5.2,30.84,0.000352,MISTI
20250530,0401,2024,AREQUIPA,AREQUIPA,20240628,82556,VT,7.8,26.51,5.8e-05,MISTI
20250530,0401,2024,AREQUIPA,AREQUIPA,20240628,231048,VT,7.3,45.06,0.000157,MISTI
20250530,0401,2024,AREQUIPA,AREQUIPA,20240629,2812,VT,5.3,54.31,0.000179,MISTI
20250530,0401,2024,AREQUIPA,AREQUIPA,20240629,10708,VT,4.2,54.04,4.6e-05,MISTI
20250530,0401,2024,AREQUIPA,AREQUIPA,20240629,15145,VT,8.8,34.78,8.6e-05,MISTI
20250530,0401,2024,AREQUIPA,AREQUIPA,20240629,192700,VT,4.2,34.13,0.000134,MISTI
20250530,0401,2024,AREQUIPA,AREQUIPA,20240630,32227,VT,5.4,26.71,0.000705,MISTI
20250530,0401,2024,AREQUIPA,AREQUIPA,20240630,32553,VT,5.3,29.59,0.000643,MISTI
20250530,0401,2024,AREQUIPA,AREQUIPA,20240630,51247,VT,5.5,66.38,0.00173,MISTI
20250530,0401,2024,AREQUIPA,AREQUIPA,20240630,53009,VT,3.1,55.53,0.000109,MISTI
20250530,0401,2024,AREQUIPA,AREQUIPA,20240630,73925,VT,3.0,32.54,2.7e-05,MISTI
20250530,0401,2024,AREQUIPA,AREQUIPA,20240630,123607,VT,9.8,34.83,3.4e-05,MISTI
20250530,0401,2024,AREQUIPA,AREQUIPA,20240630,125705,VT,5.4,36.86,0.000182,MISTI
20250530,0401,2024,AREQUIPA,AREQUIPA,20240630,164117,VT,4.2,42.0,6e-05,MISTI
20250530,0401,2024,AREQUIPA,AREQUIPA,20240630,180352,VT,3.4,34.11,7.6e-05,MISTI
20250530,0401,2024,AREQUIPA,AREQUIPA,20240630,184322,VT,5.5,39.18,0.00085,MISTI
20250530,0401,2024,AREQUIPA,AREQUIPA,20240630,191806,VT,2.9,29.49,5.8e-05,MISTI
20250530,0401,2024,AREQUIPA,AREQUIPA,20240630,230711,VT,2.9,40.51,5.5e-05,MISTI
20250530,0401,2024,AREQUIPA,AREQUIPA,20240630,233726,VT,2.9,26.32,3.2e-05,MISTI
20250530,0401,2024,AREQUIPA,AREQUIPA,20240630,234533,VT,5.1,59.59,0.003176,MISTI
20250530,0401,2024,AREQUIPA,AREQUIPA,20240701,32436,TO,9.1,72.46,0.000491,MISTI
20250530,0401,2024,AREQUIPA,AREQUIPA,20240701,33301,VT,3.4,46.61,4.8e-05,MISTI
20250530,0401,2024,AREQUIPA,AREQUIPA,20240701,160659,VT,3.5,35.37,0.00035,MISTI
20250530,0401,2024,AREQUIPA,AREQUIPA,20240701,233355,VT,3.1,45.7,0.000121,MISTI
20250530,0401,2024,AREQUIPA,AREQUIPA,20240702,11403,VT,5.3,25.94,6.8e-05,MISTI
20250530,0401,2024,AREQUIPA,AREQUIPA,20240702,14241,VT,8.5,45.61,0.000145,MISTI
20250530,0401,2024,AREQUIPA,AREQUIPA,20240702,20325,VT,3.8,42.68,0.0002,MISTI
20250530,0401,2024,AREQUIPA,AREQUIPA,20240702,21240,VT,2.9,38.89,0.000105,MISTI
20250530,0401,2024,AREQUIPA,AREQUIPA,20240702,22646,VT,2.8,36.02,8.7e-05,MISTI
20250530,0401,2024,AREQUIPA,AREQUIPA,20240702,22937,VT,4.2,45.53,5.1e-05,MISTI
20250530,0401,2024,AREQUIPA,AREQUIPA,20240702,33956,VT,4.1,38.5,8.7e-05,MISTI
20250530,0401,2024,AREQUIPA,AREQUIPA,20240702,34241,VT,5.3,23.83,3.5e-05,MISTI
20250530,0401,2024,AREQUIPA,AREQUIPA,20240702,34603,VT,2.8,38.15,0.000376,MISTI
20250530,0401,2024,AREQUIPA,AREQUIPA,20240702,40109,VT,5.2,23.01,6.4e-05,MISTI
20250530,0401,2024,AREQUIPA,AREQUIPA,20240702,64545,VT,3.8,40.32,6.1e-05,MISTI
20250530,0401,2024,AREQUIPA,AREQUIPA,20240702,104415,VT,3.4,30.82,5.7e-05,MISTI
20250530,0401,2024,AREQUIPA,AREQUIPA,20240702,174135,VT,3.0,33.72,0.000108,MISTI
20250530,0401,2024,AREQUIPA,AREQUIPA,20240702,180505,VT,2.8,38.48,7.2e-05,MISTI
20250530,0401,2024,AREQUIPA,AREQUIPA,20240702,183407,VT,2.3,24.34,5.2e-05,MISTI
20250530,0401,2024,AREQUIPA,AREQUIPA,20240702,183635,VT,3.0,26.7,8.2e-05,MISTI
20250530,0401,2024,AREQUIPA,AREQUIPA,20240702,195005,VT,3.0,36.99,0.000146,MISTI
20250530,0401,2024,AREQUIPA,AREQUIPA,20240702,201547,VT,5.8,30.28,0.000104,MISTI
20250530,0401,2024,AREQUIPA,AREQUIPA,20240702,202030,VT,2.9,49.43,0.000277,MISTI
20250530,0401,2024,AREQUIPA,AREQUIPA,20240702,205309,VT,5.3,63.79,0.001432,MISTI
20250530,0401,2024,AREQUIPA,AREQUIPA,20240702,213850,VT,3.0,28.93,0.00013,MISTI
20250530,0401,2024,AREQUIPA,AREQUIPA,20240702,223519,VT,3.0,40.2,5.5e-05,MISTI
20250530,0401,2024,AREQUIPA,AREQUIPA,20240702,235148,VT,3.4,47.94,0.000218,MISTI
20250530,0401,2024,AREQUIPA,AREQUIPA,20240703,4604,VT,3.1,51.62,8.5e-05,MISTI
20250530,0401,2024,AREQUIPA,AREQUIPA,20240703,131020,VT,3.0,29.83,0.000104,MISTI
20250530,0401,2024,AREQUIPA,AREQUIPA,20240703,141205,VT,2.9,33.57,6.8e-05,MISTI
20250530,0401,2024,AREQUIPA,AREQUIPA,20240703,215316,VT,2.8,43.12,0.000206,MISTI
20250530,0401,2024,AREQUIPA,AREQUIPA,20240703,224505,VT,5.2,34.37,6.5e-05,MISTI
20250530,0401,2024,AREQUIPA,AREQUIPA,20240703,235354,VT,2.9,46.26,0.000114,MISTI
20250530,0401,2024,AREQUIPA,AREQUIPA,20240704,12421,VT,5.3,56.33,7.1e-05,MISTI
20250530,0401,2024,AREQUIPA,AREQUIPA,20240704,15000,VT,5.3,41.12,9.6e-05,MISTI
20250530,0401,2024,AREQUIPA,AREQUIPA,20240704,20355,VT,2.8,42.4,5.2e-05,MISTI
20250530,0401,2024,AREQUIPA,AREQUIPA,20240704,22626,VT,3.1,65.53,6.4e-05,MISTI
20250530,0401,2024,AREQUIPA,AREQUIPA,20240704,25111,VT,5.2,35.82,3.8e-05,MISTI
20250530,0401,2024,AREQUIPA,AREQUIPA,20240704,25752,VT,5.2,47.41,0.000129,MISTI
20250530,0401,2024,AREQUIPA,AREQUIPA,20240704,32800,VT,3.8,40.85,4.2e-05,MISTI
20250530,0401,2024,AREQUIPA,AREQUIPA,20240704,40135,VT,5.2,53.55,4.6e-05,MISTI
20250530,0401,2024,AREQUIPA,AREQUIPA,20240704,132805,VT,2.8,44.01,5.1e-05,MISTI
20250530,0401,2024,AREQUIPA,AREQUIPA,20240705,11245,VT,5.2,14.7,4.2e-05,MISTI
20250530,0401,2024,AREQUIPA,AREQUIPA,20240705,11946,VT,5.5,15.67,3.6e-05,MISTI
20250530,0401,2024,AREQUIPA,AREQUIPA,20240705,50447,VT,4.6,11.72,1.7e-05,MISTI
20250530,0401,2024,AREQUIPA,AREQUIPA,20240705,91926,VT,10.8,16.42,4.2e-05,MISTI
20250530,0401,2024,AREQUIPA,AREQUIPA,20240705,122650,VT,6.7,17.28,6.8e-05,MISTI
20250530,0401,2024,AREQUIPA,AREQUIPA,20240705,160957,VT,3.0,19.65,6.6e-05,MISTI
20250530,0401,2024,AREQUIPA,AREQUIPA,20240706,21309,VT,3.4,15.72,4e-05,MISTI
20250530,0401,2024,AREQUIPA,AREQUIPA,20240706,22403,VT,3.1,15.12,3.5e-05,MISTI
20250530,0401,2024,AREQUIPA,AREQUIPA,20240706,31831,VT,4.4,24.29,3.7e-05,MISTI
20250530,0401,2024,AREQUIPA,AREQUIPA,20240706,81324,VT,5.4,18.89,7e-05,MISTI
20250530,0401,2024,AREQUIPA,AREQUIPA,20240706,124547,VT,3.4,26.58,0.000401,MISTI
20250530,0401,2024,AREQUIPA,AREQUIPA,20240706,152444,VT,2.9,15.81,3.3e-05,MISTI
20250530,0401,2024,AREQUIPA,AREQUIPA,20240707,42245,VT,3.5,40.33,8.8e-05,MISTI
20250530,0401,2024,AREQUIPA,AREQUIPA,20240708,152031,VT,3.4,18.33,0.000544,MISTI
20250530,0401,2024,AREQUIPA,AREQUIPA,20240709,62415,VT,5.4,35.9,0.000182,MISTI
20250530,0401,2024,AREQUIPA,AREQUIPA,20240709,232746,VT,2.7,28.57,7.1e-05,MISTI
20250530,0401,2024,AREQUIPA,AREQUIPA,20240709,233443,VT,3.3,44.24,0.000114,MISTI
20250530,0401,2024,AREQUIPA,AREQUIPA,20240709,233902,VT,2.6,28.24,5.7e-05,MISTI
20250530,0401,2024,AREQUIPA,AREQUIPA,20240709,235218,VT,3.0,30.14,5.8e-05,MISTI
20250530,0401,2024,AREQUIPA,AREQUIPA,20240710,223204,VT,4.4,29.15,0.00012,MISTI
20250530,0401,2024,AREQUIPA,AREQUIPA,20240711,13045,VT,9.8,44.06,0.002944,MISTI
20250530,0401,2024,AREQUIPA,AREQUIPA,20240711,70952,VT,4.8,64.21,0.001757,MISTI
20250530,0401,2024,AREQUIPA,AREQUIPA,20240711,72425,VT,5.1,33.25,0.000204,MISTI
20250530,0401,2024,AREQUIPA,AREQUIPA,20240713,101340,VT,4.6,26.47,7.8e-05,MISTI
20250530,0401,2024,AREQUIPA,AREQUIPA,20240713,103206,VT,7.3,35.4,8.5e-05,MISTI
20250530,0401,2024,AREQUIPA,AREQUIPA,20240713,193655,VT,5.1,43.17,0.001557,MISTI
20250530,0401,2024,AREQUIPA,AREQUIPA,20240715,82013,VT,5.6,61.05,0.000966,MISTI
20250530,0401,2024,AREQUIPA,AREQUIPA,20240715,125445,VT,9.5,33.08,0.000497,MISTI
20250530,0401,2024,AREQUIPA,AREQUIPA,20240715,131319,VT,3.5,39.15,0.000123,MISTI
20250530,0401,2024,AREQUIPA,AREQUIPA,20240715,134637,VT,5.5,47.0,0.000731,MISTI
20250530,0401,2024,AREQUIPA,AREQUIPA,20240716,1309,VT,3.1,34.26,0.000101,MISTI
20250530,0401,2024,AREQUIPA,AREQUIPA,20240716,3254,VT,5.4,38.26,7.7e-05,MISTI
20250530,0401,2024,AREQUIPA,AREQUIPA,20240716,32617,VT,3.1,38.48,3.2e-05,MISTI
20250530,0401,2024,AREQUIPA,AREQUIPA,20240716,35053,VT,3.0,38.47,7.1e-05,MISTI
20250530,0401,2024,AREQUIPA,AREQUIPA,20240716,44635,VT,2.9,36.59,0.000115,MISTI
20250530,0401,2024,AREQUIPA,AREQUIPA,20240716,50622,VT,13.8,28.72,7.2e-05,MISTI
20250530,0401,2024,AREQUIPA,AREQUIPA,20240716,50708,VT,2.8,20.96,0.000262,MISTI
20250530,0401,2024,AREQUIPA,AREQUIPA,20240716,50736,VT,3.1,22.29,4.3e-05,MISTI
20250530,0401,2024,AREQUIPA,AREQUIPA,20240716,51631,VT,2.8,28.95,6.7e-05,MISTI
20250530,0401,2024,AREQUIPA,AREQUIPA,20240716,60301,VT,8.2,28.18,5.7e-05,MISTI
20250530,0401,2024,AREQUIPA,AREQUIPA,20240716,63759,TO,3.6,98.53,0.002673,MISTI
20250530,0401,2024,AREQUIPA,AREQUIPA,20240716,82847,VT,8.8,39.86,8.2e-05,MISTI
20250530,0401,2024,AREQUIPA,AREQUIPA,20240716,84341,VT,7.9,46.13,0.000141,MISTI
20250530,0401,2024,AREQUIPA,AREQUIPA,20240716,124428,VT,2.8,28.99,5.8e-05,MISTI
20250530,0401,2024,AREQUIPA,AREQUIPA,20240716,181059,VT,5.5,26.94,0.000116,MISTI
20250530,0401,2024,AREQUIPA,AREQUIPA,20240716,184443,VT,3.1,51.21,0.000137,MISTI
20250530,0401,2024,AREQUIPA,AREQUIPA,20240716,204854,VT,2.4,33.15,7.8e-05,MISTI
20250530,0401,2024,AREQUIPA,AREQUIPA,20240716,205657,VT,3.8,47.32,0.000167,MISTI
20250530,0401,2024,AREQUIPA,AREQUIPA,20240716,224725,VT,5.1,46.12,0.000166,MISTI
20250530,0401,2024,AREQUIPA,AREQUIPA,20240717,11524,VT,8.8,44.96,4.7e-05,MISTI
20250530,0401,2024,AREQUIPA,AREQUIPA,20240717,84442,VT,3.3,40.1,5.6e-05,MISTI
20250530,0401,2024,AREQUIPA,AREQUIPA,20240717,101053,VT,3.8,38.91,5.7e-05,MISTI
20250530,0401,2024,AREQUIPA,AREQUIPA,20240717,101825,VT,3.8,37.16,3.8e-05,MISTI
20250530,0401,2024,AREQUIPA,AREQUIPA,20240717,132535,VT,2.7,27.25,4.2e-05,MISTI
20250530,0401,2024,AREQUIPA,AREQUIPA,20240717,161045,VT,4.5,43.95,0.000146,MISTI
20250530,0401,2024,AREQUIPA,AREQUIPA,20240717,163529,VT,5.5,32.75,0.000106,MISTI
20250530,0401,2024,AREQUIPA,AREQUIPA,20240717,173838,VT,3.8,45.67,7.2e-05,MISTI
20250530,0401,2024,AREQUIPA,AREQUIPA,20240717,200942,VT,2.9,20.55,7.1e-05,MISTI
20250530,0401,2024,AREQUIPA,AREQUIPA,20240717,201110,VT,2.6,33.5,6.9e-05,MISTI
20250530,0401,2024,AREQUIPA,AREQUIPA,20240717,211555,VT,3.7,41.71,6.3e-05,MISTI
20250530,0401,2024,AREQUIPA,AREQUIPA,20240717,214847,VT,2.9,47.05,0.000138,MISTI
20250530,0401,2024,AREQUIPA,AREQUIPA,20240717,220423,VT,2.8,29.47,3.3e-05,MISTI
20250530,0401,2024,AREQUIPA,AREQUIPA,20240717,221957,VT,2.8,50.43,0.001327,MISTI
20250530,0401,2024,AREQUIPA,AREQUIPA,20240717,231318,VT,3.5,35.69,4.4e-05,MISTI
20250530,0401,2024,AREQUIPA,AREQUIPA,20240718,1535,VT,3.0,43.35,3e-05,MISTI
20250530,0401,2024,AREQUIPA,AREQUIPA,20240718,15725,VT,3.2,65.01,0.001326,MISTI
20250530,0401,2024,AREQUIPA,AREQUIPA,20240718,40546,VT,3.1,22.49,3.2e-05,MISTI
20250530,0401,2024,AREQUIPA,AREQUIPA,20240718,53443,VT,5.2,35.54,0.001021,MISTI
20250530,0401,2024,AREQUIPA,AREQUIPA,20240718,53553,VT,4.1,46.69,0.000113,MISTI
20250530,0401,2024,AREQUIPA,AREQUIPA,20240718,91233,VT,2.8,29.18,4.2e-05,MISTI
20250530,0401,2024,AREQUIPA,AREQUIPA,20240718,113149,VT,2.9,27.73,3.6e-05,MISTI
20250530,0401,2024,AREQUIPA,AREQUIPA,20240718,132458,VT,3.4,34.65,0.000131,MISTI
20250530,0401,2024,AREQUIPA,AREQUIPA,20240718,184043,VT,5.4,33.8,9e-05,MISTI
20250530,0401,2024,AREQUIPA,AREQUIPA,20240718,204802,VT,7.3,45.16,0.000717,MISTI
20250530,0401,2024,AREQUIPA,AREQUIPA,20240718,212800,VT,2.5,41.55,5.4e-05,MISTI
20250530,0401,2024,AREQUIPA,AREQUIPA,20240718,232143,VT,2.1,47.64,5.4e-05,MISTI
20250530,0401,2024,AREQUIPA,AREQUIPA,20240719,3356,VT,2.9,48.55,5.2e-05,MISTI
20250530,0401,2024,AREQUIPA,AREQUIPA,20240719,3400,VT,5.5,34.55,4.6e-05,MISTI
20250530,0401,2024,AREQUIPA,AREQUIPA,20240719,30907,VT,5.3,32.34,4.2e-05,MISTI
20250530,0401,2024,AREQUIPA,AREQUIPA,20240719,64334,VT,4.7,38.84,8.7e-05,MISTI
20250530,0401,2024,AREQUIPA,AREQUIPA,20240719,93234,VT,4.2,47.18,4.4e-05,MISTI
20250530,0401,2024,AREQUIPA,AREQUIPA,20240719,100730,VT,5.5,35.37,4.5e-05,MISTI
20250530,0401,2024,AREQUIPA,AREQUIPA,20240719,103508,VT,3.4,57.95,6.4e-05,MISTI
20250530,0401,2024,AREQUIPA,AREQUIPA,20240719,111047,VT,4.2,42.24,3.9e-05,MISTI
20250530,0401,2024,AREQUIPA,AREQUIPA,20240719,141001,VT,5.3,28.98,0.000153,MISTI
20250530,0401,2024,AREQUIPA,AREQUIPA,20240720,3150,VT,5.1,59.41,0.00202,MISTI
20250530,0401,2024,AREQUIPA,AREQUIPA,20240720,71553,VT,2.9,32.27,0.000121,MISTI
20250530,0401,2024,AREQUIPA,AREQUIPA,20240720,234723,VT,5.5,37.36,0.000162,MISTI
20250530,0401,2024,AREQUIPA,AREQUIPA,20240721,170921,VT,5.9,62.48,0.115397,MISTI
20250530,0401,2024,AREQUIPA,AREQUIPA,20240721,211727,VT,3.2,36.22,7.6e-05,MISTI
20250530,0401,2024,AREQUIPA,AREQUIPA,20240721,220954,VT,4.7,26.15,6e-05,MISTI
20250530,0401,2024,AREQUIPA,AREQUIPA,20240721,221325,VT,4.8,28.34,4.3e-05,MISTI
20250530,0401,2024,AREQUIPA,AREQUIPA,20240721,221600,VT,2.9,32.27,6e-05,MISTI
20250530,0401,2024,AREQUIPA,AREQUIPA,20240721,222128,VT,3.6,35.69,6e-05,MISTI
20250530,0401,2024,AREQUIPA,AREQUIPA,20240721,235008,VT,5.4,27.08,6.8e-05,MISTI
20250530,0401,2024,AREQUIPA,AREQUIPA,20240723,3219,VT,3.4,45.67,9.9e-05,MISTI
20250530,0401,2024,AREQUIPA,AREQUIPA,20240723,52655,TO,3.4,96.84,0.001806,MISTI
20250530,0401,2024,AREQUIPA,AREQUIPA,20240723,82401,VT,2.8,32.31,3.6e-05,MISTI
20250530,0401,2024,AREQUIPA,AREQUIPA,20240723,124242,VT,5.4,40.69,0.0001,MISTI
20250530,0401,2024,AREQUIPA,AREQUIPA,20240723,141622,TO,6.5,105.86,0.011722,MISTI
20250530,0401,2024,AREQUIPA,AREQUIPA,20240724,32356,VT,5.4,36.13,7e-05,MISTI
20250530,0401,2024,AREQUIPA,AREQUIPA,20240724,64342,VT,3.4,35.68,9.2e-05,MISTI
20250530,0401,2024,AREQUIPA,AREQUIPA,20240724,75506,VT,3.8,39.41,0.000158,MISTI
20250530,0401,2024,AREQUIPA,AREQUIPA,20240724,211651,VT,3.0,15.89,4.9e-05,MISTI
20250530,0401,2024,AREQUIPA,AREQUIPA,20240724,215215,VT,8.6,12.45,0.000273,MISTI
20250530,0401,2024,AREQUIPA,AREQUIPA,20240724,234423,VT,6.6,14.6,0.000167,MISTI
20250530,0401,2024,AREQUIPA,AREQUIPA,20240725,1252,VT,2.7,12.23,2.9e-05,MISTI
20250530,0401,2024,AREQUIPA,AREQUIPA,20240725,15744,VT,7.3,20.58,0.00072,MISTI
20250530,0401,2024,AREQUIPA,AREQUIPA,20240725,33042,VT,5.1,24.76,0.000118,MISTI
20250530,0401,2024,AREQUIPA,AREQUIPA,20240725,72342,VT,4.0,13.57,5.9e-05,MISTI
20250530,0401,2024,AREQUIPA,AREQUIPA,20240725,74826,VT,3.1,25.13,4.2e-05,MISTI
20250530,0401,2024,AREQUIPA,AREQUIPA,20240725,81030,VT,5.1,25.26,0.000766,MISTI
20250530,0401,2024,AREQUIPA,AREQUIPA,20240725,91057,VT,4.4,27.11,4.9e-05,MISTI
20250530,0401,2024,AREQUIPA,AREQUIPA,20240725,102350,VT,3.2,24.35,0.001327,MISTI
20250530,0401,2024,AREQUIPA,AREQUIPA,20240725,110907,VT,5.4,18.37,5.7e-05,MISTI
20250530,0401,2024,AREQUIPA,AREQUIPA,20240726,3818,VT,3.9,14.98,4.1e-05,MISTI
20250530,0401,2024,AREQUIPA,AREQUIPA,20240726,41710,VT,3.1,25.7,0.000658,MISTI
20250530,0401,2024,AREQUIPA,AREQUIPA,20240726,84607,VT,3.2,25.4,0.001062,MISTI
20250530,0401,2024,AREQUIPA,AREQUIPA,20240726,90830,VT,5.4,16.08,3.2e-05,MISTI
20250530,0401,2024,AREQUIPA,AREQUIPA,20240726,92127,VT,6.2,8.8,1.8e-05,MISTI
20250530,0401,2024,AREQUIPA,AREQUIPA,20240726,103143,VT,3.2,25.13,0.000124,MISTI
20250530,0401,2024,AREQUIPA,AREQUIPA,20240726,114748,VT,5.2,16.51,0.000232,MISTI
20250530,0401,2024,AREQUIPA,AREQUIPA,20240726,124211,VT,4.0,17.88,4.7e-05,MISTI
20250530,0401,2024,AREQUIPA,AREQUIPA,20240726,131424,VT,3.4,23.11,0.000587,MISTI
20250530,0401,2024,AREQUIPA,AREQUIPA,20240726,131910,VT,9.7,10.36,3.7e-05,MISTI
20250530,0401,2024,AREQUIPA,AREQUIPA,20240727,25516,VT,3.8,32.72,6.4e-05,MISTI
20250530,0401,2024,AREQUIPA,AREQUIPA,20240727,60403,VT,3.1,50.07,0.000124,MISTI
20250530,0401,2024,AREQUIPA,AREQUIPA,20240727,70704,VT,5.4,40.65,5.9e-05,MISTI
20250530,0401,2024,AREQUIPA,AREQUIPA,20240727,82414,VT,3.3,39.43,4.2e-05,MISTI
20250530,0401,2024,AREQUIPA,AREQUIPA,20240727,82708,VT,2.8,30.48,4.7e-05,MISTI
20250530,0401,2024,AREQUIPA,AREQUIPA,20240727,93915,VT,7.3,58.34,9.3e-05,MISTI
20250530,0401,2024,AREQUIPA,AREQUIPA,20240727,103615,VT,9.4,37.64,5e-05,MISTI
20250530,0401,2024,AREQUIPA,AREQUIPA,20240727,112039,VT,3.4,32.02,4.2e-05,MISTI
20250530,0401,2024,AREQUIPA,AREQUIPA,20240727,120951,VT,5.3,30.67,4.4e-05,MISTI
20250530,0401,2024,AREQUIPA,AREQUIPA,20240727,160746,VT,5.5,40.27,0.000111,MISTI
20250530,0401,2024,AREQUIPA,AREQUIPA,20240727,214813,VT,5.3,30.3,8e-05,MISTI
20250530,0401,2024,AREQUIPA,AREQUIPA,20240727,215417,VT,4.6,47.18,0.000235,MISTI
20250530,0401,2024,AREQUIPA,AREQUIPA,20240727,221042,VT,5.2,43.95,7e-05,MISTI
20250530,0401,2024,AREQUIPA,AREQUIPA,20240727,221548,VT,5.2,38.51,9.6e-05,MISTI
20250530,0401,2024,AREQUIPA,AREQUIPA,20240727,230104,VT,3.4,39.82,4.7e-05,MISTI
20250530,0401,2024,AREQUIPA,AREQUIPA,20240728,11353,VT,2.8,36.78,5.7e-05,MISTI
20250530,0401,2024,AREQUIPA,AREQUIPA,20240728,12343,VT,3.1,42.34,4.8e-05,MISTI
20250530,0401,2024,AREQUIPA,AREQUIPA,20240728,12650,VT,2.8,26.79,3.8e-05,MISTI
20250530,0401,2024,AREQUIPA,AREQUIPA,20240728,15004,VT,3.1,52.89,7.1e-05,MISTI
20250530,0401,2024,AREQUIPA,AREQUIPA,20240728,104041,VT,6.4,38.28,0.000109,MISTI
20250530,0401,2024,AREQUIPA,AREQUIPA,20240728,123408,VT,3.2,40.73,6.9e-05,MISTI
20250530,0401,2024,AREQUIPA,AREQUIPA,20240728,154519,VT,5.6,36.45,5.4e-05,MISTI
20250530,0401,2024,AREQUIPA,AREQUIPA,20240728,162437,VT,3.9,23.33,4.6e-05,MISTI
20250530,0401,2024,AREQUIPA,AREQUIPA,20240728,195425,VT,5.2,30.65,0.000883,MISTI
20250530,0401,2024,AREQUIPA,AREQUIPA,20240729,152729,VT,2.7,95.02,0.000483,MISTI
20250530,0401,2024,AREQUIPA,AREQUIPA,20240729,202719,VT,5.4,41.18,0.000159,MISTI
20250530,0401,2024,AREQUIPA,AREQUIPA,20240730,134543,VT,3.5,86.52,0.000614,MISTI
20250530,0401,2024,AREQUIPA,AREQUIPA,20240731,90312,VT,5.2,34.53,4.8e-05,MISTI
20250530,0401,2024,AREQUIPA,AREQUIPA,20240731,93728,VT,3.1,50.44,8e-05,MISTI
20250530,0401,2024,AREQUIPA,AREQUIPA,20240731,120725,VT,4.8,51.9,0.000108,MISTI
20250530,0401,2024,AREQUIPA,AREQUIPA,20240731,130516,VT,2.5,62.51,0.000101,MISTI
20250530,0401,2024,AREQUIPA,AREQUIPA,20240731,144302,VT,3.1,53.94,0.000177,MISTI
20250530,0401,2024,AREQUIPA,AREQUIPA,20240731,231342,VT,5.4,34.03,7.3e-05,MISTI
20250530,0401,2024,AREQUIPA,AREQUIPA,20240801,31225,VT,5.3,48.57,0.000159,MISTI
20250530,0401,2024,AREQUIPA,AREQUIPA,20240801,34703,VT,3.2,40.43,3e-05,MISTI
20250530,0401,2024,AREQUIPA,AREQUIPA,20240801,40036,VT,3.5,33.63,3.8e-05,MISTI
20250530,0401,2024,AREQUIPA,AREQUIPA,20240801,71855,VT,4.9,49.76,2.8e-05,MISTI
20250530,0401,2024,AREQUIPA,AREQUIPA,20240801,111056,VT,6.3,74.66,0.049409,MISTI
20250530,0401,2024,AREQUIPA,AREQUIPA,20240801,120441,VT,4.1,25.45,4.4e-05,MISTI
20250530,0401,2024,AREQUIPA,AREQUIPA,20240801,125312,VT,5.3,42.45,4.5e-05,MISTI
20250530,0401,2024,AREQUIPA,AREQUIPA,20240801,130413,VT,2.9,39.18,0.000467,MISTI
20250530,0401,2024,AREQUIPA,AREQUIPA,20240801,151517,VT,5.2,44.8,0.000903,MISTI
20250530,0401,2024,AREQUIPA,AREQUIPA,20240801,161214,VT,3.1,13.96,0.000212,MISTI
20250530,0401,2024,AREQUIPA,AREQUIPA,20240801,162959,VT,8.8,37.92,0.000649,MISTI
20250530,0401,2024,AREQUIPA,AREQUIPA,20240801,164601,VT,5.5,18.05,0.000143,MISTI
20250530,0401,2024,AREQUIPA,AREQUIPA,20240801,164931,VT,5.5,34.57,0.000241,MISTI
20250530,0401,2024,AREQUIPA,AREQUIPA,20240802,74414,VT,5.3,28.76,2.2e-05,MISTI
20250530,0401,2024,AREQUIPA,AREQUIPA,20240802,84508,VT,5.5,40.94,7.2e-05,MISTI
20250530,0401,2024,AREQUIPA,AREQUIPA,20240802,91134,VT,2.8,10.86,1.9e-05,MISTI
20250530,0401,2024,AREQUIPA,AREQUIPA,20240802,91341,VT,3.6,19.77,0.000165,MISTI
20250530,0401,2024,AREQUIPA,AREQUIPA,20240802,93930,VT,3.4,16.18,4.2e-05,MISTI
20250530,0401,2024,AREQUIPA,AREQUIPA,20240802,101947,VT,4.7,14.83,0.000128,MISTI
20250530,0401,2024,AREQUIPA,AREQUIPA,20240802,102206,VT,3.4,26.71,2.8e-05,MISTI
20250530,0401,2024,AREQUIPA,AREQUIPA,20240802,103209,VT,3.5,25.2,3.1e-05,MISTI
20250530,0401,2024,AREQUIPA,AREQUIPA,20240802,103917,VT,3.3,11.17,1.1e-05,MISTI
20250530,0401,2024,AREQUIPA,AREQUIPA,20240802,105257,VT,4.6,11.87,1.6e-05,MISTI
20250530,0401,2024,AREQUIPA,AREQUIPA,20240802,112736,VT,2.8,17.96,2.6e-05,MISTI
20250530,0401,2024,AREQUIPA,AREQUIPA,20240802,115000,VT,3.7,34.75,9.9e-05,MISTI
20250530,0401,2024,AREQUIPA,AREQUIPA,20240802,123139,VT,3.1,28.36,2.9e-05,MISTI
20250530,0401,2024,AREQUIPA,AREQUIPA,20240802,132105,VT,3.2,22.64,7.4e-05,MISTI
20250530,0401,2024,AREQUIPA,AREQUIPA,20240802,163816,VT,4.0,21.24,0.000249,MISTI
20250530,0401,2024,AREQUIPA,AREQUIPA,20240802,203433,VT,7.3,18.07,0.000533,MISTI
20250530,0401,2024,AREQUIPA,AREQUIPA,20240802,204009,VT,5.4,13.97,6.5e-05,MISTI
20250530,0401,2024,AREQUIPA,AREQUIPA,20240802,222100,VT,3.4,17.44,0.000271,MISTI
20250530,0401,2024,AREQUIPA,AREQUIPA,20240802,222715,VT,5.5,10.88,3.6e-05,MISTI
20250530,0401,2024,AREQUIPA,AREQUIPA,20240802,235812,VT,6.2,12.19,4.6e-05,MISTI
20250530,0401,2024,AREQUIPA,AREQUIPA,20240803,818,VT,5.3,15.37,6.5e-05,MISTI
20250530,0401,2024,AREQUIPA,AREQUIPA,20240803,1903,VT,3.8,18.77,0.000125,MISTI
20250530,0401,2024,AREQUIPA,AREQUIPA,20240803,2614,VT,5.5,12.4,4.1e-05,MISTI
20250530,0401,2024,AREQUIPA,AREQUIPA,20240803,2646,VT,3.4,17.41,8.7e-05,MISTI
20250530,0401,2024,AREQUIPA,AREQUIPA,20240803,3618,VT,7.3,14.41,4.6e-05,MISTI
20250530,0401,2024,AREQUIPA,AREQUIPA,20240803,5809,VT,5.3,17.9,5.3e-05,MISTI
20250530,0401,2024,AREQUIPA,AREQUIPA,20240803,95015,VT,5.3,18.69,4.7e-05,MISTI
20250530,0401,2024,AREQUIPA,AREQUIPA,20240804,43432,VT,3.4,20.21,0.000664,MISTI
20250530,0401,2024,AREQUIPA,AREQUIPA,20240804,124739,VT,3.4,17.74,2e-05,MISTI
20250530,0401,2024,AREQUIPA,AREQUIPA,20240804,151201,VT,5.2,16.49,7.3e-05,MISTI
20250530,0401,2024,AREQUIPA,AREQUIPA,20240804,151914,VT,3.0,28.63,0.000109,MISTI
20250530,0401,2024,AREQUIPA,AREQUIPA,20240804,162055,VT,5.5,17.6,7.1e-05,MISTI
20250530,0401,2024,AREQUIPA,AREQUIPA,20240804,183903,VT,4.7,19.47,0.000104,MISTI
20250530,0401,2024,AREQUIPA,AREQUIPA,20240804,211243,VT,5.5,17.42,6.2e-05,MISTI
20250530,0401,2024,AREQUIPA,AREQUIPA,20240805,4539,VT,3.7,14.73,5.1e-05,MISTI
20250530,0401,2024,AREQUIPA,AREQUIPA,20240805,44151,VT,3.4,19.31,5.1e-05,MISTI
20250530,0401,2024,AREQUIPA,AREQUIPA,20240805,224939,VT,5.3,26.62,0.000154,MISTI
20250530,0401,2024,AREQUIPA,AREQUIPA,20240807,142518,VT,2.5,40.54,0.000166,MISTI
20250530,0401,2024,AREQUIPA,AREQUIPA,20240807,142941,VT,3.1,34.56,7.6e-05,MISTI
20250530,0401,2024,AREQUIPA,AREQUIPA,20240807,160557,VT,5.4,23.61,0.000945,MISTI
20250530,0401,2024,AREQUIPA,AREQUIPA,20240807,162202,VT,2.8,19.92,9.8e-05,MISTI
20250530,0401,2024,AREQUIPA,AREQUIPA,20240807,175431,VT,3.0,30.25,0.000959,MISTI
20250530,0401,2024,AREQUIPA,AREQUIPA,20240807,184227,VT,2.9,15.5,0.000322,MISTI
20250530,0401,2024,AREQUIPA,AREQUIPA,20240807,211247,VT,5.1,12.25,0.000491,MISTI
20250530,0401,2024,AREQUIPA,AREQUIPA,20240808,152020,VT,3.0,16.59,8.1e-05,MISTI
20250530,0401,2024,AREQUIPA,AREQUIPA,20240810,23913,VT,3.1,35.66,0.000161,MISTI
20250530,0401,2024,AREQUIPA,AREQUIPA,20240810,42309,VT,3.1,21.51,6e-05,MISTI
20250530,0401,2024,AREQUIPA,AREQUIPA,20240810,81838,TO,3.7,73.97,0.006015,MISTI
20250530,0401,2024,AREQUIPA,AREQUIPA,20240810,101724,VT,4.1,24.47,6.1e-05,MISTI
20250530,0401,2024,AREQUIPA,AREQUIPA,20240810,104102,VT,5.2,16.28,3.8e-05,MISTI
20250530,0401,2024,AREQUIPA,AREQUIPA,20240810,113452,VT,2.6,10.95,3e-05,MISTI
20250530,0401,2024,AREQUIPA,AREQUIPA,20240810,134417,VT,3.2,16.73,6.6e-05,MISTI
20250530,0401,2024,AREQUIPA,AREQUIPA,20240810,163030,VT,5.5,15.38,0.000413,MISTI
20250530,0401,2024,AREQUIPA,AREQUIPA,20240810,205151,VT,5.5,21.31,0.000465,MISTI
20250530,0401,2024,AREQUIPA,AREQUIPA,20240810,211848,VT,4.1,13.99,0.000187,MISTI
20250530,0401,2024,AREQUIPA,AREQUIPA,20240811,55724,VT,4.7,20.85,0.000495,MISTI
20250530,0401,2024,AREQUIPA,AREQUIPA,20240811,81857,VT,3.0,15.64,0.000242,MISTI
20250530,0401,2024,AREQUIPA,AREQUIPA,20240811,103152,VT,2.7,16.09,4.2e-05,MISTI
20250530,0401,2024,AREQUIPA,AREQUIPA,20240811,112259,VT,3.4,25.29,0.000417,MISTI
20250530,0401,2024,AREQUIPA,AREQUIPA,20240811,131153,VT,4.8,14.27,1.8e-05,MISTI
20250530,0401,2024,AREQUIPA,AREQUIPA,20240812,12955,VT,3.2,26.47,6.8e-05,MISTI
20250530,0401,2024,AREQUIPA,AREQUIPA,20240812,20239,VT,4.1,17.87,0.000261,MISTI
20250530,0401,2024,AREQUIPA,AREQUIPA,20240812,25655,VT,5.2,21.34,0.000526,MISTI
20250530,0401,2024,AREQUIPA,AREQUIPA,20240812,42321,VT,13.2,14.82,7.4e-05,MISTI
20250530,0401,2024,AREQUIPA,AREQUIPA,20240812,44710,VT,6.5,17.63,2.9e-05,MISTI
20250530,0401,2024,AREQUIPA,AREQUIPA,20240812,50651,VT,5.2,21.1,0.000926,MISTI
20250530,0401,2024,AREQUIPA,AREQUIPA,20240812,53449,VT,5.3,14.93,2.2e-05,MISTI
20250530,0401,2024,AREQUIPA,AREQUIPA,20240812,55900,VT,4.6,16.9,0.00046,MISTI
20250530,0401,2024,AREQUIPA,AREQUIPA,20240812,75655,VT,5.5,15.04,0.000163,MISTI
20250530,0401,2024,AREQUIPA,AREQUIPA,20240812,82020,VT,4.6,16.41,5.1e-05,MISTI
20250530,0401,2024,AREQUIPA,AREQUIPA,20240812,90403,VT,3.3,15.35,1.4e-05,MISTI
20250530,0401,2024,AREQUIPA,AREQUIPA,20240812,91343,VT,5.2,21.94,3e-05,MISTI
20250530,0401,2024,AREQUIPA,AREQUIPA,20240812,155138,VT,2.9,14.7,0.000386,MISTI
20250530,0401,2024,AREQUIPA,AREQUIPA,20240812,211244,VT,3.4,17.84,0.000688,MISTI
20250530,0401,2024,AREQUIPA,AREQUIPA,20240812,212301,VT,3.6,21.55,6.3e-05,MISTI
20250530,0401,2024,AREQUIPA,AREQUIPA,20240813,21503,VT,3.1,21.75,2.6e-05,MISTI
20250530,0401,2024,AREQUIPA,AREQUIPA,20240813,25240,VT,3.1,19.08,2.2e-05,MISTI
20250530,0401,2024,AREQUIPA,AREQUIPA,20240813,31750,VT,5.2,21.49,0.000636,MISTI
20250530,0401,2024,AREQUIPA,AREQUIPA,20240813,32427,VT,3.4,19.49,7e-05,MISTI
20250530,0401,2024,AREQUIPA,AREQUIPA,20240813,35400,VT,3.0,22.15,5.5e-05,MISTI
20250530,0401,2024,AREQUIPA,AREQUIPA,20240813,40233,VT,2.9,13.57,2e-05,MISTI
20250530,0401,2024,AREQUIPA,AREQUIPA,20240813,140230,VT,2.4,15.67,3.8e-05,MISTI
20250530,0401,2024,AREQUIPA,AREQUIPA,20240813,203048,VT,3.2,120.62,0.004211,MISTI
20250530,0401,2024,AREQUIPA,AREQUIPA,20240814,10609,VT,5.3,26.76,8.2e-05,MISTI
20250530,0401,2024,AREQUIPA,AREQUIPA,20240814,11507,VT,5.4,15.64,3.6e-05,MISTI
20250530,0401,2024,AREQUIPA,AREQUIPA,20240814,41244,TO,8.4,49.17,0.001058,MISTI
20250530,0401,2024,AREQUIPA,AREQUIPA,20240814,73320,VT,5.2,17.57,4.7e-05,MISTI
20250530,0401,2024,AREQUIPA,AREQUIPA,20240814,73437,VT,5.3,15.56,2.8e-05,MISTI
20250530,0401,2024,AREQUIPA,AREQUIPA,20240814,75641,VT,5.2,14.75,3.6e-05,MISTI
20250530,0401,2024,AREQUIPA,AREQUIPA,20240815,1620,VT,5.2,8.96,7e-06,MISTI
20250530,0401,2024,AREQUIPA,AREQUIPA,20240815,2609,VT,3.1,9.18,5e-05,MISTI
20250530,0401,2024,AREQUIPA,AREQUIPA,20240815,5824,VT,3.1,9.76,1.8e-05,MISTI
20250530,0401,2024,AREQUIPA,AREQUIPA,20240815,33752,VT,3.5,9.78,1.5e-05,MISTI
20250530,0401,2024,AREQUIPA,AREQUIPA,20240815,34828,VT,5.2,9.28,1.6e-05,MISTI
20250530,0401,2024,AREQUIPA,AREQUIPA,20240815,43633,VT,3.4,12.81,1.6e-05,MISTI
20250530,0401,2024,AREQUIPA,AREQUIPA,20240815,53902,VT,7.3,9.81,5.4e-05,MISTI
20250530,0401,2024,AREQUIPA,AREQUIPA,20240815,75054,VT,5.3,10.32,6e-06,MISTI
20250530,0401,2024,AREQUIPA,AREQUIPA,20240815,81437,VT,12.2,8.69,1.6e-05,MISTI
20250530,0401,2024,AREQUIPA,AREQUIPA,20240815,82037,VT,3.7,9.13,1.5e-05,MISTI
20250530,0401,2024,AREQUIPA,AREQUIPA,20240815,83847,VT,9.8,8.76,5e-06,MISTI
20250530,0401,2024,AREQUIPA,AREQUIPA,20240815,102408,VT,2.9,10.01,2e-05,MISTI
20250530,0401,2024,AREQUIPA,AREQUIPA,20240815,103327,VT,5.5,10.33,2.8e-05,MISTI
20250530,0401,2024,AREQUIPA,AREQUIPA,20240815,143115,VT,4.1,10.59,0.000101,MISTI
20250530,0401,2024,AREQUIPA,AREQUIPA,20240815,222825,VT,3.0,7.87,1.4e-05,MISTI
20250530,0401,2024,AREQUIPA,AREQUIPA,20240815,223220,VT,5.3,8.71,0.000164,MISTI
20250530,0401,2024,AREQUIPA,AREQUIPA,20240815,225241,VT,6.2,11.71,0.000248,MISTI
20250530,0401,2024,AREQUIPA,AREQUIPA,20240815,232554,VT,5.1,11.07,4.6e-05,MISTI
20250530,0401,2024,AREQUIPA,AREQUIPA,20240816,51046,VT,4.1,10.83,1.6e-05,MISTI
20250530,0401,2024,AREQUIPA,AREQUIPA,20240816,73528,VT,3.2,12.89,9e-06,MISTI
20250530,0401,2024,AREQUIPA,AREQUIPA,20240816,83843,VT,3.5,11.22,1.3e-05,MISTI
20250530,0401,2024,AREQUIPA,AREQUIPA,20240816,84631,VT,6.0,10.4,3.2e-05,MISTI
20250530,0401,2024,AREQUIPA,AREQUIPA,20240816,103225,VT,5.1,10.54,1.8e-05,MISTI
20250530,0401,2024,AREQUIPA,AREQUIPA,20240816,104041,VT,3.7,8.98,3.7e-05,MISTI
20250530,0401,2024,AREQUIPA,AREQUIPA,20240816,105622,VT,5.1,7.78,0.000163,MISTI
20250530,0401,2024,AREQUIPA,AREQUIPA,20240816,113418,VT,3.3,8.09,1.6e-05,MISTI
20250530,0401,2024,AREQUIPA,AREQUIPA,20240816,114400,VT,6.7,9.3,1.6e-05,MISTI
20250530,0401,2024,AREQUIPA,AREQUIPA,20240816,145729,VT,11.2,8.02,2.2e-05,MISTI
20250530,0401,2024,AREQUIPA,AREQUIPA,20240816,152613,VT,2.9,12.6,0.003933,MISTI
20250530,0401,2024,AREQUIPA,AREQUIPA,20240817,34012,VT,5.2,18.33,2.8e-05,MISTI
20250530,0401,2024,AREQUIPA,AREQUIPA,20240817,41843,VT,5.2,17.87,7.4e-05,MISTI
20250530,0401,2024,AREQUIPA,AREQUIPA,20240817,42621,VT,2.9,15.76,0.000355,MISTI
20250530,0401,2024,AREQUIPA,AREQUIPA,20240817,43308,VT,4.1,14.8,9.5e-05,MISTI
20250530,0401,2024,AREQUIPA,AREQUIPA,20240817,74828,VT,5.1,12.27,0.000154,MISTI
20250530,0401,2024,AREQUIPA,AREQUIPA,20240817,84545,VT,3.4,15.67,4.1e-05,MISTI
20250530,0401,2024,AREQUIPA,AREQUIPA,20240817,92305,VT,8.9,16.54,2.5e-05,MISTI
20250530,0401,2024,AREQUIPA,AREQUIPA,20240817,100802,VT,2.9,14.73,2.5e-05,MISTI
20250530,0401,2024,AREQUIPA,AREQUIPA,20240817,104111,TO,3.8,52.53,0.000426,MISTI
20250530,0401,2024,AREQUIPA,AREQUIPA,20240817,155128,VT,5.5,16.61,0.000645,MISTI
20250530,0401,2024,AREQUIPA,AREQUIPA,20240817,204920,VT,8.9,17.45,0.002653,MISTI
20250530,0401,2024,AREQUIPA,AREQUIPA,20240818,2952,VT,8.2,13.7,4.6e-05,MISTI
20250530,0401,2024,AREQUIPA,AREQUIPA,20240819,1639,VT,3.7,8.88,4.7e-05,MISTI
20250530,0401,2024,AREQUIPA,AREQUIPA,20240819,4147,VT,5.2,13.58,6.3e-05,MISTI
20250530,0401,2024,AREQUIPA,AREQUIPA,20240819,10743,VT,3.7,11.36,1.7e-05,MISTI
20250530,0401,2024,AREQUIPA,AREQUIPA,20240819,11255,VT,3.6,9.78,1.5e-05,MISTI
20250530,0401,2024,AREQUIPA,AREQUIPA,20240819,14819,VT,5.2,8.71,2.2e-05,MISTI
20250530,0401,2024,AREQUIPA,AREQUIPA,20240819,24944,VT,2.4,14.16,0.000415,MISTI
20250530,0401,2024,AREQUIPA,AREQUIPA,20240819,51238,VT,3.4,11.5,2.5e-05,MISTI
20250530,0401,2024,AREQUIPA,AREQUIPA,20240819,60830,VD,7.4,19.59,0.000143,MISTI
20250530,0401,2024,AREQUIPA,AREQUIPA,20240819,193656,VT,5.1,8.37,0.000137,MISTI
20250530,0401,2024,AREQUIPA,AREQUIPA,20240819,200458,VT,4.2,13.14,0.000614,MISTI
20250530,0401,2024,AREQUIPA,AREQUIPA,20240819,204218,VT,5.3,10.82,0.000489,MISTI
20250530,0401,2024,AREQUIPA,AREQUIPA,20240820,15758,VT,5.7,10.71,1e-05,MISTI
20250530,0401,2024,AREQUIPA,AREQUIPA,20240820,44910,VT,4.1,9.28,7e-06,MISTI
20250530,0401,2024,AREQUIPA,AREQUIPA,20240820,51315,VT,6.3,7.15,1e-05,MISTI
20250530,0401,2024,AREQUIPA,AREQUIPA,20240820,63525,VT,5.4,9.76,8e-06,MISTI
20250530,0401,2024,AREQUIPA,AREQUIPA,20240820,72139,VT,5.4,6.11,4e-06,MISTI
20250530,0401,2024,AREQUIPA,AREQUIPA,20240821,181011,VT,3.2,17.98,0.004277,MISTI
20250530,0401,2024,AREQUIPA,AREQUIPA,20240821,193931,VT,5.3,10.64,0.00063,MISTI
20250530,0401,2024,AREQUIPA,AREQUIPA,20240821,202835,VT,4.6,11.54,0.000412,MISTI
20250530,0401,2024,AREQUIPA,AREQUIPA,20240821,203233,VT,4.7,13.02,0.000595,MISTI
20250530,0401,2024,AREQUIPA,AREQUIPA,20240823,15759,VT,3.1,9.05,3.8e-05,MISTI
20250530,0401,2024,AREQUIPA,AREQUIPA,20240823,34234,VT,5.8,11.3,0.015739,MISTI
20250530,0401,2024,AREQUIPA,AREQUIPA,20240823,62703,VT,4.1,10.85,4.1e-05,MISTI
20250530,0401,2024,AREQUIPA,AREQUIPA,20240823,63127,VT,3.4,12.4,6.6e-05,MISTI
20250530,0401,2024,AREQUIPA,AREQUIPA,20240823,65246,VT,3.0,9.83,3.5e-05,MISTI
20250530,0401,2024,AREQUIPA,AREQUIPA,20240823,95232,VT,4.7,8.34,3.3e-05,MISTI
20250530,0401,2024,AREQUIPA,AREQUIPA,20240824,41609,VT,6.5,11.23,0.000125,MISTI
20250530,0401,2024,AREQUIPA,AREQUIPA,20240824,70707,VT,4.7,10.41,0.00012,MISTI
20250530,0401,2024,AREQUIPA,AREQUIPA,20240824,74849,VT,4.6,9.17,2.5e-05,MISTI
20250530,0401,2024,AREQUIPA,AREQUIPA,20240824,123857,VT,5.5,14.78,0.000304,MISTI
20250530,0401,2024,AREQUIPA,AREQUIPA,20240824,152951,VT,2.6,15.81,5.4e-05,MISTI
20250530,0401,2024,AREQUIPA,AREQUIPA,20240824,164715,VT,2.9,8.51,3.9e-05,MISTI
20250530,0401,2024,AREQUIPA,AREQUIPA,20240825,13358,VT,3.4,9.98,1.8e-05,MISTI
20250530,0401,2024,AREQUIPA,AREQUIPA,20240825,41645,VT,2.9,8.93,1.6e-05,MISTI
20250530,0401,2024,AREQUIPA,AREQUIPA,20240825,45833,VT,3.7,13.57,4.5e-05,MISTI
20250530,0401,2024,AREQUIPA,AREQUIPA,20240825,50245,VT,3.0,9.11,1.5e-05,MISTI
20250530,0401,2024,AREQUIPA,AREQUIPA,20240825,81649,VT,2.9,16.31,5.8e-05,MISTI
20250530,0401,2024,AREQUIPA,AREQUIPA,20240825,91630,VT,5.0,13.08,1.1e-05,MISTI
20250530,0401,2024,AREQUIPA,AREQUIPA,20240825,133332,VT,7.3,9.58,0.000198,MISTI
20250530,0401,2024,AREQUIPA,AREQUIPA,20240825,141831,VT,5.5,12.6,2.2e-05,MISTI
20250530,0401,2024,AREQUIPA,AREQUIPA,20240825,151639,VD,2.9,11.85,0.000438,MISTI
20250530,0401,2024,AREQUIPA,AREQUIPA,20240825,170702,VT,2.9,10.72,3e-05,MISTI
20250530,0401,2024,AREQUIPA,AREQUIPA,20240825,172742,VT,5.4,10.13,0.00035,MISTI
20250530,0401,2024,AREQUIPA,AREQUIPA,20240826,31539,VT,4.6,12.09,1.1e-05,MISTI
20250530,0401,2024,AREQUIPA,AREQUIPA,20240826,41236,VT,4.2,9.3,8e-06,MISTI
20250530,0401,2024,AREQUIPA,AREQUIPA,20240826,54110,VT,4.0,11.15,1e-05,MISTI
20250530,0401,2024,AREQUIPA,AREQUIPA,20240826,64408,VT,3.4,10.27,5e-06,MISTI
20250530,0401,2024,AREQUIPA,AREQUIPA,20240826,71342,VT,2.9,10.91,1.1e-05,MISTI
20250530,0401,2024,AREQUIPA,AREQUIPA,20240826,80629,VT,3.1,8.91,6e-06,MISTI
20250530,0401,2024,AREQUIPA,AREQUIPA,20240826,91025,VT,3.8,11.01,1e-05,MISTI
20250530,0401,2024,AREQUIPA,AREQUIPA,20240826,100902,VT,3.5,11.36,1.6e-05,MISTI
20250530,0401,2024,AREQUIPA,AREQUIPA,20240826,102012,VT,3.1,8.25,9e-06,MISTI
20250530,0401,2024,AREQUIPA,AREQUIPA,20240826,120427,VT,5.5,10.34,1.4e-05,MISTI
20250530,0401,2024,AREQUIPA,AREQUIPA,20240826,121801,VT,2.4,10.89,1.9e-05,MISTI
20250530,0401,2024,AREQUIPA,AREQUIPA,20240826,123529,VT,2.4,13.79,2e-05,MISTI
20250530,0401,2024,AREQUIPA,AREQUIPA,20240827,94615,VT,3.1,11.76,1.5e-05,MISTI
20250530,0401,2024,AREQUIPA,AREQUIPA,20240828,33914,VT,5.5,10.78,1.4e-05,MISTI
20250530,0401,2024,AREQUIPA,AREQUIPA,20240828,65421,VT,4.7,9.57,2.8e-05,MISTI
20250530,0401,2024,AREQUIPA,AREQUIPA,20240828,65617,VT,4.2,9.62,1.1e-05,MISTI
20250530,0401,2024,AREQUIPA,AREQUIPA,20240828,65713,VT,3.4,9.64,1.3e-05,MISTI
20250530,0401,2024,AREQUIPA,AREQUIPA,20240828,74633,VT,5.3,16.74,0.000629,MISTI
20250530,0401,2024,AREQUIPA,AREQUIPA,20240828,143947,VT,3.0,12.04,0.000191,MISTI
20250530,0401,2024,AREQUIPA,AREQUIPA,20240829,1100,VT,16.4,5.56,4.1e-05,MISTI
20250530,0401,2024,AREQUIPA,AREQUIPA,20240829,20439,VT,7.3,9.87,0.000553,MISTI
20250530,0401,2024,AREQUIPA,AREQUIPA,20240829,53458,VT,5.4,8.55,1.4e-05,MISTI
20250530,0401,2024,AREQUIPA,AREQUIPA,20240829,70208,VT,5.3,11.84,2.9e-05,MISTI
20250530,0401,2024,AREQUIPA,AREQUIPA,20240829,74849,VT,2.9,10.08,1.7e-05,MISTI
20250530,0401,2024,AREQUIPA,AREQUIPA,20240829,80154,VT,2.9,7.22,2.6e-05,MISTI
20250530,0401,2024,AREQUIPA,AREQUIPA,20240829,82003,VT,6.2,7.84,2.7e-05,MISTI
20250530,0401,2024,AREQUIPA,AREQUIPA,20240829,93730,VT,5.2,8.19,1.6e-05,MISTI
20250530,0401,2024,AREQUIPA,AREQUIPA,20240829,95413,VT,6.4,12.19,3.2e-05,MISTI
20250530,0401,2024,AREQUIPA,AREQUIPA,20240829,101805,VT,5.2,8.53,5.1e-05,MISTI
20250530,0401,2024,AREQUIPA,AREQUIPA,20240829,171756,VT,3.9,17.12,0.000109,MISTI
20250530,0401,2024,AREQUIPA,AREQUIPA,20240829,181543,VT,4.3,9.2,0.000149,MISTI
20250530,0401,2024,AREQUIPA,AREQUIPA,20240829,215753,VT,5.5,10.95,0.000781,MISTI
20250530,0401,2024,AREQUIPA,AREQUIPA,20240829,220033,VT,5.5,10.69,0.001822,MISTI
20250530,0401,2024,AREQUIPA,AREQUIPA,20240829,223435,VT,7.3,8.32,4.3e-05,MISTI
20250530,0401,2024,AREQUIPA,AREQUIPA,20240829,223709,VT,7.3,10.39,5.9e-05,MISTI
20250530,0401,2024,AREQUIPA,AREQUIPA,20240829,234024,VT,5.3,13.17,0.000225,MISTI
20250530,0401,2024,AREQUIPA,AREQUIPA,20240830,30134,VT,5.5,11.1,0.000361,MISTI
20250530,0401,2024,AREQUIPA,AREQUIPA,20240830,30339,VT,5.3,9.47,0.000177,MISTI
20250530,0401,2024,AREQUIPA,AREQUIPA,20240830,55409,VT,2.8,10.92,0.000162,MISTI
20250530,0401,2024,AREQUIPA,AREQUIPA,20240830,103315,VT,5.3,15.43,3.5e-05,MISTI
20250530,0401,2024,AREQUIPA,AREQUIPA,20240830,104737,VT,5.4,8.47,1.5e-05,MISTI
20250530,0401,2024,AREQUIPA,AREQUIPA,20240830,121108,VT,2.8,7.95,0.000148,MISTI
20250530,0401,2024,AREQUIPA,AREQUIPA,20240830,125314,VT,2.8,7.07,0.000154,MISTI
20250530,0401,2024,AREQUIPA,AREQUIPA,20240830,130146,VT,2.5,11.47,5.5e-05,MISTI
20250530,0401,2024,AREQUIPA,AREQUIPA,20240830,130426,VT,2.7,12.27,3.3e-05,MISTI
20250530,0401,2024,AREQUIPA,AREQUIPA,20240830,140217,VT,2.5,8.82,0.00015,MISTI
20250530,0401,2024,AREQUIPA,AREQUIPA,20240830,142143,VT,5.3,8.54,0.00065,MISTI
20250530,0401,2024,AREQUIPA,AREQUIPA,20240831,10218,VT,4.8,9.23,5.5e-05,MISTI
20250530,0401,2024,AREQUIPA,AREQUIPA,20240831,10710,VT,5.2,9.1,0.000112,MISTI
20250530,0401,2024,AREQUIPA,AREQUIPA,20240831,20541,VT,5.3,14.97,9.1e-05,MISTI
20250530,0401,2024,AREQUIPA,AREQUIPA,20240901,221517,VT,6.2,10.75,3.4e-05,MISTI
20250530,0401,2024,AREQUIPA,AREQUIPA,20240901,230841,VT,3.2,14.45,1.4e-05,MISTI
20250530,0401,2024,AREQUIPA,AREQUIPA,20240901,232055,VT,7.4,8.54,2.2e-05,MISTI
20250530,0401,2024,AREQUIPA,AREQUIPA,20240901,235230,VT,5.3,8.92,2.1e-05,MISTI
20250530,0401,2024,AREQUIPA,AREQUIPA,20240902,22057,VT,8.8,11.87,0.000527,MISTI
20250530,0401,2024,AREQUIPA,AREQUIPA,20240902,31124,VT,5.5,9.93,0.000144,MISTI
20250530,0401,2024,AREQUIPA,AREQUIPA,20240902,32733,VT,8.8,9.88,2.6e-05,MISTI
20250530,0401,2024,AREQUIPA,AREQUIPA,20240902,40845,VT,5.5,11.07,0.000116,MISTI
20250530,0401,2024,AREQUIPA,AREQUIPA,20240902,41052,VT,5.4,9.36,1.3e-05,MISTI
20250530,0401,2024,AREQUIPA,AREQUIPA,20240902,50937,VT,5.3,11.72,2.6e-05,MISTI
20250530,0401,2024,AREQUIPA,AREQUIPA,20240902,51125,VT,3.7,10.48,3.9e-05,MISTI
20250530,0401,2024,AREQUIPA,AREQUIPA,20240902,51424,VT,5.5,10.33,0.000118,MISTI
20250530,0401,2024,AREQUIPA,AREQUIPA,20240902,51750,VT,3.0,8.08,1.2e-05,MISTI
20250530,0401,2024,AREQUIPA,AREQUIPA,20240902,52723,VT,3.4,9.39,3.5e-05,MISTI
20250530,0401,2024,AREQUIPA,AREQUIPA,20240902,53448,VT,5.4,11.66,0.000417,MISTI
20250530,0401,2024,AREQUIPA,AREQUIPA,20240902,54136,VT,6.2,7.79,1.1e-05,MISTI
20250530,0401,2024,AREQUIPA,AREQUIPA,20240902,62752,VT,3.1,13.38,2.3e-05,MISTI
20250530,0401,2024,AREQUIPA,AREQUIPA,20240902,63814,VT,3.2,13.4,2.1e-05,MISTI
20250530,0401,2024,AREQUIPA,AREQUIPA,20240902,64130,VT,3.1,16.18,7.9e-05,MISTI
20250530,0401,2024,AREQUIPA,AREQUIPA,20240902,64453,VT,3.2,13.23,2.7e-05,MISTI
20250530,0401,2024,AREQUIPA,AREQUIPA,20240902,73558,VT,6.3,11.17,1.1e-05,MISTI
20250530,0401,2024,AREQUIPA,AREQUIPA,20240902,144801,VT,5.5,8.73,0.000408,MISTI
20250530,0401,2024,AREQUIPA,AREQUIPA,20240902,172418,VT,5.3,8.09,0.000273,MISTI
20250530,0401,2024,AREQUIPA,AREQUIPA,20240903,5756,VT,8.4,9.75,0.000184,MISTI
20250530,0401,2024,AREQUIPA,AREQUIPA,20240903,20740,VT,3.0,7.69,4.7e-05,MISTI
20250530,0401,2024,AREQUIPA,AREQUIPA,20240903,22258,VT,5.5,11.62,2.5e-05,MISTI
20250530,0401,2024,AREQUIPA,AREQUIPA,20240903,50327,VT,3.4,9.88,0.000114,MISTI
20250530,0401,2024,AREQUIPA,AREQUIPA,20240903,60810,VD,6.3,13.9,8e-06,MISTI
20250530,0401,2024,AREQUIPA,AREQUIPA,20240903,61531,VT,2.9,10.28,1.2e-05,MISTI
20250530,0401,2024,AREQUIPA,AREQUIPA,20240903,75645,VT,4.1,9.68,5e-06,MISTI
20250530,0401,2024,AREQUIPA,AREQUIPA,20240903,81015,VT,3.7,13.18,1.1e-05,MISTI
20250530,0401,2024,AREQUIPA,AREQUIPA,20240903,81705,VT,8.4,9.8,1.1e-05,MISTI
20250530,0401,2024,AREQUIPA,AREQUIPA,20240903,83224,VT,3.8,9.32,1e-05,MISTI
20250530,0401,2024,AREQUIPA,AREQUIPA,20240903,83535,VT,5.5,11.26,1.5e-05,MISTI
20250530,0401,2024,AREQUIPA,AREQUIPA,20240903,84458,VT,3.3,10.4,9e-06,MISTI
20250530,0401,2024,AREQUIPA,AREQUIPA,20240903,84659,VT,4.1,10.81,3e-05,MISTI
20250530,0401,2024,AREQUIPA,AREQUIPA,20240903,85837,VT,3.5,15.32,1.8e-05,MISTI
20250530,0401,2024,AREQUIPA,AREQUIPA,20240903,90932,VT,6.2,8.27,2.2e-05,MISTI
20250530,0401,2024,AREQUIPA,AREQUIPA,20240903,101657,VT,5.5,9.31,5.1e-05,MISTI
20250530,0401,2024,AREQUIPA,AREQUIPA,20240903,104746,VT,4.4,10.36,2.5e-05,MISTI
20250530,0401,2024,AREQUIPA,AREQUIPA,20240903,110414,VT,3.6,10.14,0.000115,MISTI
20250530,0401,2024,AREQUIPA,AREQUIPA,20240903,112132,VT,5.5,9.17,0.000214,MISTI
20250530,0401,2024,AREQUIPA,AREQUIPA,20240903,113217,VT,5.5,10.36,1.9e-05,MISTI
20250530,0401,2024,AREQUIPA,AREQUIPA,20240903,114653,VT,4.7,12.52,0.000277,MISTI
20250530,0401,2024,AREQUIPA,AREQUIPA,20240903,123925,VT,2.4,8.31,1.5e-05,MISTI
20250530,0401,2024,AREQUIPA,AREQUIPA,20240903,124553,VT,3.1,8.66,2.9e-05,MISTI
20250530,0401,2024,AREQUIPA,AREQUIPA,20240903,181102,VT,8.7,8.83,0.000391,MISTI
20250530,0401,2024,AREQUIPA,AREQUIPA,20240903,204211,VT,2.9,8.0,0.000186,MISTI
20250530,0401,2024,AREQUIPA,AREQUIPA,20240903,220436,VT,3.2,14.79,0.000359,MISTI
20250530,0401,2024,AREQUIPA,AREQUIPA,20240903,233840,VT,5.5,12.58,1.6e-05,MISTI
20250530,0401,2024,AREQUIPA,AREQUIPA,20240903,234733,VT,5.1,8.63,1.3e-05,MISTI
20250530,0401,2024,AREQUIPA,AREQUIPA,20240904,3739,VT,3.3,9.82,1.2e-05,MISTI
20250530,0401,2024,AREQUIPA,AREQUIPA,20240904,5702,VT,2.8,10.35,2.5e-05,MISTI
20250530,0401,2024,AREQUIPA,AREQUIPA,20240904,13215,VT,4.7,11.41,0.00019,MISTI
20250530,0401,2024,AREQUIPA,AREQUIPA,20240904,15628,VT,3.1,9.72,1.8e-05,MISTI
20250530,0401,2024,AREQUIPA,AREQUIPA,20240904,15859,VT,3.4,10.16,4.4e-05,MISTI
20250530,0401,2024,AREQUIPA,AREQUIPA,20240904,25139,VT,2.8,8.25,0.000218,MISTI
20250530,0401,2024,AREQUIPA,AREQUIPA,20240904,31747,VT,7.9,7.99,7.7e-05,MISTI
20250530,0401,2024,AREQUIPA,AREQUIPA,20240904,40628,VD,5.2,12.02,2e-05,MISTI
20250530,0401,2024,AREQUIPA,AREQUIPA,20240904,41924,VT,10.0,8.7,2.4e-05,MISTI
20250530,0401,2024,AREQUIPA,AREQUIPA,20240904,42627,VT,4.2,9.26,7e-06,MISTI
20250530,0401,2024,AREQUIPA,AREQUIPA,20240904,51835,VT,3.7,8.8,3.2e-05,MISTI
20250530,0401,2024,AREQUIPA,AREQUIPA,20240904,52141,VT,3.1,9.84,1.8e-05,MISTI
20250530,0401,2024,AREQUIPA,AREQUIPA,20240904,53813,VT,3.0,6.33,1e-05,MISTI
20250530,0401,2024,AREQUIPA,AREQUIPA,20240904,55138,VT,8.8,8.61,1.6e-05,MISTI
20250530,0401,2024,AREQUIPA,AREQUIPA,20240904,65137,VT,5.2,7.33,1.1e-05,MISTI
20250530,0401,2024,AREQUIPA,AREQUIPA,20240904,72559,VT,6.2,9.88,2.1e-05,MISTI
20250530,0401,2024,AREQUIPA,AREQUIPA,20240904,205656,VT,2.7,10.08,3.9e-05,MISTI
20250530,0401,2024,AREQUIPA,AREQUIPA,20240905,21553,VT,6.2,8.43,2.7e-05,MISTI
20250530,0401,2024,AREQUIPA,AREQUIPA,20240905,33347,VT,3.7,8.69,0.000108,MISTI
20250530,0401,2024,AREQUIPA,AREQUIPA,20240905,41807,VT,5.5,7.82,1.3e-05,MISTI
20250530,0401,2024,AREQUIPA,AREQUIPA,20240905,52727,VT,4.8,7.11,2e-05,MISTI
20250530,0401,2024,AREQUIPA,AREQUIPA,20240905,53726,VT,4.4,9.92,3.9e-05,MISTI
20250530,0401,2024,AREQUIPA,AREQUIPA,20240905,70423,VT,5.5,11.12,2e-05,MISTI
20250530,0401,2024,AREQUIPA,AREQUIPA,20240905,93826,VD,8.4,10.41,1.6e-05,MISTI
20250530,0401,2024,AREQUIPA,AREQUIPA,20240905,114223,VT,3.6,10.5,0.000131,MISTI
20250530,0401,2024,AREQUIPA,AREQUIPA,20240905,120158,VT,3.2,8.74,1.9e-05,MISTI
20250530,0401,2024,AREQUIPA,AREQUIPA,20240905,121015,VT,2.8,9.65,4.8e-05,MISTI
20250530,0401,2024,AREQUIPA,AREQUIPA,20240905,124743,VT,2.9,9.31,0.000383,MISTI
20250530,0401,2024,AREQUIPA,AREQUIPA,20240905,130629,VT,5.3,6.78,4.8e-05,MISTI
20250530,0401,2024,AREQUIPA,AREQUIPA,20240905,144600,VT,2.8,10.39,4.9e-05,MISTI
20250530,0401,2024,AREQUIPA,AREQUIPA,20240905,150748,VT,6.2,9.35,0.000292,MISTI
20250530,0401,2024,AREQUIPA,AREQUIPA,20240905,170722,VT,3.7,9.07,4.7e-05,MISTI
20250530,0401,2024,AREQUIPA,AREQUIPA,20240905,174347,VT,5.1,6.65,4.4e-05,MISTI
20250530,0401,2024,AREQUIPA,AREQUIPA,20240905,175149,VT,5.3,10.37,0.001017,MISTI
20250530,0401,2024,AREQUIPA,AREQUIPA,20240906,35720,VT,2.8,9.16,1e-05,MISTI
20250530,0401,2024,AREQUIPA,AREQUIPA,20240906,45535,VT,7.1,9.69,3.2e-05,MISTI
20250530,0401,2024,AREQUIPA,AREQUIPA,20240906,53715,VT,3.2,10.13,1.4e-05,MISTI
20250530,0401,2024,AREQUIPA,AREQUIPA,20240906,81705,VT,3.7,14.93,0.000328,MISTI
20250530,0401,2024,AREQUIPA,AREQUIPA,20240906,94703,VT,5.4,8.66,2.2e-05,MISTI
20250530,0401,2024,AREQUIPA,AREQUIPA,20240906,95211,VT,6.3,10.06,0.000248,MISTI
20250530,0401,2024,AREQUIPA,AREQUIPA,20240906,95416,VT,3.5,11.09,1.5e-05,MISTI
20250530,0401,2024,AREQUIPA,AREQUIPA,20240906,111144,VT,2.7,8.57,1.5e-05,MISTI
20250530,0401,2024,AREQUIPA,AREQUIPA,20240906,141353,VT,2.9,12.56,8.1e-05,MISTI
20250530,0401,2024,AREQUIPA,AREQUIPA,20240906,155055,VT,5.4,9.75,0.000137,MISTI
20250530,0401,2024,AREQUIPA,AREQUIPA,20240907,30549,VT,2.8,6.76,9e-06,MISTI
20250530,0401,2024,AREQUIPA,AREQUIPA,20240907,34757,VT,4.5,9.86,0.000127,MISTI
20250530,0401,2024,AREQUIPA,AREQUIPA,20240907,34758,VT,4.5,13.65,0.000145,MISTI
20250530,0401,2024,AREQUIPA,AREQUIPA,20240907,55812,VT,3.4,9.14,9e-06,MISTI
20250530,0401,2024,AREQUIPA,AREQUIPA,20240907,61507,VT,5.4,9.07,8e-06,MISTI
20250530,0401,2024,AREQUIPA,AREQUIPA,20240907,61527,VT,3.8,11.04,1e-05,MISTI
20250530,0401,2024,AREQUIPA,AREQUIPA,20240907,81044,VT,2.9,8.68,8e-06,MISTI
20250530,0401,2024,AREQUIPA,AREQUIPA,20240907,85501,VT,3.2,12.93,2.8e-05,MISTI
20250530,0401,2024,AREQUIPA,AREQUIPA,20240907,101231,VD,4.1,19.8,2.8e-05,MISTI
20250530,0401,2024,AREQUIPA,AREQUIPA,20240907,101232,VD,4.1,19.29,2.8e-05,MISTI
20250530,0401,2024,AREQUIPA,AREQUIPA,20240907,104312,VT,3.0,11.87,1.8e-05,MISTI
20250530,0401,2024,AREQUIPA,AREQUIPA,20240907,104313,VT,3.0,7.25,1.4e-05,MISTI
20250530,0401,2024,AREQUIPA,AREQUIPA,20240907,112137,VT,8.7,7.02,1.2e-05,MISTI
20250530,0401,2024,AREQUIPA,AREQUIPA,20240907,135102,VT,6.8,7.87,4.4e-05,MISTI
20250530,0401,2024,AREQUIPA,AREQUIPA,20240907,141959,VT,8.6,12.77,0.000382,MISTI
20250530,0401,2024,AREQUIPA,AREQUIPA,20240908,22803,VT,7.1,8.88,1e-05,MISTI
20250530,0401,2024,AREQUIPA,AREQUIPA,20240908,100906,VT,4.8,10.84,1.8e-05,MISTI
20250530,0401,2024,AREQUIPA,AREQUIPA,20240908,114633,VT,3.7,8.82,1.3e-05,MISTI
20250530,0401,2024,AREQUIPA,AREQUIPA,20240908,130817,VT,7.3,10.83,2.7e-05,MISTI
20250530,0401,2024,AREQUIPA,AREQUIPA,20240908,135910,VT,2.4,9.78,2.2e-05,MISTI
20250530,0401,2024,AREQUIPA,AREQUIPA,20240908,144758,VT,4.5,6.89,1.5e-05,MISTI
20250530,0401,2024,AREQUIPA,AREQUIPA,20240908,150742,VT,3.6,9.3,6.1e-05,MISTI
20250530,0401,2024,AREQUIPA,AREQUIPA,20240909,22820,VT,3.2,8.14,2.1e-05,MISTI
20250530,0401,2024,AREQUIPA,AREQUIPA,20240909,24728,VT,2.9,8.3,1.5e-05,MISTI
20250530,0401,2024,AREQUIPA,AREQUIPA,20240909,25726,VT,6.3,9.11,0.000129,MISTI
20250530,0401,2024,AREQUIPA,AREQUIPA,20240909,33105,VT,11.4,8.66,1e-05,MISTI
20250530,0401,2024,AREQUIPA,AREQUIPA,20240909,35554,VT,3.1,9.27,2.8e-05,MISTI
20250530,0401,2024,AREQUIPA,AREQUIPA,20240909,35806,VT,3.7,7.91,2.4e-05,MISTI
20250530,0401,2024,AREQUIPA,AREQUIPA,20240909,40222,VT,6.2,7.87,1.3e-05,MISTI
20250530,0401,2024,AREQUIPA,AREQUIPA,20240909,42203,VT,7.4,9.62,3.2e-05,MISTI
20250530,0401,2024,AREQUIPA,AREQUIPA,20240909,42950,VT,5.5,8.74,2e-05,MISTI
20250530,0401,2024,AREQUIPA,AREQUIPA,20240909,53443,VT,5.5,9.46,1e-05,MISTI
20250530,0401,2024,AREQUIPA,AREQUIPA,20240909,53527,VT,3.1,8.5,1.4e-05,MISTI
20250530,0401,2024,AREQUIPA,AREQUIPA,20240909,60830,VT,5.5,9.82,1.2e-05,MISTI
20250530,0401,2024,AREQUIPA,AREQUIPA,20240909,70355,VT,3.7,8.35,1.5e-05,MISTI
20250530,0401,2024,AREQUIPA,AREQUIPA,20240909,70632,VT,6.2,7.73,2.2e-05,MISTI
20250530,0401,2024,AREQUIPA,AREQUIPA,20240909,71134,VT,3.1,7.67,1.1e-05,MISTI
20250530,0401,2024,AREQUIPA,AREQUIPA,20240909,73148,VT,4.0,15.95,0.000911,MISTI
20250530,0401,2024,AREQUIPA,AREQUIPA,20240909,84028,VT,3.7,7.77,1.3e-05,MISTI
20250530,0401,2024,AREQUIPA,AREQUIPA,20240909,90706,VT,6.2,10.26,5.7e-05,MISTI
20250530,0401,2024,AREQUIPA,AREQUIPA,20240909,101627,VT,3.5,8.79,1.7e-05,MISTI
20250530,0401,2024,AREQUIPA,AREQUIPA,20240909,153952,VT,2.5,10.96,8.1e-05,MISTI
20250530,0401,2024,AREQUIPA,AREQUIPA,20240909,155016,VT,3.1,9.77,8.5e-05,MISTI
20250530,0401,2024,AREQUIPA,AREQUIPA,20240909,171308,VT,2.6,10.92,7.5e-05,MISTI
20250530,0401,2024,AREQUIPA,AREQUIPA,20240909,174104,VT,5.9,9.83,0.000171,MISTI
20250530,0401,2024,AREQUIPA,AREQUIPA,20240909,210427,VT,5.5,7.49,0.000314,MISTI
20250530,0401,2024,AREQUIPA,AREQUIPA,20240909,224324,VT,2.3,9.91,2.5e-05,MISTI
20250530,0401,2024,AREQUIPA,AREQUIPA,20240909,225453,VT,6.2,8.91,0.000105,MISTI
20250530,0401,2024,AREQUIPA,AREQUIPA,20240910,11313,VT,4.8,9.04,1.9e-05,MISTI
20250530,0401,2024,AREQUIPA,AREQUIPA,20240910,12454,VT,4.5,6.37,1.2e-05,MISTI
20250530,0401,2024,AREQUIPA,AREQUIPA,20240910,12715,VT,2.8,9.29,2.3e-05,MISTI
20250530,0401,2024,AREQUIPA,AREQUIPA,20240910,20106,VD,5.1,10.53,5.5e-05,MISTI
20250530,0401,2024,AREQUIPA,AREQUIPA,20240910,22434,VT,2.9,8.99,2.6e-05,MISTI
20250530,0401,2024,AREQUIPA,AREQUIPA,20240910,31102,VT,3.6,11.76,3.2e-05,MISTI
20250530,0401,2024,AREQUIPA,AREQUIPA,20240910,32155,VT,4.7,9.21,1e-05,MISTI
20250530,0401,2024,AREQUIPA,AREQUIPA,20240910,32438,VT,2.8,6.44,1.3e-05,MISTI
20250530,0401,2024,AREQUIPA,AREQUIPA,20240910,40454,VT,3.8,9.52,1.5e-05,MISTI
20250530,0401,2024,AREQUIPA,AREQUIPA,20240910,40606,VT,2.9,10.49,1.9e-05,MISTI
20250530,0401,2024,AREQUIPA,AREQUIPA,20240910,43024,VT,5.4,7.22,7e-06,MISTI
20250530,0401,2024,AREQUIPA,AREQUIPA,20240910,45207,VT,4.7,8.55,1e-05,MISTI
20250530,0401,2024,AREQUIPA,AREQUIPA,20240910,50738,VT,6.2,9.93,3e-05,MISTI
20250530,0401,2024,AREQUIPA,AREQUIPA,20240910,51212,VT,2.9,7.2,1.8e-05,MISTI
20250530,0401,2024,AREQUIPA,AREQUIPA,20240910,53252,VT,5.3,7.75,3.6e-05,MISTI
20250530,0401,2024,AREQUIPA,AREQUIPA,20240910,54706,VT,6.2,10.96,0.000169,MISTI
20250530,0401,2024,AREQUIPA,AREQUIPA,20240910,55200,VT,3.1,9.64,2.3e-05,MISTI
20250530,0401,2024,AREQUIPA,AREQUIPA,20240910,71133,VT,2.9,9.61,1.4e-05,MISTI
20250530,0401,2024,AREQUIPA,AREQUIPA,20240910,83420,VT,10.3,10.35,2.3e-05,MISTI
20250530,0401,2024,AREQUIPA,AREQUIPA,20240910,92333,VT,6.2,12.26,0.000197,MISTI
20250530,0401,2024,AREQUIPA,AREQUIPA,20240910,105735,VT,3.0,7.1,7e-06,MISTI
20250530,0401,2024,AREQUIPA,AREQUIPA,20240910,114951,VT,2.9,9.88,5.4e-05,MISTI
20250530,0401,2024,AREQUIPA,AREQUIPA,20240910,122909,VT,5.5,13.52,0.000105,MISTI
20250530,0401,2024,AREQUIPA,AREQUIPA,20240910,181205,VT,5.3,9.96,6e-05,MISTI
20250530,0401,2024,AREQUIPA,AREQUIPA,20240910,194553,VT,2.7,8.25,4.8e-05,MISTI
20250530,0401,2024,AREQUIPA,AREQUIPA,20240910,204431,VT,4.7,7.01,5.2e-05,MISTI
20250530,0401,2024,AREQUIPA,AREQUIPA,20240911,22749,VT,4.2,6.95,1.6e-05,MISTI
20250530,0401,2024,AREQUIPA,AREQUIPA,20240911,35257,VT,5.2,8.59,3.3e-05,MISTI
20250530,0401,2024,AREQUIPA,AREQUIPA,20240911,42602,VT,6.5,9.3,2.2e-05,MISTI
20250530,0401,2024,AREQUIPA,AREQUIPA,20240911,44237,VT,5.1,8.44,1.7e-05,MISTI
20250530,0401,2024,AREQUIPA,AREQUIPA,20240911,51440,VT,4.7,16.5,0.00133,MISTI
20250530,0401,2024,AREQUIPA,AREQUIPA,20240911,54023,VT,5.3,12.48,2.2e-05,MISTI
20250530,0401,2024,AREQUIPA,AREQUIPA,20240911,65044,VT,4.7,11.24,2.5e-05,MISTI
20250530,0401,2024,AREQUIPA,AREQUIPA,20240911,70933,VT,4.7,7.78,1.2e-05,MISTI
20250530,0401,2024,AREQUIPA,AREQUIPA,20240911,72937,VT,5.2,9.07,6.6e-05,MISTI
20250530,0401,2024,AREQUIPA,AREQUIPA,20240911,73319,VT,6.8,6.05,5e-06,MISTI
20250530,0401,2024,AREQUIPA,AREQUIPA,20240911,81938,VT,3.1,11.09,2.9e-05,MISTI
20250530,0401,2024,AREQUIPA,AREQUIPA,20240911,83334,VT,2.8,8.95,0.000777,MISTI
20250530,0401,2024,AREQUIPA,AREQUIPA,20240911,143838,VT,2.6,10.29,4.7e-05,MISTI
20250530,0401,2024,AREQUIPA,AREQUIPA,20240911,172406,VT,3.4,10.24,4.4e-05,MISTI
20250530,0401,2024,AREQUIPA,AREQUIPA,20240911,174720,VT,2.9,8.69,0.00032,MISTI
20250530,0401,2024,AREQUIPA,AREQUIPA,20240912,15115,VT,5.4,9.42,2.2e-05,MISTI
20250530,0401,2024,AREQUIPA,AREQUIPA,20240912,44714,VT,5.2,8.45,2e-05,MISTI
20250530,0401,2024,AREQUIPA,AREQUIPA,20240912,53310,VT,5.1,9.13,3.7e-05,MISTI
20250530,0401,2024,AREQUIPA,AREQUIPA,20240912,64141,VT,7.4,9.83,1.7e-05,MISTI
20250530,0401,2024,AREQUIPA,AREQUIPA,20240912,84615,VT,3.6,9.69,1.3e-05,MISTI
20250530,0401,2024,AREQUIPA,AREQUIPA,20240912,102641,VT,2.8,8.52,1.9e-05,MISTI
20250530,0401,2024,AREQUIPA,AREQUIPA,20240912,123016,VT,3.4,10.27,6.5e-05,MISTI
20250530,0401,2024,AREQUIPA,AREQUIPA,20240913,24619,VT,5.3,7.6,0.000149,MISTI
20250530,0401,2024,AREQUIPA,AREQUIPA,20240913,31146,VT,5.2,10.26,0.000151,MISTI
20250530,0401,2024,AREQUIPA,AREQUIPA,20240913,73926,VT,5.5,7.68,2.9e-05,MISTI
20250530,0401,2024,AREQUIPA,AREQUIPA,20240913,84605,VD,6.4,19.25,0.000176,MISTI
20250530,0401,2024,AREQUIPA,AREQUIPA,20240914,74241,VT,5.2,11.65,2.5e-05,MISTI
20250530,0401,2024,AREQUIPA,AREQUIPA,20240914,80331,VT,4.7,9.41,7.6e-05,MISTI
20250530,0401,2024,AREQUIPA,AREQUIPA,20240914,132252,VT,8.8,7.6,2.3e-05,MISTI
20250530,0401,2024,AREQUIPA,AREQUIPA,20240914,234343,VT,2.9,9.23,2.4e-05,MISTI
20250530,0401,2024,AREQUIPA,AREQUIPA,20240915,2707,VT,3.2,7.52,2e-05,MISTI
20250530,0401,2024,AREQUIPA,AREQUIPA,20240915,94817,VT,10.9,14.84,6.5e-05,MISTI
20250530,0401,2024,AREQUIPA,AREQUIPA,20240915,102713,TO,5.3,49.19,0.00195,MISTI
20250530,0401,2024,AREQUIPA,AREQUIPA,20240915,195410,VT,3.7,8.67,4.7e-05,MISTI
20250530,0401,2024,AREQUIPA,AREQUIPA,20240915,214938,VT,5.4,7.9,1.6e-05,MISTI
20250530,0401,2024,AREQUIPA,AREQUIPA,20240916,43231,VT,5.3,12.21,0.000374,MISTI
20250530,0401,2024,AREQUIPA,AREQUIPA,20240916,51538,VT,3.1,18.81,0.000132,MISTI
20250530,0401,2024,AREQUIPA,AREQUIPA,20240916,102016,VT,5.2,8.82,8.1e-05,MISTI
20250530,0401,2024,AREQUIPA,AREQUIPA,20240917,11435,VT,3.4,8.88,1.2e-05,MISTI
20250530,0401,2024,AREQUIPA,AREQUIPA,20240917,14033,VT,7.5,9.02,3.2e-05,MISTI
20250530,0401,2024,AREQUIPA,AREQUIPA,20240917,14416,VT,2.8,7.52,1e-05,MISTI
20250530,0401,2024,AREQUIPA,AREQUIPA,20240917,22437,VT,2.9,5.76,5.2e-05,MISTI
20250530,0401,2024,AREQUIPA,AREQUIPA,20240917,51307,VT,6.2,7.95,1.7e-05,MISTI
20250530,0401,2024,AREQUIPA,AREQUIPA,20240917,53712,VT,6.9,6.63,8e-06,MISTI
20250530,0401,2024,AREQUIPA,AREQUIPA,20240917,55313,VT,3.4,7.94,1.7e-05,MISTI
20250530,0401,2024,AREQUIPA,AREQUIPA,20240917,62837,VT,8.3,9.45,2.5e-05,MISTI
20250530,0401,2024,AREQUIPA,AREQUIPA,20240917,64152,VT,5.3,8.43,1.5e-05,MISTI
20250530,0401,2024,AREQUIPA,AREQUIPA,20240917,64605,VT,5.5,8.61,2e-05,MISTI
20250530,0401,2024,AREQUIPA,AREQUIPA,20240917,71005,VT,10.0,8.66,1e-05,MISTI
20250530,0401,2024,AREQUIPA,AREQUIPA,20240917,72508,VT,5.3,9.33,1.8e-05,MISTI
20250530,0401,2024,AREQUIPA,AREQUIPA,20240917,75104,VT,3.6,8.53,6e-06,MISTI
20250530,0401,2024,AREQUIPA,AREQUIPA,20240917,81501,VT,3.6,8.5,2.8e-05,MISTI
20250530,0401,2024,AREQUIPA,AREQUIPA,20240917,83113,VT,5.2,10.31,4.2e-05,MISTI
20250530,0401,2024,AREQUIPA,AREQUIPA,20240917,84025,VT,5.3,6.35,5e-06,MISTI
20250530,0401,2024,AREQUIPA,AREQUIPA,20240917,94346,VT,3.2,10.39,9.5e-05,MISTI
20250530,0401,2024,AREQUIPA,AREQUIPA,20240917,114949,VT,2.8,9.84,1.3e-05,MISTI
20250530,0401,2024,AREQUIPA,AREQUIPA,20240917,115854,VT,4.6,7.64,1.8e-05,MISTI
20250530,0401,2024,AREQUIPA,AREQUIPA,20240917,121326,VT,4.7,11.89,4.2e-05,MISTI
20250530,0401,2024,AREQUIPA,AREQUIPA,20240917,121519,VT,4.7,12.47,3e-05,MISTI
20250530,0401,2024,AREQUIPA,AREQUIPA,20240917,123022,VT,5.3,6.62,2.4e-05,MISTI
20250530,0401,2024,AREQUIPA,AREQUIPA,20240917,205016,VT,2.9,12.55,0.000134,MISTI
20250530,0401,2024,AREQUIPA,AREQUIPA,20240917,210249,VT,4.0,6.49,0.000127,MISTI
20250530,0401,2024,AREQUIPA,AREQUIPA,20240918,2644,VT,5.2,7.53,1.2e-05,MISTI
20250530,0401,2024,AREQUIPA,AREQUIPA,20240918,25623,VT,3.0,7.62,8e-06,MISTI
20250530,0401,2024,AREQUIPA,AREQUIPA,20240918,40233,VT,5.3,6.62,5e-06,MISTI
20250530,0401,2024,AREQUIPA,AREQUIPA,20240918,41538,VT,10.0,7.51,9e-06,MISTI
20250530,0401,2024,AREQUIPA,AREQUIPA,20240918,43121,VT,6.2,7.63,8e-06,MISTI
20250530,0401,2024,AREQUIPA,AREQUIPA,20240918,51429,VT,2.8,7.1,4e-06,MISTI
20250530,0401,2024,AREQUIPA,AREQUIPA,20240918,53540,VT,2.7,10.93,3.7e-05,MISTI
20250530,0401,2024,AREQUIPA,AREQUIPA,20240918,53954,VT,2.8,7.07,6e-06,MISTI
20250530,0401,2024,AREQUIPA,AREQUIPA,20240918,62746,VT,3.2,10.09,2.4e-05,MISTI
20250530,0401,2024,AREQUIPA,AREQUIPA,20240918,63415,VT,7.4,7.81,1.9e-05,MISTI
20250530,0401,2024,AREQUIPA,AREQUIPA,20240918,72001,VT,2.8,9.68,1.6e-05,MISTI
20250530,0401,2024,AREQUIPA,AREQUIPA,20240918,74852,VT,3.3,9.35,1.4e-05,MISTI
20250530,0401,2024,AREQUIPA,AREQUIPA,20240918,75323,VT,4.7,11.38,0.000177,MISTI
20250530,0401,2024,AREQUIPA,AREQUIPA,20240918,80028,VT,6.3,7.82,1.7e-05,MISTI
20250530,0401,2024,AREQUIPA,AREQUIPA,20240918,80558,VT,3.0,8.62,2.1e-05,MISTI
20250530,0401,2024,AREQUIPA,AREQUIPA,20240918,80721,VT,5.3,8.21,3.1e-05,MISTI
20250530,0401,2024,AREQUIPA,AREQUIPA,20240918,81529,VT,4.9,10.59,3.7e-05,MISTI
20250530,0401,2024,AREQUIPA,AREQUIPA,20240918,82524,VT,6.4,6.85,0.000311,MISTI
20250530,0401,2024,AREQUIPA,AREQUIPA,20240918,84825,VT,5.3,8.15,1.2e-05,MISTI
20250530,0401,2024,AREQUIPA,AREQUIPA,20240919,43106,VT,3.3,6.31,8e-06,MISTI
20250530,0401,2024,AREQUIPA,AREQUIPA,20240919,74239,VT,3.1,8.68,1.3e-05,MISTI
20250530,0401,2024,AREQUIPA,AREQUIPA,20240919,75319,VT,5.5,8.91,1.3e-05,MISTI
20250530,0401,2024,AREQUIPA,AREQUIPA,20240919,121140,VT,3.0,9.69,4.7e-05,MISTI
20250530,0401,2024,AREQUIPA,AREQUIPA,20240920,12008,VT,3.6,8.85,0.000184,MISTI
20250530,0401,2024,AREQUIPA,AREQUIPA,20240920,33900,VT,5.2,12.03,0.000238,MISTI
20250530,0401,2024,AREQUIPA,AREQUIPA,20240920,91933,VT,5.1,9.14,4.5e-05,MISTI
20250530,0401,2024,AREQUIPA,AREQUIPA,20240920,94751,VT,6.9,10.92,5.2e-05,MISTI
20250530,0401,2024,AREQUIPA,AREQUIPA,20240920,114645,VT,6.2,8.25,5.4e-05,MISTI
20250530,0401,2024,AREQUIPA,AREQUIPA,20240921,55001,VT,3.0,8.95,3.4e-05,MISTI
20250530,0401,2024,AREQUIPA,AREQUIPA,20240921,61437,VT,5.2,12.68,0.000202,MISTI
20250530,0401,2024,AREQUIPA,AREQUIPA,20240922,14548,VT,2.9,9.45,2.8e-05,MISTI
20250530,0401,2024,AREQUIPA,AREQUIPA,20240922,104126,VT,5.2,12.37,4.2e-05,MISTI
20250530,0401,2024,AREQUIPA,AREQUIPA,20240922,135420,VT,4.7,12.52,0.000132,MISTI
20250530,0401,2024,AREQUIPA,AREQUIPA,20240922,145811,VT,5.1,10.96,0.000301,MISTI
20250530,0401,2024,AREQUIPA,AREQUIPA,20240923,64355,VT,5.5,11.87,3e-05,MISTI
20250530,0401,2024,AREQUIPA,AREQUIPA,20240923,115419,VT,3.4,12.21,2.3e-05,MISTI
20250530,0401,2024,AREQUIPA,AREQUIPA,20240923,121632,VT,3.2,13.68,0.000172,MISTI
20250530,0401,2024,AREQUIPA,AREQUIPA,20240923,180302,VT,5.2,12.8,0.000395,MISTI
20250530,0401,2024,AREQUIPA,AREQUIPA,20240923,221943,VT,3.8,10.49,2.5e-05,MISTI
20250530,0401,2024,AREQUIPA,AREQUIPA,20240923,222236,VT,4.5,8.78,1.2e-05,MISTI
20250530,0401,2024,AREQUIPA,AREQUIPA,20240923,222358,VT,4.6,9.9,2e-05,MISTI
20250530,0401,2024,AREQUIPA,AREQUIPA,20240923,223332,VT,5.3,6.08,1e-05,MISTI
20250530,0401,2024,AREQUIPA,AREQUIPA,20240923,223511,VT,4.6,8.1,4.7e-05,MISTI
20250530,0401,2024,AREQUIPA,AREQUIPA,20240923,225904,VT,2.8,9.22,2.5e-05,MISTI
20250530,0401,2024,AREQUIPA,AREQUIPA,20240923,234932,VT,5.3,17.11,0.000688,MISTI
20250530,0401,2024,AREQUIPA,AREQUIPA,20240924,51557,VT,4.5,10.41,7e-06,MISTI
20250530,0401,2024,AREQUIPA,AREQUIPA,20240924,55731,VT,4.9,7.38,2.4e-05,MISTI
20250530,0401,2024,AREQUIPA,AREQUIPA,20240924,73312,VT,4.1,10.03,1.4e-05,MISTI
20250530,0401,2024,AREQUIPA,AREQUIPA,20240924,80328,VT,3.0,8.02,6e-06,MISTI
20250530,0401,2024,AREQUIPA,AREQUIPA,20240924,112010,VT,3.2,10.39,8.9e-05,MISTI
20250530,0401,2024,AREQUIPA,AREQUIPA,20240924,112011,VT,3.1,8.13,8.2e-05,MISTI
20250530,0401,2024,AREQUIPA,AREQUIPA,20240924,121337,VT,2.7,8.94,1.1e-05,MISTI
20250530,0401,2024,AREQUIPA,AREQUIPA,20240924,130231,VT,3.0,8.05,1.8e-05,MISTI
20250530,0401,2024,AREQUIPA,AREQUIPA,20240924,140157,VD,2.6,17.9,0.000109,MISTI
20250530,0401,2024,AREQUIPA,AREQUIPA,20240924,145010,VT,3.0,6.43,2.2e-05,MISTI
20250530,0401,2024,AREQUIPA,AREQUIPA,20240924,145456,VT,2.9,7.54,5.2e-05,MISTI
20250530,0401,2024,AREQUIPA,AREQUIPA,20240925,55035,VT,4.4,9.76,9e-06,MISTI
20250530,0401,2024,AREQUIPA,AREQUIPA,20240925,63401,VT,4.6,7.21,9e-06,MISTI
20250530,0401,2024,AREQUIPA,AREQUIPA,20240925,64447,VT,3.0,7.29,1.1e-05,MISTI
20250530,0401,2024,AREQUIPA,AREQUIPA,20240925,71647,VT,4.2,11.92,1.3e-05,MISTI
20250530,0401,2024,AREQUIPA,AREQUIPA,20240925,81103,VT,8.6,7.01,1.5e-05,MISTI
20250530,0401,2024,AREQUIPA,AREQUIPA,20240925,85157,VD,12.6,10.14,2.6e-05,MISTI
20250530,0401,2024,AREQUIPA,AREQUIPA,20240925,91618,VD,5.0,11.08,0.000358,MISTI
20250530,0401,2024,AREQUIPA,AREQUIPA,20240925,92129,VT,4.7,8.74,1.3e-05,MISTI
20250530,0401,2024,AREQUIPA,AREQUIPA,20240925,110137,VT,5.3,7.34,7.5e-05,MISTI
20250530,0401,2024,AREQUIPA,AREQUIPA,20240925,110858,VT,2.8,8.12,1.2e-05,MISTI
20250530,0401,2024,AREQUIPA,AREQUIPA,20240925,113902,VT,6.7,6.35,1.5e-05,MISTI
20250530,0401,2024,AREQUIPA,AREQUIPA,20240925,114818,VT,5.7,10.27,6.3e-05,MISTI
20250530,0401,2024,AREQUIPA,AREQUIPA,20240925,123921,VT,2.5,12.43,6.1e-05,MISTI
20250530,0401,2024,AREQUIPA,AREQUIPA,20240925,193618,VT,3.1,8.43,0.000318,MISTI
20250530,0401,2024,AREQUIPA,AREQUIPA,20240926,11814,VT,2.8,7.38,4.5e-05,MISTI
20250530,0401,2024,AREQUIPA,AREQUIPA,20240926,13333,VT,4.7,6.75,0.000215,MISTI
20250530,0401,2024,AREQUIPA,AREQUIPA,20240926,20651,VT,4.8,11.36,0.000423,MISTI
20250530,0401,2024,AREQUIPA,AREQUIPA,20240926,33702,VT,5.3,10.81,4e-05,MISTI
20250530,0401,2024,AREQUIPA,AREQUIPA,20240927,5601,VT,4.9,12.99,8.4e-05,MISTI
20250530,0401,2024,AREQUIPA,AREQUIPA,20240927,21216,VD,4.4,11.97,0.000634,MISTI
20250530,0401,2024,AREQUIPA,AREQUIPA,20240927,61523,VT,5.4,7.92,2.2e-05,MISTI
20250530,0401,2024,AREQUIPA,AREQUIPA,20240927,64048,VT,3.6,7.7,2.5e-05,MISTI
20250530,0401,2024,AREQUIPA,AREQUIPA,20240927,74723,VT,7.6,7.35,2.4e-05,MISTI
20250530,0401,2024,AREQUIPA,AREQUIPA,20240927,75717,VT,5.3,10.43,2.2e-05,MISTI
20250530,0401,2024,AREQUIPA,AREQUIPA,20240927,82751,VT,5.5,10.52,5.1e-05,MISTI
20250530,0401,2024,AREQUIPA,AREQUIPA,20240927,114902,VT,3.7,10.43,0.000602,MISTI
20250530,0401,2024,AREQUIPA,AREQUIPA,20240927,120248,VT,2.9,9.77,8.4e-05,MISTI
20250530,0401,2024,AREQUIPA,AREQUIPA,20240927,130927,VT,2.9,10.53,5.1e-05,MISTI
20250530,0401,2024,AREQUIPA,AREQUIPA,20240927,132604,VT,5.5,7.84,3.3e-05,MISTI
20250530,0401,2024,AREQUIPA,AREQUIPA,20240927,132834,VT,2.9,10.49,7.4e-05,MISTI
20250530,0401,2024,AREQUIPA,AREQUIPA,20240927,133807,VT,5.4,8.46,5e-05,MISTI
20250530,0401,2024,AREQUIPA,AREQUIPA,20240927,135520,VT,2.7,10.37,3e-05,MISTI
20250530,0401,2024,AREQUIPA,AREQUIPA,20240927,235256,VT,5.3,9.04,5e-05,MISTI
20250530,0401,2024,AREQUIPA,AREQUIPA,20240929,1519,VT,4.2,13.7,5e-05,MISTI
20250530,0401,2024,AREQUIPA,AREQUIPA,20240929,42004,VT,5.3,6.55,3.2e-05,MISTI
20250530,0401,2024,AREQUIPA,AREQUIPA,20240929,44202,VT,5.4,7.96,6e-06,MISTI
20250530,0401,2024,AREQUIPA,AREQUIPA,20240929,50220,VT,2.9,12.19,1.5e-05,MISTI
20250530,0401,2024,AREQUIPA,AREQUIPA,20240929,54218,VT,3.5,12.19,1.5e-05,MISTI
20250530,0401,2024,AREQUIPA,AREQUIPA,20240929,64054,VT,5.5,15.47,0.000209,MISTI
20250530,0401,2024,AREQUIPA,AREQUIPA,20240929,64455,VT,5.5,19.59,0.000124,MISTI
20250530,0401,2024,AREQUIPA,AREQUIPA,20240929,70849,VT,5.5,15.34,4.2e-05,MISTI
20250530,0401,2024,AREQUIPA,AREQUIPA,20240929,71621,VT,5.5,9.33,3.1e-05,MISTI
20250530,0401,2024,AREQUIPA,AREQUIPA,20240929,74201,VT,7.3,9.4,1.5e-05,MISTI
20250530,0401,2024,AREQUIPA,AREQUIPA,20240929,82321,VT,3.2,15.19,2.9e-05,MISTI
20250530,0401,2024,AREQUIPA,AREQUIPA,20240929,84345,VT,5.3,8.86,0.002753,MISTI
20250530,0401,2024,AREQUIPA,AREQUIPA,20240929,84946,VT,3.7,12.16,2.9e-05,MISTI
20250530,0401,2024,AREQUIPA,AREQUIPA,20240929,105527,VT,3.7,14.99,0.000196,MISTI
20250530,0401,2024,AREQUIPA,AREQUIPA,20240929,124536,VT,2.9,6.29,2.7e-05,MISTI
20250530,0401,2024,AREQUIPA,AREQUIPA,20240929,130734,VT,3.1,8.44,1.2e-05,MISTI
20250530,0401,2024,AREQUIPA,AREQUIPA,20240929,144559,VT,5.1,16.76,2.7e-05,MISTI
20250530,0401,2024,AREQUIPA,AREQUIPA,20240929,204752,VT,4.6,9.11,1.7e-05,MISTI
20250530,0401,2024,AREQUIPA,AREQUIPA,20240929,212213,VD,2.8,18.87,0.000162,MISTI
20250530,0401,2024,AREQUIPA,AREQUIPA,20240930,40139,VT,3.7,17.82,3.2e-05,MISTI
20250530,0401,2024,AREQUIPA,AREQUIPA,20240930,52541,VT,5.4,11.56,0.000101,MISTI
20250530,0401,2024,AREQUIPA,AREQUIPA,20240930,84350,VT,3.7,12.32,0.000126,MISTI
20250530,0401,2024,AREQUIPA,AREQUIPA,20240930,105802,VT,3.7,16.38,0.000222,MISTI
20250530,0401,2024,AREQUIPA,AREQUIPA,20240930,121216,VT,5.2,8.25,0.000113,MISTI
20250530,0401,2024,AREQUIPA,AREQUIPA,20240930,130759,VT,3.1,9.43,6.2e-05,MISTI
20250530,0401,2024,AREQUIPA,AREQUIPA,20240930,133039,VT,2.8,10.47,2.5e-05,MISTI
20250530,0401,2024,AREQUIPA,AREQUIPA,20240930,151004,VT,7.4,9.17,8.6e-05,MISTI
20250530,0401,2024,AREQUIPA,AREQUIPA,20240930,160731,VT,5.4,20.53,0.001227,MISTI
20250530,0401,2024,AREQUIPA,AREQUIPA,20241001,51818,VT,5.3,6.46,3.2e-05,MISTI
20250530,0401,2024,AREQUIPA,AREQUIPA,20241001,71229,VD,3.6,24.73,0.000366,MISTI
20250530,0401,2024,AREQUIPA,AREQUIPA,20241001,73028,VT,5.3,7.59,5e-06,MISTI
20250530,0401,2024,AREQUIPA,AREQUIPA,20241001,91653,VT,5.4,10.2,1.6e-05,MISTI
20250530,0401,2024,AREQUIPA,AREQUIPA,20241001,92220,VT,12.2,8.11,9.3e-05,MISTI
20250530,0401,2024,AREQUIPA,AREQUIPA,20241001,121942,VT,5.3,6.59,4.7e-05,MISTI
20250530,0401,2024,AREQUIPA,AREQUIPA,20241001,140406,VT,2.9,10.12,0.000126,MISTI
20250530,0401,2024,AREQUIPA,AREQUIPA,20241001,151516,VT,3.0,9.98,0.000278,MISTI
20250530,0401,2024,AREQUIPA,AREQUIPA,20241001,154318,VT,2.9,7.92,0.000105,MISTI
20250530,0401,2024,AREQUIPA,AREQUIPA,20241001,161829,VT,3.0,8.78,0.00018,MISTI
20250530,0401,2024,AREQUIPA,AREQUIPA,20241001,212325,VT,3.7,10.65,4.1e-05,MISTI
20250530,0401,2024,AREQUIPA,AREQUIPA,20241001,213238,VT,5.8,11.45,3e-05,MISTI
20250530,0401,2024,AREQUIPA,AREQUIPA,20241002,30648,VT,5.3,8.31,7.9e-05,MISTI
20250530,0401,2024,AREQUIPA,AREQUIPA,20241002,41841,VT,3.2,8.18,1e-05,MISTI
20250530,0401,2024,AREQUIPA,AREQUIPA,20241002,45909,VT,5.5,7.85,0.00015,MISTI
20250530,0401,2024,AREQUIPA,AREQUIPA,20241002,60457,VT,4.6,7.89,3.3e-05,MISTI
20250530,0401,2024,AREQUIPA,AREQUIPA,20241002,94059,VT,2.8,7.81,1e-05,MISTI
20250530,0401,2024,AREQUIPA,AREQUIPA,20241003,1931,VT,2.6,6.77,6.9e-05,MISTI
20250530,0401,2024,AREQUIPA,AREQUIPA,20241003,3203,VT,3.7,9.41,0.000179,MISTI
20250530,0401,2024,AREQUIPA,AREQUIPA,20241003,21817,VT,10.0,8.71,1.4e-05,MISTI
20250530,0401,2024,AREQUIPA,AREQUIPA,20241003,164025,VD,3.9,28.87,0.000783,MISTI
20250530,0401,2024,AREQUIPA,AREQUIPA,20241003,201648,VD,3.2,37.6,0.00228,MISTI
20250530,0401,2024,AREQUIPA,AREQUIPA,20241003,211528,VD,3.7,19.13,0.003056,MISTI
20250530,0401,2024,AREQUIPA,AREQUIPA,20241004,30828,VT,7.4,8.52,2.9e-05,MISTI
20250530,0401,2024,AREQUIPA,AREQUIPA,20241004,65254,VT,2.8,10.6,0.000207,MISTI
20250530,0401,2024,AREQUIPA,AREQUIPA,20241004,75149,VT,6.2,8.59,1.3e-05,MISTI
20250530,0401,2024,AREQUIPA,AREQUIPA,20241004,163716,VT,3.1,11.46,0.000228,MISTI
20250530,0401,2024,AREQUIPA,AREQUIPA,20241005,15005,VT,2.8,10.09,1.7e-05,MISTI
20250530,0401,2024,AREQUIPA,AREQUIPA,20241005,24821,VT,3.1,9.96,0.000117,MISTI
20250530,0401,2024,AREQUIPA,AREQUIPA,20241005,25417,VT,3.1,9.23,1.5e-05,MISTI
20250530,0401,2024,AREQUIPA,AREQUIPA,20241005,42856,VT,4.6,9.48,1.6e-05,MISTI
20250530,0401,2024,AREQUIPA,AREQUIPA,20241005,62954,VT,4.2,12.92,1.2e-05,MISTI
20250530,0401,2024,AREQUIPA,AREQUIPA,20241005,65202,VT,4.7,12.89,5.6e-05,MISTI
20250530,0401,2024,AREQUIPA,AREQUIPA,20241005,75504,VT,3.1,10.66,1.7e-05,MISTI
20250530,0401,2024,AREQUIPA,AREQUIPA,20241005,83035,VT,3.4,7.95,5e-06,MISTI
20250530,0401,2024,AREQUIPA,AREQUIPA,20241005,90214,VT,4.7,11.07,6.9e-05,MISTI
20250530,0401,2024,AREQUIPA,AREQUIPA,20241005,192309,VT,3.1,11.12,3.6e-05,MISTI
20250530,0401,2024,AREQUIPA,AREQUIPA,20241005,223136,VT,5.3,11.41,1.7e-05,MISTI
20250530,0401,2024,AREQUIPA,AREQUIPA,20241006,130,VT,4.7,12.03,1.7e-05,MISTI
20250530,0401,2024,AREQUIPA,AREQUIPA,20241006,1755,VT,2.9,9.41,1.1e-05,MISTI
20250530,0401,2024,AREQUIPA,AREQUIPA,20241006,14027,VT,3.7,10.6,0.000125,MISTI
20250530,0401,2024,AREQUIPA,AREQUIPA,20241006,24323,VD,3.0,10.59,1.9e-05,MISTI
20250530,0401,2024,AREQUIPA,AREQUIPA,20241006,45703,VT,2.7,16.6,1.6e-05,MISTI
20250530,0401,2024,AREQUIPA,AREQUIPA,20241006,45837,VT,3.4,9.7,1e-05,MISTI
20250530,0401,2024,AREQUIPA,AREQUIPA,20241006,81941,VT,6.3,12.15,1.3e-05,MISTI
20250530,0401,2024,AREQUIPA,AREQUIPA,20241006,84126,VT,3.2,10.69,6.3e-05,MISTI
20250530,0401,2024,AREQUIPA,AREQUIPA,20241006,110147,VT,3.7,10.36,2.6e-05,MISTI
20250530,0401,2024,AREQUIPA,AREQUIPA,20241006,111511,VT,4.5,8.35,1.1e-05,MISTI
20250530,0401,2024,AREQUIPA,AREQUIPA,20241006,111714,VT,3.8,8.5,2.3e-05,MISTI
20250530,0401,2024,AREQUIPA,AREQUIPA,20241006,143056,VT,5.1,10.88,2.8e-05,MISTI
20250530,0401,2024,AREQUIPA,AREQUIPA,20241006,144403,VT,3.6,9.89,0.000119,MISTI
20250530,0401,2024,AREQUIPA,AREQUIPA,20241006,162833,VT,2.9,11.17,0.000167,MISTI
20250530,0401,2024,AREQUIPA,AREQUIPA,20241006,164203,VD,6.2,13.11,0.00012,MISTI
20250530,0401,2024,AREQUIPA,AREQUIPA,20241006,165105,VT,5.5,14.54,0.000179,MISTI
20250530,0401,2024,AREQUIPA,AREQUIPA,20241006,173946,VT,3.7,8.88,8.8e-05,MISTI
20250530,0401,2024,AREQUIPA,AREQUIPA,20241007,85402,VT,4.7,11.97,7e-06,MISTI
20250530,0401,2024,AREQUIPA,AREQUIPA,20241007,91133,VT,5.2,10.98,4.2e-05,MISTI
20250530,0401,2024,AREQUIPA,AREQUIPA,20241007,131428,TO,5.1,21.23,0.000702,MISTI
20250530,0401,2024,AREQUIPA,AREQUIPA,20241007,141434,VT,2.9,14.04,0.000178,MISTI
20250530,0401,2024,AREQUIPA,AREQUIPA,20241008,2032,VT,5.3,6.91,3.2e-05,MISTI
20250530,0401,2024,AREQUIPA,AREQUIPA,20241008,2740,VT,4.6,10.57,5.1e-05,MISTI
20250530,0401,2024,AREQUIPA,AREQUIPA,20241008,4105,VT,5.9,11.62,3.4e-05,MISTI
20250530,0401,2024,AREQUIPA,AREQUIPA,20241008,11259,VT,3.7,7.9,4.4e-05,MISTI
20250530,0401,2024,AREQUIPA,AREQUIPA,20241008,12136,VT,4.9,7.57,7e-06,MISTI
20250530,0401,2024,AREQUIPA,AREQUIPA,20241008,12850,VT,2.7,12.21,2.2e-05,MISTI
20250530,0401,2024,AREQUIPA,AREQUIPA,20241008,13723,VT,5.4,7.59,6e-06,MISTI
20250530,0401,2024,AREQUIPA,AREQUIPA,20241008,50812,VT,3.7,8.69,7e-06,MISTI
20250530,0401,2024,AREQUIPA,AREQUIPA,20241008,52602,VT,4.7,11.82,0.00015,MISTI
20250530,0401,2024,AREQUIPA,AREQUIPA,20241008,53609,VT,3.7,10.77,7e-06,MISTI
20250530,0401,2024,AREQUIPA,AREQUIPA,20241008,54014,VT,10.0,9.72,2.8e-05,MISTI
20250530,0401,2024,AREQUIPA,AREQUIPA,20241008,61228,VT,6.0,8.63,1.3e-05,MISTI
20250530,0401,2024,AREQUIPA,AREQUIPA,20241008,61724,VT,3.7,9.78,3.4e-05,MISTI
20250530,0401,2024,AREQUIPA,AREQUIPA,20241008,65101,VT,5.2,9.59,0.000111,MISTI
20250530,0401,2024,AREQUIPA,AREQUIPA,20241008,65516,VT,5.3,10.4,1.3e-05,MISTI
20250530,0401,2024,AREQUIPA,AREQUIPA,20241008,71923,VT,7.3,10.68,1.5e-05,MISTI
20250530,0401,2024,AREQUIPA,AREQUIPA,20241008,75133,VT,2.9,13.99,3.1e-05,MISTI
20250530,0401,2024,AREQUIPA,AREQUIPA,20241008,75313,VT,3.7,9.93,8.8e-05,MISTI
20250530,0401,2024,AREQUIPA,AREQUIPA,20241008,80646,VT,5.3,11.41,0.000403,MISTI
20250530,0401,2024,AREQUIPA,AREQUIPA,20241008,84607,VT,3.6,9.89,6.3e-05,MISTI
20250530,0401,2024,AREQUIPA,AREQUIPA,20241008,85022,VT,4.5,11.86,2e-05,MISTI
20250530,0401,2024,AREQUIPA,AREQUIPA,20241008,102053,VT,5.5,6.93,3.8e-05,MISTI
20250530,0401,2024,AREQUIPA,AREQUIPA,20241008,162144,VT,5.5,10.45,0.000296,MISTI
20250530,0401,2024,AREQUIPA,AREQUIPA,20241008,164113,VT,2.7,9.62,0.000146,MISTI
20250530,0401,2024,AREQUIPA,AREQUIPA,20241009,44942,VT,5.6,7.74,0.000113,MISTI
20250530,0401,2024,AREQUIPA,AREQUIPA,20241009,52426,VT,3.4,10.32,2.6e-05,MISTI
20250530,0401,2024,AREQUIPA,AREQUIPA,20241009,63850,VT,5.5,14.36,0.000283,MISTI
20250530,0401,2024,AREQUIPA,AREQUIPA,20241009,64235,VT,4.7,12.01,0.000214,MISTI
20250530,0401,2024,AREQUIPA,AREQUIPA,20241009,85251,VT,5.5,13.3,2.1e-05,MISTI
20250530,0401,2024,AREQUIPA,AREQUIPA,20241009,90200,VT,5.5,8.28,1.4e-05,MISTI
20250530,0401,2024,AREQUIPA,AREQUIPA,20241009,110507,VT,2.7,11.75,2.1e-05,MISTI
20250530,0401,2024,AREQUIPA,AREQUIPA,20241009,132657,VT,3.2,15.19,2.7e-05,MISTI
20250530,0401,2024,AREQUIPA,AREQUIPA,20241009,141120,VT,5.4,12.85,0.000156,MISTI
20250530,0401,2024,AREQUIPA,AREQUIPA,20241009,153150,VT,14.1,9.09,0.000311,MISTI
20250530,0401,2024,AREQUIPA,AREQUIPA,20241010,70217,VT,5.4,9.26,0.000172,MISTI
20250530,0401,2024,AREQUIPA,AREQUIPA,20241010,90729,VT,2.8,7.06,0.000175,MISTI
20250530,0401,2024,AREQUIPA,AREQUIPA,20241010,113645,VT,3.7,9.24,0.000383,MISTI
20250530,0401,2024,AREQUIPA,AREQUIPA,20241010,120622,VT,5.2,8.32,0.000178,MISTI
20250530,0401,2024,AREQUIPA,AREQUIPA,20241011,11758,VT,4.2,18.91,4.7e-05,MISTI
20250530,0401,2024,AREQUIPA,AREQUIPA,20241011,71428,VT,5.5,11.99,0.000196,MISTI
20250530,0401,2024,AREQUIPA,AREQUIPA,20241011,105642,TO,5.3,151.51,0.011885,MISTI
20250530,0401,2024,AREQUIPA,AREQUIPA,20241011,151819,VT,4.5,36.82,0.000227,MISTI
20250530,0401,2024,AREQUIPA,AREQUIPA,20241012,312,VT,4.7,13.74,0.000958,MISTI
20250530,0401,2024,AREQUIPA,AREQUIPA,20241012,131649,VT,3.0,10.46,1.9e-05,MISTI
20250530,0401,2024,AREQUIPA,AREQUIPA,20241012,135813,VD,2.7,14.59,5e-05,MISTI
20250530,0401,2024,AREQUIPA,AREQUIPA,20241012,145215,VT,2.9,14.48,2.2e-05,MISTI
20250530,0401,2024,AREQUIPA,AREQUIPA,20241012,180548,VT,3.7,9.99,0.000118,MISTI
20250530,0401,2024,AREQUIPA,AREQUIPA,20241012,190142,VT,4.1,10.0,0.000304,MISTI
20250530,0401,2024,AREQUIPA,AREQUIPA,20241012,201232,VT,3.0,10.49,2.9e-05,MISTI
20250530,0401,2024,AREQUIPA,AREQUIPA,20241012,210814,VT,4.7,12.51,3.4e-05,MISTI
20250530,0401,2024,AREQUIPA,AREQUIPA,20241012,213732,VT,4.7,8.48,2.7e-05,MISTI
20250530,0401,2024,AREQUIPA,AREQUIPA,20241012,215531,VT,9.6,10.57,0.000343,MISTI
20250530,0401,2024,AREQUIPA,AREQUIPA,20241012,221331,VT,3.8,7.66,2.1e-05,MISTI
20250530,0401,2024,AREQUIPA,AREQUIPA,20241012,221833,VT,3.8,7.69,1.3e-05,MISTI
20250530,0401,2024,AREQUIPA,AREQUIPA,20241012,222753,VT,3.7,9.0,0.000126,MISTI
20250530,0401,2024,AREQUIPA,AREQUIPA,20241012,223454,VT,4.5,9.01,4.2e-05,MISTI
20250530,0401,2024,AREQUIPA,AREQUIPA,20241012,224714,VT,5.3,10.7,1.7e-05,MISTI
20250530,0401,2024,AREQUIPA,AREQUIPA,20241012,231958,VT,3.5,9.96,1.4e-05,MISTI
20250530,0401,2024,AREQUIPA,AREQUIPA,20241013,4019,VT,5.2,7.84,8.9e-05,MISTI
20250530,0401,2024,AREQUIPA,AREQUIPA,20241013,45328,VT,3.1,7.93,1.4e-05,MISTI
20250530,0401,2024,AREQUIPA,AREQUIPA,20241013,60742,VT,3.1,9.2,2.2e-05,MISTI
20250530,0401,2024,AREQUIPA,AREQUIPA,20241013,64715,VT,4.7,10.74,1.6e-05,MISTI
20250530,0401,2024,AREQUIPA,AREQUIPA,20241013,75739,VT,3.1,8.3,6e-06,MISTI
20250530,0401,2024,AREQUIPA,AREQUIPA,20241013,95048,VT,2.7,8.25,1.1e-05,MISTI
20250530,0401,2024,AREQUIPA,AREQUIPA,20241013,135610,VT,6.3,8.43,3.6e-05,MISTI
20250530,0401,2024,AREQUIPA,AREQUIPA,20241013,213334,VT,6.8,10.0,5.4e-05,MISTI
20250530,0401,2024,AREQUIPA,AREQUIPA,20241013,231244,VT,3.4,11.34,2.6e-05,MISTI
20250530,0401,2024,AREQUIPA,AREQUIPA,20241014,50310,VT,10.0,8.1,1e-05,MISTI
20250530,0401,2024,AREQUIPA,AREQUIPA,20241014,61054,VT,5.3,7.55,1e-05,MISTI
20250530,0401,2024,AREQUIPA,AREQUIPA,20241014,73153,VT,2.9,11.9,1.2e-05,MISTI
20250530,0401,2024,AREQUIPA,AREQUIPA,20241014,95628,VT,3.4,13.32,1.5e-05,MISTI
20250530,0401,2024,AREQUIPA,AREQUIPA,20241014,115627,VT,2.8,11.4,1.3e-05,MISTI
20250530,0401,2024,AREQUIPA,AREQUIPA,20241014,121214,VD,5.8,19.41,0.001078,MISTI
20250530,0401,2024,AREQUIPA,AREQUIPA,20241014,144028,VT,7.4,8.1,0.000277,MISTI
20250530,0401,2024,AREQUIPA,AREQUIPA,20241014,155854,VD,2.4,16.38,6.7e-05,MISTI
20250530,0401,2024,AREQUIPA,AREQUIPA,20241014,201913,VT,3.2,22.3,9e-05,MISTI
20250530,0401,2024,AREQUIPA,AREQUIPA,20241014,205913,TO,5.4,42.72,0.003096,MISTI
20250530,0401,2024,AREQUIPA,AREQUIPA,20241014,214402,VT,2.5,17.43,0.000162,MISTI
20250530,0401,2024,AREQUIPA,AREQUIPA,20241014,223204,VT,2.5,14.8,2.6e-05,MISTI
20250530,0401,2024,AREQUIPA,AREQUIPA,20241014,230854,VT,5.5,23.11,3.7e-05,MISTI
20250530,0401,2024,AREQUIPA,AREQUIPA,20241014,231916,VT,7.8,16.93,8.6e-05,MISTI
20250530,0401,2024,AREQUIPA,AREQUIPA,20241014,231951,VT,7.3,16.84,0.00037,MISTI
20250530,0401,2024,AREQUIPA,AREQUIPA,20241014,233520,VT,3.5,18.67,6.2e-05,MISTI
20250530,0401,2024,AREQUIPA,AREQUIPA,20241014,235213,VT,2.7,17.41,2.4e-05,MISTI
20250530,0401,2024,AREQUIPA,AREQUIPA,20241014,235928,VT,5.5,15.71,5.3e-05,MISTI
20250530,0401,2024,AREQUIPA,AREQUIPA,20241015,4854,VT,5.5,10.71,3.2e-05,MISTI
20250530,0401,2024,AREQUIPA,AREQUIPA,20241015,11506,VT,5.2,15.96,2.6e-05,MISTI
20250530,0401,2024,AREQUIPA,AREQUIPA,20241015,13019,VT,3.7,15.31,3.4e-05,MISTI
20250530,0401,2024,AREQUIPA,AREQUIPA,20241015,14637,VT,5.5,13.7,2e-05,MISTI
20250530,0401,2024,AREQUIPA,AREQUIPA,20241015,20115,VT,3.1,14.37,3.3e-05,MISTI
20250530,0401,2024,AREQUIPA,AREQUIPA,20241015,20517,VT,6.3,11.48,1.5e-05,MISTI
20250530,0401,2024,AREQUIPA,AREQUIPA,20241015,22420,VT,2.9,19.83,0.000673,MISTI
20250530,0401,2024,AREQUIPA,AREQUIPA,20241015,24058,VT,3.1,19.73,4.2e-05,MISTI
20250530,0401,2024,AREQUIPA,AREQUIPA,20241015,30439,VT,3.2,15.67,5.4e-05,MISTI
20250530,0401,2024,AREQUIPA,AREQUIPA,20241015,31046,VT,3.4,17.77,3.8e-05,MISTI
20250530,0401,2024,AREQUIPA,AREQUIPA,20241015,33159,VT,3.4,12.3,8.6e-05,MISTI
20250530,0401,2024,AREQUIPA,AREQUIPA,20241015,52500,VT,5.5,17.14,8.4e-05,MISTI
20250530,0401,2024,AREQUIPA,AREQUIPA,20241015,82157,TO,5.3,117.43,0.003472,MISTI
20250530,0401,2024,AREQUIPA,AREQUIPA,20241016,40834,VT,3.4,10.52,1.1e-05,MISTI
20250530,0401,2024,AREQUIPA,AREQUIPA,20241016,44242,VT,5.3,7.22,2.6e-05,MISTI
20250530,0401,2024,AREQUIPA,AREQUIPA,20241016,65348,VT,2.8,10.89,2.8e-05,MISTI
20250530,0401,2024,AREQUIPA,AREQUIPA,20241016,65528,VT,2.8,7.51,4.7e-05,MISTI
20250530,0401,2024,AREQUIPA,AREQUIPA,20241016,65847,VT,8.9,7.33,2.1e-05,MISTI
20250530,0401,2024,AREQUIPA,AREQUIPA,20241016,65901,VT,7.4,9.74,8.9e-05,MISTI
20250530,0401,2024,AREQUIPA,AREQUIPA,20241016,95341,VT,5.3,5.1,2.7e-05,MISTI
20250530,0401,2024,AREQUIPA,AREQUIPA,20241016,104719,VT,6.0,11.46,0.000124,MISTI
20250530,0401,2024,AREQUIPA,AREQUIPA,20241016,110628,VT,3.4,8.5,3.7e-05,MISTI
20250530,0401,2024,AREQUIPA,AREQUIPA,20241016,112811,VT,3.5,9.54,1.7e-05,MISTI
20250530,0401,2024,AREQUIPA,AREQUIPA,20241016,113616,VT,3.6,7.39,0.000191,MISTI
20250530,0401,2024,AREQUIPA,AREQUIPA,20241016,114630,VT,5.3,11.34,0.001256,MISTI
20250530,0401,2024,AREQUIPA,AREQUIPA,20241016,114737,VT,6.0,10.69,0.000125,MISTI
20250530,0401,2024,AREQUIPA,AREQUIPA,20241016,121305,VT,7.3,11.34,0.000294,MISTI
20250530,0401,2024,AREQUIPA,AREQUIPA,20241016,124702,VT,6.2,10.92,0.000231,MISTI
20250530,0401,2024,AREQUIPA,AREQUIPA,20241016,125236,VT,12.1,7.33,2e-05,MISTI
20250530,0401,2024,AREQUIPA,AREQUIPA,20241016,125734,VT,3.0,8.33,0.000183,MISTI
20250530,0401,2024,AREQUIPA,AREQUIPA,20241017,42243,VT,5.2,7.66,1e-05,MISTI
20250530,0401,2024,AREQUIPA,AREQUIPA,20241017,83748,VT,4.9,11.5,0.000195,MISTI
20250530,0401,2024,AREQUIPA,AREQUIPA,20241017,91738,VT,3.0,11.49,0.000136,MISTI
20250530,0401,2024,AREQUIPA,AREQUIPA,20241017,94414,VT,3.7,7.91,9e-06,MISTI
20250530,0401,2024,AREQUIPA,AREQUIPA,20241017,103905,VT,3.1,10.59,1.9e-05,MISTI
20250530,0401,2024,AREQUIPA,AREQUIPA,20241017,111210,VT,3.7,10.0,8e-06,MISTI
20250530,0401,2024,AREQUIPA,AREQUIPA,20241017,112116,VT,6.7,12.06,2.1e-05,MISTI
20250530,0401,2024,AREQUIPA,AREQUIPA,20241017,112350,VT,5.5,10.75,1.5e-05,MISTI
20250530,0401,2024,AREQUIPA,AREQUIPA,20241017,113131,VT,5.5,7.81,1.8e-05,MISTI
20250530,0401,2024,AREQUIPA,AREQUIPA,20241017,120843,VT,3.6,9.34,1.1e-05,MISTI
20250530,0401,2024,AREQUIPA,AREQUIPA,20241017,122941,VT,2.7,9.23,3.2e-05,MISTI
20250530,0401,2024,AREQUIPA,AREQUIPA,20241017,123528,VT,3.6,10.7,1.6e-05,MISTI
20250530,0401,2024,AREQUIPA,AREQUIPA,20241017,124309,VT,3.2,12.6,3.3e-05,MISTI
20250530,0401,2024,AREQUIPA,AREQUIPA,20241017,125311,VT,2.8,9.92,7.7e-05,MISTI
20250530,0401,2024,AREQUIPA,AREQUIPA,20241017,132152,VT,2.9,10.68,7.3e-05,MISTI
20250530,0401,2024,AREQUIPA,AREQUIPA,20241017,135441,VT,3.0,7.63,3.6e-05,MISTI
20250530,0401,2024,AREQUIPA,AREQUIPA,20241017,142313,VT,2.9,11.04,5e-05,MISTI
20250530,0401,2024,AREQUIPA,AREQUIPA,20241017,142500,VT,3.1,8.54,0.000353,MISTI
20250530,0401,2024,AREQUIPA,AREQUIPA,20241017,142852,VT,5.3,14.22,0.00012,MISTI
20250530,0401,2024,AREQUIPA,AREQUIPA,20241017,144250,VT,3.1,8.74,0.000131,MISTI
20250530,0401,2024,AREQUIPA,AREQUIPA,20241017,144815,VT,3.4,11.34,0.000106,MISTI
20250530,0401,2024,AREQUIPA,AREQUIPA,20241017,161628,VT,3.4,10.17,0.000136,MISTI
20250530,0401,2024,AREQUIPA,AREQUIPA,20241017,170721,VT,3.7,10.98,4e-05,MISTI
20250530,0401,2024,AREQUIPA,AREQUIPA,20241017,181103,VT,4.7,10.82,0.000143,MISTI
20250530,0401,2024,AREQUIPA,AREQUIPA,20241017,192908,VT,0.1,21.45,0.000519,MISTI
20250530,0401,2024,AREQUIPA,AREQUIPA,20241017,193851,VT,0.1,15.01,0.000184,MISTI
20250530,0401,2024,AREQUIPA,AREQUIPA,20241017,194054,VT,0.1,15.52,0.000215,MISTI
20250530,0401,2024,AREQUIPA,AREQUIPA,20241017,202420,VT,2.9,17.16,7.5e-05,MISTI
20250530,0401,2024,AREQUIPA,AREQUIPA,20241017,204730,VT,5.4,7.94,0.000105,MISTI
20250530,0401,2024,AREQUIPA,AREQUIPA,20241017,204841,VT,3.6,12.87,0.000173,MISTI
20250530,0401,2024,AREQUIPA,AREQUIPA,20241017,205606,VT,3.7,12.42,0.000255,MISTI
20250530,0401,2024,AREQUIPA,AREQUIPA,20241017,222525,VT,7.3,18.0,0.000176,MISTI
20250530,0401,2024,AREQUIPA,AREQUIPA,20241018,123536,VT,2.7,17.95,0.000229,MISTI
20250530,0401,2024,AREQUIPA,AREQUIPA,20241019,40623,VT,4.7,8.3,9.3e-05,MISTI
20250530,0401,2024,AREQUIPA,AREQUIPA,20241019,44608,VT,6.3,12.94,0.004933,MISTI
20250530,0401,2024,AREQUIPA,AREQUIPA,20241019,60539,VT,5.5,10.26,3.5e-05,MISTI
20250530,0401,2024,AREQUIPA,AREQUIPA,20241019,62710,VT,5.3,8.91,2.9e-05,MISTI
20250530,0401,2024,AREQUIPA,AREQUIPA,20241019,71739,VT,5.2,6.73,4e-05,MISTI
20250530,0401,2024,AREQUIPA,AREQUIPA,20241019,72750,VT,3.0,7.34,1.8e-05,MISTI
20250530,0401,2024,AREQUIPA,AREQUIPA,20241019,75111,VT,5.3,7.79,1.6e-05,MISTI
20250530,0401,2024,AREQUIPA,AREQUIPA,20241019,80537,VT,3.2,10.43,2.5e-05,MISTI
20250530,0401,2024,AREQUIPA,AREQUIPA,20241019,102142,VT,5.3,11.31,3.6e-05,MISTI
20250530,0401,2024,AREQUIPA,AREQUIPA,20241019,103529,VT,3.1,13.61,4.2e-05,MISTI
20250530,0401,2024,AREQUIPA,AREQUIPA,20241019,112747,VT,4.2,14.4,2.1e-05,MISTI
20250530,0401,2024,AREQUIPA,AREQUIPA,20241019,113809,VT,3.4,12.96,1.9e-05,MISTI
20250530,0401,2024,AREQUIPA,AREQUIPA,20241019,131945,VT,7.3,13.18,0.00119,MISTI
20250530,0401,2024,AREQUIPA,AREQUIPA,20241019,140936,VT,2.5,9.81,2.1e-05,MISTI
20250530,0401,2024,AREQUIPA,AREQUIPA,20241019,161006,VT,3.0,7.02,3e-05,MISTI
20250530,0401,2024,AREQUIPA,AREQUIPA,20241019,163054,VT,2.9,9.91,2.9e-05,MISTI
20250530,0401,2024,AREQUIPA,AREQUIPA,20241019,163756,VT,6.2,10.89,6.8e-05,MISTI
20250530,0401,2024,AREQUIPA,AREQUIPA,20241020,1217,VT,7.8,10.59,2.6e-05,MISTI
20250530,0401,2024,AREQUIPA,AREQUIPA,20241020,33245,VT,4.8,7.54,9e-06,MISTI
20250530,0401,2024,AREQUIPA,AREQUIPA,20241020,44221,VT,3.5,7.62,6e-06,MISTI
20250530,0401,2024,AREQUIPA,AREQUIPA,20241020,62622,VT,8.0,10.14,1.4e-05,MISTI
20250530,0401,2024,AREQUIPA,AREQUIPA,20241020,63828,VT,4.8,10.08,2.1e-05,MISTI
20250530,0401,2024,AREQUIPA,AREQUIPA,20241020,71401,VT,5.2,17.73,0.000576,MISTI
20250530,0401,2024,AREQUIPA,AREQUIPA,20241020,73532,VT,7.6,12.81,0.001299,MISTI
20250530,0401,2024,AREQUIPA,AREQUIPA,20241020,73911,VT,2.8,10.19,9e-06,MISTI
20250530,0401,2024,AREQUIPA,AREQUIPA,20241020,74556,VT,6.0,13.35,1.4e-05,MISTI
20250530,0401,2024,AREQUIPA,AREQUIPA,20241020,83116,VT,7.9,11.03,1.1e-05,MISTI
20250530,0401,2024,AREQUIPA,AREQUIPA,20241020,91535,VT,5.3,11.34,0.000132,MISTI
20250530,0401,2024,AREQUIPA,AREQUIPA,20241020,102631,VT,3.3,10.63,1e-05,MISTI
20250530,0401,2024,AREQUIPA,AREQUIPA,20241020,104051,VT,3.4,9.9,6e-06,MISTI
20250530,0401,2024,AREQUIPA,AREQUIPA,20241020,135358,VT,5.2,15.67,0.000645,MISTI
20250530,0401,2024,AREQUIPA,AREQUIPA,20241020,135432,VT,3.1,9.42,2.4e-05,MISTI
20250530,0401,2024,AREQUIPA,AREQUIPA,20241020,143553,VT,5.5,12.71,4.2e-05,MISTI
20250530,0401,2024,AREQUIPA,AREQUIPA,20241020,145810,VT,2.8,7.9,6.9e-05,MISTI
20250530,0401,2024,AREQUIPA,AREQUIPA,20241020,153753,VT,4.6,12.52,4.5e-05,MISTI
20250530,0401,2024,AREQUIPA,AREQUIPA,20241020,235408,VT,5.2,11.82,3.4e-05,MISTI
20250530,0401,2024,AREQUIPA,AREQUIPA,20241020,235644,VT,4.5,10.25,1.4e-05,MISTI
20250530,0401,2024,AREQUIPA,AREQUIPA,20241021,13647,VT,3.1,9.22,0.000141,MISTI
20250530,0401,2024,AREQUIPA,AREQUIPA,20241021,14854,VT,4.7,17.52,0.001256,MISTI
20250530,0401,2024,AREQUIPA,AREQUIPA,20241021,15724,VT,4.2,9.13,8e-06,MISTI
20250530,0401,2024,AREQUIPA,AREQUIPA,20241021,22344,VT,5.3,11.31,2.1e-05,MISTI
20250530,0401,2024,AREQUIPA,AREQUIPA,20241021,25238,VT,3.1,8.87,1.6e-05,MISTI
20250530,0401,2024,AREQUIPA,AREQUIPA,20241021,32754,VT,3.4,10.77,8e-06,MISTI
20250530,0401,2024,AREQUIPA,AREQUIPA,20241021,34554,VT,3.4,11.18,1.6e-05,MISTI
20250530,0401,2024,AREQUIPA,AREQUIPA,20241021,34818,VT,4.8,10.32,1.7e-05,MISTI
20250530,0401,2024,AREQUIPA,AREQUIPA,20241021,35352,VT,5.2,9.36,2.4e-05,MISTI
20250530,0401,2024,AREQUIPA,AREQUIPA,20241021,35923,VT,3.5,7.04,6e-06,MISTI
20250530,0401,2024,AREQUIPA,AREQUIPA,20241021,40756,VT,5.3,7.15,1.5e-05,MISTI
20250530,0401,2024,AREQUIPA,AREQUIPA,20241021,41713,VT,4.7,10.16,9e-06,MISTI
20250530,0401,2024,AREQUIPA,AREQUIPA,20241021,43136,VT,3.5,13.08,1.3e-05,MISTI
20250530,0401,2024,AREQUIPA,AREQUIPA,20241021,44715,VT,4.9,6.73,1e-05,MISTI
20250530,0401,2024,AREQUIPA,AREQUIPA,20241021,45543,VT,5.2,10.93,1e-05,MISTI
20250530,0401,2024,AREQUIPA,AREQUIPA,20241021,50729,VT,3.1,10.0,6e-06,MISTI
20250530,0401,2024,AREQUIPA,AREQUIPA,20241021,51201,VT,5.1,8.27,8e-06,MISTI
20250530,0401,2024,AREQUIPA,AREQUIPA,20241021,54456,VD,3.9,9.26,5e-06,MISTI
20250530,0401,2024,AREQUIPA,AREQUIPA,20241021,71714,VT,5.4,11.32,1e-05,MISTI
20250530,0401,2024,AREQUIPA,AREQUIPA,20241021,73857,VT,2.8,9.21,1e-05,MISTI
20250530,0401,2024,AREQUIPA,AREQUIPA,20241021,74218,VT,4.7,13.15,2.6e-05,MISTI
20250530,0401,2024,AREQUIPA,AREQUIPA,20241021,80926,VT,5.3,8.53,1.4e-05,MISTI
20250530,0401,2024,AREQUIPA,AREQUIPA,20241021,82740,VT,3.2,13.11,1.3e-05,MISTI
20250530,0401,2024,AREQUIPA,AREQUIPA,20241021,92336,VT,3.5,8.88,1e-05,MISTI
20250530,0401,2024,AREQUIPA,AREQUIPA,20241021,95530,VT,3.9,8.26,1e-05,MISTI
20250530,0401,2024,AREQUIPA,AREQUIPA,20241021,115022,VT,3.5,9.2,6e-06,MISTI
20250530,0401,2024,AREQUIPA,AREQUIPA,20241021,115941,VT,2.8,9.32,2.2e-05,MISTI
20250530,0401,2024,AREQUIPA,AREQUIPA,20241021,120615,VT,2.8,10.46,1.7e-05,MISTI
20250530,0401,2024,AREQUIPA,AREQUIPA,20241021,125155,VT,5.3,16.06,0.000782,MISTI
20250530,0401,2024,AREQUIPA,AREQUIPA,20241021,134713,VT,3.2,9.43,1.4e-05,MISTI
20250530,0401,2024,AREQUIPA,AREQUIPA,20241021,140121,VT,5.3,9.4,0.000191,MISTI
20250530,0401,2024,AREQUIPA,AREQUIPA,20241022,21710,VT,9.2,7.03,0.000228,MISTI
20250530,0401,2024,AREQUIPA,AREQUIPA,20241022,45249,VT,3.2,14.86,2.9e-05,MISTI
20250530,0401,2024,AREQUIPA,AREQUIPA,20241022,51627,VT,3.7,10.02,7e-05,MISTI
20250530,0401,2024,AREQUIPA,AREQUIPA,20241022,52316,VT,3.1,7.72,1e-05,MISTI
20250530,0401,2024,AREQUIPA,AREQUIPA,20241022,62346,VT,5.4,7.73,2.2e-05,MISTI
20250530,0401,2024,AREQUIPA,AREQUIPA,20241022,75310,VD,3.0,12.02,1.5e-05,MISTI
20250530,0401,2024,AREQUIPA,AREQUIPA,20241022,85329,VT,3.0,8.1,3.2e-05,MISTI
20250530,0401,2024,AREQUIPA,AREQUIPA,20241022,95856,VT,2.9,8.69,2.1e-05,MISTI
20250530,0401,2024,AREQUIPA,AREQUIPA,20241022,100853,VT,3.1,9.87,1.8e-05,MISTI
20250530,0401,2024,AREQUIPA,AREQUIPA,20241022,104640,VT,3.5,9.27,1.9e-05,MISTI
20250530,0401,2024,AREQUIPA,AREQUIPA,20241022,112344,VT,5.5,10.77,0.000206,MISTI
20250530,0401,2024,AREQUIPA,AREQUIPA,20241022,114614,VT,6.1,8.95,2.6e-05,MISTI
20250530,0401,2024,AREQUIPA,AREQUIPA,20241022,121040,VT,3.7,6.77,0.00015,MISTI
20250530,0401,2024,AREQUIPA,AREQUIPA,20241023,15342,VT,4.7,8.56,5.5e-05,MISTI
20250530,0401,2024,AREQUIPA,AREQUIPA,20241023,31319,VT,4.8,11.22,1.9e-05,MISTI
20250530,0401,2024,AREQUIPA,AREQUIPA,20241023,43154,VT,5.5,10.02,1.7e-05,MISTI
20250530,0401,2024,AREQUIPA,AREQUIPA,20241023,45734,VT,7.4,10.44,2.3e-05,MISTI
20250530,0401,2024,AREQUIPA,AREQUIPA,20241023,64028,VT,3.8,9.31,0.000108,MISTI
20250530,0401,2024,AREQUIPA,AREQUIPA,20241023,65437,VT,6.2,9.36,1.9e-05,MISTI
20250530,0401,2024,AREQUIPA,AREQUIPA,20241023,83752,VT,7.5,8.21,3.7e-05,MISTI
20250530,0401,2024,AREQUIPA,AREQUIPA,20241023,105542,VT,3.4,8.21,1.4e-05,MISTI
20250530,0401,2024,AREQUIPA,AREQUIPA,20241023,112344,VT,3.0,6.08,9e-06,MISTI
20250530,0401,2024,AREQUIPA,AREQUIPA,20241023,112649,VT,5.2,8.77,5.5e-05,MISTI
20250530,0401,2024,AREQUIPA,AREQUIPA,20241024,231758,VT,6.2,6.56,2.1e-05,MISTI
20250530,0401,2024,AREQUIPA,AREQUIPA,20241025,62432,VT,3.7,10.75,1.8e-05,MISTI
20250530,0401,2024,AREQUIPA,AREQUIPA,20241025,103518,VT,3.7,10.06,5.7e-05,MISTI
20250530,0401,2024,AREQUIPA,AREQUIPA,20241025,124555,VT,2.5,13.06,9.9e-05,MISTI
20250530,0401,2024,AREQUIPA,AREQUIPA,20241026,111353,VT,5.5,14.03,4.7e-05,MISTI
20250530,0401,2024,AREQUIPA,AREQUIPA,20241026,114706,VT,3.8,13.2,2.9e-05,MISTI
20250530,0401,2024,AREQUIPA,AREQUIPA,20241026,124934,VT,7.3,16.13,7.6e-05,MISTI
20250530,0401,2024,AREQUIPA,AREQUIPA,20241026,130900,VT,5.5,12.14,0.000121,MISTI
20250530,0401,2024,AREQUIPA,AREQUIPA,20241026,144143,VT,8.9,8.76,0.000234,MISTI
20250530,0401,2024,AREQUIPA,AREQUIPA,20241026,144450,VT,3.6,13.48,2.6e-05,MISTI
20250530,0401,2024,AREQUIPA,AREQUIPA,20241026,172604,VT,3.7,11.36,0.000225,MISTI
20250530,0401,2024,AREQUIPA,AREQUIPA,20241026,194118,VT,5.5,9.87,0.000217,MISTI
20250530,0401,2024,AREQUIPA,AREQUIPA,20241026,200154,VT,4.2,8.78,7.1e-05,MISTI
20250530,0401,2024,AREQUIPA,AREQUIPA,20241026,200207,VT,2.8,9.01,0.000253,MISTI
20250530,0401,2024,AREQUIPA,AREQUIPA,20241026,211651,VT,3.7,9.7,6.6e-05,MISTI
20250530,0401,2024,AREQUIPA,AREQUIPA,20241026,235309,VT,3.6,6.64,2.5e-05,MISTI
20250530,0401,2024,AREQUIPA,AREQUIPA,20241027,34819,VT,3.2,15.07,2.2e-05,MISTI
20250530,0401,2024,AREQUIPA,AREQUIPA,20241027,65148,VT,5.9,11.79,1e-05,MISTI
20250530,0401,2024,AREQUIPA,AREQUIPA,20241027,72112,VT,5.5,9.13,9e-06,MISTI
20250530,0401,2024,AREQUIPA,AREQUIPA,20241027,80759,VT,2.7,9.14,8e-06,MISTI
20250530,0401,2024,AREQUIPA,AREQUIPA,20241027,81508,VT,3.8,11.17,2.1e-05,MISTI
20250530,0401,2024,AREQUIPA,AREQUIPA,20241027,83926,VT,5.2,8.26,1.1e-05,MISTI
20250530,0401,2024,AREQUIPA,AREQUIPA,20241027,85825,VT,3.7,7.29,4e-05,MISTI
20250530,0401,2024,AREQUIPA,AREQUIPA,20241027,91853,VT,5.3,8.31,1.1e-05,MISTI
20250530,0401,2024,AREQUIPA,AREQUIPA,20241027,102140,VT,5.3,10.17,2e-05,MISTI
20250530,0401,2024,AREQUIPA,AREQUIPA,20241027,115133,VT,3.7,7.9,2.7e-05,MISTI
20250530,0401,2024,AREQUIPA,AREQUIPA,20241027,141248,VT,3.4,11.08,4.3e-05,MISTI
20250530,0401,2024,AREQUIPA,AREQUIPA,20241027,161410,VD,4.9,11.24,0.000276,MISTI
20250530,0401,2024,AREQUIPA,AREQUIPA,20241027,231816,VT,3.6,15.8,5.9e-05,MISTI
20250530,0401,2024,AREQUIPA,AREQUIPA,20241027,232400,VT,3.3,12.6,1.9e-05,MISTI
20250530,0401,2024,AREQUIPA,AREQUIPA,20241028,107,VT,2.9,10.96,2.1e-05,MISTI
20250530,0401,2024,AREQUIPA,AREQUIPA,20241028,930,VT,5.0,10.07,4.7e-05,MISTI
20250530,0401,2024,AREQUIPA,AREQUIPA,20241028,1305,VT,4.1,14.55,0.000702,MISTI
20250530,0401,2024,AREQUIPA,AREQUIPA,20241028,2210,VT,3.7,13.18,3.1e-05,MISTI
20250530,0401,2024,AREQUIPA,AREQUIPA,20241028,2842,VT,5.5,8.55,1.1e-05,MISTI
20250530,0401,2024,AREQUIPA,AREQUIPA,20241028,4848,VD,3.7,24.6,0.000209,MISTI
20250530,0401,2024,AREQUIPA,AREQUIPA,20241028,10135,VT,5.3,9.72,4.1e-05,MISTI
20250530,0401,2024,AREQUIPA,AREQUIPA,20241028,10741,VT,3.5,16.5,1.7e-05,MISTI
20250530,0401,2024,AREQUIPA,AREQUIPA,20241028,32134,VT,3.4,11.65,1.3e-05,MISTI
20250530,0401,2024,AREQUIPA,AREQUIPA,20241028,32745,VD,3.5,11.31,1.2e-05,MISTI
20250530,0401,2024,AREQUIPA,AREQUIPA,20241028,33526,VT,3.7,7.65,1.1e-05,MISTI
20250530,0401,2024,AREQUIPA,AREQUIPA,20241028,35306,VT,7.4,10.84,0.000512,MISTI
20250530,0401,2024,AREQUIPA,AREQUIPA,20241028,44446,VT,5.5,13.35,0.000318,MISTI
20250530,0401,2024,AREQUIPA,AREQUIPA,20241028,53506,VT,3.4,10.85,9e-06,MISTI
20250530,0401,2024,AREQUIPA,AREQUIPA,20241028,61731,VT,3.7,10.91,0.000194,MISTI
20250530,0401,2024,AREQUIPA,AREQUIPA,20241028,64530,VT,2.9,10.02,2.1e-05,MISTI
20250530,0401,2024,AREQUIPA,AREQUIPA,20241028,64840,VD,7.0,16.94,0.000427,MISTI
20250530,0401,2024,AREQUIPA,AREQUIPA,20241028,72314,VT,4.0,17.01,0.001108,MISTI
20250530,0401,2024,AREQUIPA,AREQUIPA,20241028,73358,VT,5.4,6.62,1e-05,MISTI
20250530,0401,2024,AREQUIPA,AREQUIPA,20241028,75618,VT,3.5,14.97,0.000431,MISTI
20250530,0401,2024,AREQUIPA,AREQUIPA,20241028,81455,VT,2.9,7.68,1.2e-05,MISTI
20250530,0401,2024,AREQUIPA,AREQUIPA,20241028,85346,VT,3.0,10.14,1.1e-05,MISTI
20250530,0401,2024,AREQUIPA,AREQUIPA,20241028,90710,VT,5.5,10.91,1.2e-05,MISTI
20250530,0401,2024,AREQUIPA,AREQUIPA,20241028,93934,VT,3.4,10.98,1e-05,MISTI
20250530,0401,2024,AREQUIPA,AREQUIPA,20241028,94622,VT,3.5,10.35,1.2e-05,MISTI
20250530,0401,2024,AREQUIPA,AREQUIPA,20241028,101328,VT,3.7,11.07,0.000728,MISTI
20250530,0401,2024,AREQUIPA,AREQUIPA,20241028,104824,VT,3.5,12.91,2.5e-05,MISTI
20250530,0401,2024,AREQUIPA,AREQUIPA,20241028,112538,VT,5.4,7.56,3.2e-05,MISTI
20250530,0401,2024,AREQUIPA,AREQUIPA,20241028,123218,VT,2.7,9.95,2.1e-05,MISTI
20250530,0401,2024,AREQUIPA,AREQUIPA,20241028,125355,VT,3.0,12.03,6.9e-05,MISTI
20250530,0401,2024,AREQUIPA,AREQUIPA,20241028,134206,VT,3.3,19.3,0.000944,MISTI
20250530,0401,2024,AREQUIPA,AREQUIPA,20241028,141201,VT,3.4,10.49,5e-05,MISTI
20250530,0401,2024,AREQUIPA,AREQUIPA,20241028,143651,VT,3.0,10.69,0.000118,MISTI
20250530,0401,2024,AREQUIPA,AREQUIPA,20241028,151923,VT,5.4,8.7,0.000103,MISTI
20250530,0401,2024,AREQUIPA,AREQUIPA,20241028,154723,VT,5.5,11.32,0.000233,MISTI
20250530,0401,2024,AREQUIPA,AREQUIPA,20241028,164400,VT,4.5,9.9,6.1e-05,MISTI
20250530,0401,2024,AREQUIPA,AREQUIPA,20241028,173748,VT,3.0,9.94,0.000336,MISTI
20250530,0401,2024,AREQUIPA,AREQUIPA,20241028,174604,VT,3.9,14.62,0.000637,MISTI
20250530,0401,2024,AREQUIPA,AREQUIPA,20241028,195557,VT,3.0,8.64,5.8e-05,MISTI
20250530,0401,2024,AREQUIPA,AREQUIPA,20241028,205333,VT,4.6,10.98,2.1e-05,MISTI
20250530,0401,2024,AREQUIPA,AREQUIPA,20241028,212529,VT,2.9,10.0,1.7e-05,MISTI
20250530,0401,2024,AREQUIPA,AREQUIPA,20241028,212732,VT,7.3,11.82,1.9e-05,MISTI
20250530,0401,2024,AREQUIPA,AREQUIPA,20241028,213931,VT,2.8,18.23,3.8e-05,MISTI
20250530,0401,2024,AREQUIPA,AREQUIPA,20241029,208,VT,3.7,14.06,7.3e-05,MISTI
20250530,0401,2024,AREQUIPA,AREQUIPA,20241029,3012,VT,5.5,11.76,2.6e-05,MISTI
20250530,0401,2024,AREQUIPA,AREQUIPA,20241029,11236,VT,3.5,10.07,1.7e-05,MISTI
20250530,0401,2024,AREQUIPA,AREQUIPA,20241029,15648,VT,3.4,11.8,8e-06,MISTI
20250530,0401,2024,AREQUIPA,AREQUIPA,20241029,22513,VT,4.7,11.99,9e-06,MISTI
20250530,0401,2024,AREQUIPA,AREQUIPA,20241029,24252,VT,5.4,13.04,1.7e-05,MISTI
20250530,0401,2024,AREQUIPA,AREQUIPA,20241029,25413,VT,5.2,9.54,1.5e-05,MISTI
20250530,0401,2024,AREQUIPA,AREQUIPA,20241029,30549,VT,5.3,7.77,9e-06,MISTI
20250530,0401,2024,AREQUIPA,AREQUIPA,20241029,35455,VT,3.4,14.3,1.1e-05,MISTI
20250530,0401,2024,AREQUIPA,AREQUIPA,20241029,42759,VT,3.6,15.66,2e-05,MISTI
20250530,0401,2024,AREQUIPA,AREQUIPA,20241029,43606,VT,3.3,9.33,7.5e-05,MISTI
20250530,0401,2024,AREQUIPA,AREQUIPA,20241029,44831,VT,3.7,17.01,1.5e-05,MISTI
20250530,0401,2024,AREQUIPA,AREQUIPA,20241029,51136,VT,3.2,14.21,7e-06,MISTI
20250530,0401,2024,AREQUIPA,AREQUIPA,20241029,75101,VT,3.7,12.16,1.1e-05,MISTI
20250530,0401,2024,AREQUIPA,AREQUIPA,20241029,85452,VT,3.3,10.57,9e-06,MISTI
20250530,0401,2024,AREQUIPA,AREQUIPA,20241029,91544,VT,3.2,11.98,9e-06,MISTI
20250530,0401,2024,AREQUIPA,AREQUIPA,20241029,92029,VT,3.5,12.93,8e-06,MISTI
20250530,0401,2024,AREQUIPA,AREQUIPA,20241029,100935,VT,5.5,11.97,1.9e-05,MISTI
20250530,0401,2024,AREQUIPA,AREQUIPA,20241029,103220,VT,5.2,10.94,1.1e-05,MISTI
20250530,0401,2024,AREQUIPA,AREQUIPA,20241029,104619,VT,3.4,11.91,1.6e-05,MISTI
20250530,0401,2024,AREQUIPA,AREQUIPA,20241029,105444,VT,3.7,12.38,1.1e-05,MISTI
20250530,0401,2024,AREQUIPA,AREQUIPA,20241029,114134,VT,2.7,8.85,1.2e-05,MISTI
20250530,0401,2024,AREQUIPA,AREQUIPA,20241029,120435,VT,2.9,14.09,1.3e-05,MISTI
20250530,0401,2024,AREQUIPA,AREQUIPA,20241029,130245,VT,3.0,12.28,2.1e-05,MISTI
20250530,0401,2024,AREQUIPA,AREQUIPA,20241029,130706,VT,2.8,15.99,0.000127,MISTI
20250530,0401,2024,AREQUIPA,AREQUIPA,20241029,131822,VT,9.4,10.0,2.3e-05,MISTI
20250530,0401,2024,AREQUIPA,AREQUIPA,20241029,134645,VT,5.3,10.41,4.2e-05,MISTI
20250530,0401,2024,AREQUIPA,AREQUIPA,20241029,145447,VT,2.7,8.17,0.000148,MISTI
20250530,0401,2024,AREQUIPA,AREQUIPA,20241029,162926,VT,2.9,13.14,0.000233,MISTI
20250530,0401,2024,AREQUIPA,AREQUIPA,20241029,204336,VT,2.6,12.89,3.8e-05,MISTI
20250530,0401,2024,AREQUIPA,AREQUIPA,20241029,214023,VD,5.3,13.07,6.3e-05,MISTI
20250530,0401,2024,AREQUIPA,AREQUIPA,20241029,224403,VD,4.3,17.36,4.3e-05,MISTI
20250530,0401,2024,AREQUIPA,AREQUIPA,20241030,1103,VT,3.4,13.28,1.6e-05,MISTI
20250530,0401,2024,AREQUIPA,AREQUIPA,20241030,3357,VT,2.9,8.73,7e-06,MISTI
20250530,0401,2024,AREQUIPA,AREQUIPA,20241030,5056,VT,2.8,10.7,8e-06,MISTI
20250530,0401,2024,AREQUIPA,AREQUIPA,20241030,11331,VT,5.3,10.22,2e-05,MISTI
20250530,0401,2024,AREQUIPA,AREQUIPA,20241030,13843,VT,6.9,6.8,2.2e-05,MISTI
20250530,0401,2024,AREQUIPA,AREQUIPA,20241030,20206,VT,8.8,10.8,2.1e-05,MISTI
20250530,0401,2024,AREQUIPA,AREQUIPA,20241030,31950,VT,6.9,9.39,2.2e-05,MISTI
20250530,0401,2024,AREQUIPA,AREQUIPA,20241030,35317,VT,6.2,8.06,1.7e-05,MISTI
20250530,0401,2024,AREQUIPA,AREQUIPA,20241030,62335,VT,5.5,10.52,3.1e-05,MISTI
20250530,0401,2024,AREQUIPA,AREQUIPA,20241030,72447,VT,5.1,23.52,0.00109,MISTI
20250530,0401,2024,AREQUIPA,AREQUIPA,20241030,120720,VT,10.0,10.47,1.4e-05,MISTI
20250530,0401,2024,AREQUIPA,AREQUIPA,20241030,124053,VT,3.1,12.81,7.5e-05,MISTI
20250530,0401,2024,AREQUIPA,AREQUIPA,20241031,5241,VT,4.8,14.55,6.580343,MISTI
20250530,0401,2024,AREQUIPA,AREQUIPA,20241031,24925,VT,3.7,8.04,1.8e-05,MISTI
20250530,0401,2024,AREQUIPA,AREQUIPA,20241031,60727,VT,5.3,8.3,0.00014,MISTI
20250530,0401,2024,AREQUIPA,AREQUIPA,20241031,85007,VT,3.5,13.5,2.5e-05,MISTI
20250530,0401,2024,AREQUIPA,AREQUIPA,20241031,115534,VT,2.4,11.91,1.3e-05,MISTI
20250530,0401,2024,AREQUIPA,AREQUIPA,20241031,161052,VT,2.8,9.9,0.000195,MISTI
20250530,0401,2024,AREQUIPA,AREQUIPA,20241101,30920,VT,3.2,18.53,0.000136,MISTI
20250530,0401,2024,AREQUIPA,AREQUIPA,20241101,33610,VT,3.4,12.56,1.4e-05,MISTI
20250530,0401,2024,AREQUIPA,AREQUIPA,20241101,33641,VT,4.5,15.45,2.6e-05,MISTI
20250530,0401,2024,AREQUIPA,AREQUIPA,20241101,43955,VT,5.4,9.9,4.3e-05,MISTI
20250530,0401,2024,AREQUIPA,AREQUIPA,20241101,64026,VT,3.1,17.77,2.9e-05,MISTI
20250530,0401,2024,AREQUIPA,AREQUIPA,20241101,141014,TO,5.7,71.31,0.011581,MISTI
20250530,0401,2024,AREQUIPA,AREQUIPA,20241101,171839,VT,5.2,12.0,5.5e-05,MISTI
20250530,0401,2024,AREQUIPA,AREQUIPA,20241102,141447,VT,12.1,13.5,0.000148,MISTI
20250530,0401,2024,AREQUIPA,AREQUIPA,20241102,145036,VT,5.5,12.91,8.8e-05,MISTI
20250530,0401,2024,AREQUIPA,AREQUIPA,20241103,60703,VT,8.0,14.06,0.001176,MISTI
20250530,0401,2024,AREQUIPA,AREQUIPA,20241103,82112,VT,4.7,9.62,0.00021,MISTI
20250530,0401,2024,AREQUIPA,AREQUIPA,20241103,82356,VT,5.3,10.03,2e-05,MISTI
20250530,0401,2024,AREQUIPA,AREQUIPA,20241103,83436,VT,2.8,9.22,5.4e-05,MISTI
20250530,0401,2024,AREQUIPA,AREQUIPA,20241103,83459,VT,10.0,9.56,1.8e-05,MISTI
20250530,0401,2024,AREQUIPA,AREQUIPA,20241103,92813,VT,3.7,12.69,5.1e-05,MISTI
20250530,0401,2024,AREQUIPA,AREQUIPA,20241103,100821,VT,3.0,19.86,0.000179,MISTI
20250530,0401,2024,AREQUIPA,AREQUIPA,20241103,111123,VT,3.4,8.7,0.000103,MISTI
20250530,0401,2024,AREQUIPA,AREQUIPA,20241103,214501,VT,2.7,10.76,2e-05,MISTI
20250530,0401,2024,AREQUIPA,AREQUIPA,20241103,215329,VT,11.6,7.46,4e-05,MISTI
20250530,0401,2024,AREQUIPA,AREQUIPA,20241103,224359,VT,11.2,12.63,0.00062,MISTI
20250530,0401,2024,AREQUIPA,AREQUIPA,20241103,234547,VT,4.2,11.91,1.4e-05,MISTI
20250530,0401,2024,AREQUIPA,AREQUIPA,20241104,11500,VT,4.7,15.71,0.000252,MISTI
20250530,0401,2024,AREQUIPA,AREQUIPA,20241104,11908,VT,5.5,8.79,1.9e-05,MISTI
20250530,0401,2024,AREQUIPA,AREQUIPA,20241104,12057,VT,3.8,19.96,0.001238,MISTI
20250530,0401,2024,AREQUIPA,AREQUIPA,20241104,33542,VT,6.7,13.37,3.7e-05,MISTI
20250530,0401,2024,AREQUIPA,AREQUIPA,20241104,41242,VT,5.3,13.48,2.9e-05,MISTI
20250530,0401,2024,AREQUIPA,AREQUIPA,20241104,94340,VT,3.7,14.73,0.000561,MISTI
20250530,0401,2024,AREQUIPA,AREQUIPA,20241104,114133,VT,3.1,7.65,3.3e-05,MISTI
20250530,0401,2024,AREQUIPA,AREQUIPA,20241104,124945,VT,3.7,11.88,8.4e-05,MISTI
20250530,0401,2024,AREQUIPA,AREQUIPA,20241104,141712,VT,3.2,11.04,5e-05,MISTI
20250530,0401,2024,AREQUIPA,AREQUIPA,20241104,165044,VT,5.5,8.13,0.000259,MISTI
20250530,0401,2024,AREQUIPA,AREQUIPA,20241104,171453,VT,4.2,10.22,0.000147,MISTI
20250530,0401,2024,AREQUIPA,AREQUIPA,20241105,34209,VT,3.5,16.05,2e-05,MISTI
20250530,0401,2024,AREQUIPA,AREQUIPA,20241105,55735,VT,3.0,21.34,2e-05,MISTI
20250530,0401,2024,AREQUIPA,AREQUIPA,20241105,80303,VT,4.2,21.4,3.9e-05,MISTI
20250530,0401,2024,AREQUIPA,AREQUIPA,20241105,182701,VT,4.2,14.63,0.000311,MISTI
20250530,0401,2024,AREQUIPA,AREQUIPA,20241105,183216,VT,4.5,16.45,7.4e-05,MISTI
20250530,0401,2024,AREQUIPA,AREQUIPA,20241105,200836,VT,3.5,11.0,6e-05,MISTI
20250530,0401,2024,AREQUIPA,AREQUIPA,20241105,200837,VT,3.4,13.57,6.8e-05,MISTI
20250530,0401,2024,AREQUIPA,AREQUIPA,20241105,223420,TO,5.8,52.28,0.002556,MISTI
20250530,0401,2024,AREQUIPA,AREQUIPA,20241106,15614,VT,2.8,10.11,4.2e-05,MISTI
20250530,0401,2024,AREQUIPA,AREQUIPA,20241106,21959,VT,5.5,10.42,4.3e-05,MISTI
20250530,0401,2024,AREQUIPA,AREQUIPA,20241106,52051,VT,8.8,10.22,0.000514,MISTI
20250530,0401,2024,AREQUIPA,AREQUIPA,20241106,83324,VT,8.8,10.9,0.006119,MISTI
20250530,0401,2024,AREQUIPA,AREQUIPA,20241106,101300,VT,7.3,9.27,6.6e-05,MISTI
20250530,0401,2024,AREQUIPA,AREQUIPA,20241106,123445,VT,2.7,11.93,4.2e-05,MISTI
20250530,0401,2024,AREQUIPA,AREQUIPA,20241106,125602,VT,5.3,8.32,3.1e-05,MISTI
20250530,0401,2024,AREQUIPA,AREQUIPA,20241106,164743,VT,4.7,10.97,0.000156,MISTI
20250530,0401,2024,AREQUIPA,AREQUIPA,20241107,22338,VT,3.3,10.11,1.5e-05,MISTI
20250530,0401,2024,AREQUIPA,AREQUIPA,20241107,131119,VT,5.4,10.1,4.9e-05,MISTI
20250530,0401,2024,AREQUIPA,AREQUIPA,20241107,220600,VT,12.0,15.09,0.036083,MISTI
20250530,0401,2024,AREQUIPA,AREQUIPA,20241108,33118,VT,5.5,10.78,4.1e-05,MISTI
20250530,0401,2024,AREQUIPA,AREQUIPA,20241108,64139,VT,5.5,10.56,2e-05,MISTI
20250530,0401,2024,AREQUIPA,AREQUIPA,20241108,65443,VT,5.3,8.45,2.3e-05,MISTI
20250530,0401,2024,AREQUIPA,AREQUIPA,20241108,70708,VT,4.5,8.24,2.8e-05,MISTI
20250530,0401,2024,AREQUIPA,AREQUIPA,20241108,73848,VT,3.4,10.36,2.7e-05,MISTI
20250530,0401,2024,AREQUIPA,AREQUIPA,20241108,74606,VT,4.4,15.7,0.001196,MISTI
20250530,0401,2024,AREQUIPA,AREQUIPA,20241108,75023,VT,3.7,12.37,2.9e-05,MISTI
20250530,0401,2024,AREQUIPA,AREQUIPA,20241108,75923,VT,5.3,5.6,1.4e-05,MISTI
20250530,0401,2024,AREQUIPA,AREQUIPA,20241108,82255,VT,3.0,6.36,1.1e-05,MISTI
20250530,0401,2024,AREQUIPA,AREQUIPA,20241108,84142,VT,5.3,7.66,3.6e-05,MISTI
20250530,0401,2024,AREQUIPA,AREQUIPA,20241108,93027,VT,3.7,8.88,1.8e-05,MISTI
20250530,0401,2024,AREQUIPA,AREQUIPA,20241108,93223,VT,5.3,10.35,2.1e-05,MISTI
20250530,0401,2024,AREQUIPA,AREQUIPA,20241108,111501,VT,3.0,12.16,2.2e-05,MISTI
20250530,0401,2024,AREQUIPA,AREQUIPA,20241108,112201,VT,3.7,11.1,1.7e-05,MISTI
20250530,0401,2024,AREQUIPA,AREQUIPA,20241109,34512,VT,8.0,17.01,0.000529,MISTI
20250530,0401,2024,AREQUIPA,AREQUIPA,20241109,41749,VT,9.9,12.71,3.3e-05,MISTI
20250530,0401,2024,AREQUIPA,AREQUIPA,20241109,44836,VT,4.7,18.91,0.000657,MISTI
20250530,0401,2024,AREQUIPA,AREQUIPA,20241110,21514,VT,9.9,16.68,6.8e-05,MISTI
20250530,0401,2024,AREQUIPA,AREQUIPA,20241110,30622,VT,9.9,15.39,2.3e-05,MISTI
20250530,0401,2024,AREQUIPA,AREQUIPA,20241110,31352,VT,9.8,9.91,4e-06,MISTI
20250530,0401,2024,AREQUIPA,AREQUIPA,20241110,125636,VT,8.0,18.45,0.00019,MISTI
20250530,0401,2024,AREQUIPA,AREQUIPA,20241110,224117,VD,3.1,18.8,0.000211,MISTI
20250530,0401,2024,AREQUIPA,AREQUIPA,20241111,15048,VT,2.9,12.27,0.000252,MISTI
20250530,0401,2024,AREQUIPA,AREQUIPA,20241111,24715,VT,7.0,8.3,0.000106,MISTI
20250530,0401,2024,AREQUIPA,AREQUIPA,20241111,25338,VT,5.2,8.99,0.000198,MISTI
20250530,0401,2024,AREQUIPA,AREQUIPA,20241111,35806,VT,4.9,12.22,0.000128,MISTI
20250530,0401,2024,AREQUIPA,AREQUIPA,20241111,45927,VT,5.0,8.99,0.000122,MISTI
20250530,0401,2024,AREQUIPA,AREQUIPA,20241111,53314,VT,3.7,7.08,2.5e-05,MISTI
20250530,0401,2024,AREQUIPA,AREQUIPA,20241111,61237,VT,7.0,9.67,0.000354,MISTI
20250530,0401,2024,AREQUIPA,AREQUIPA,20241111,64432,VT,3.7,16.19,6.3e-05,MISTI
20250530,0401,2024,AREQUIPA,AREQUIPA,20241111,65011,VD,4.2,17.36,0.00018,MISTI
20250530,0401,2024,AREQUIPA,AREQUIPA,20241111,65448,VT,4.9,9.75,0.000167,MISTI
20250530,0401,2024,AREQUIPA,AREQUIPA,20241111,70755,VT,5.3,10.09,0.000122,MISTI
20250530,0401,2024,AREQUIPA,AREQUIPA,20241111,73449,VT,5.6,12.82,0.000139,MISTI
20250530,0401,2024,AREQUIPA,AREQUIPA,20241111,81038,VT,3.8,7.44,7.5e-05,MISTI
20250530,0401,2024,AREQUIPA,AREQUIPA,20241111,85631,VT,5.5,10.59,0.000156,MISTI
20250530,0401,2024,AREQUIPA,AREQUIPA,20241111,92619,VT,4.8,7.48,3.3e-05,MISTI
20250530,0401,2024,AREQUIPA,AREQUIPA,20241111,94656,VT,4.9,11.12,0.000228,MISTI
20250530,0401,2024,AREQUIPA,AREQUIPA,20241111,95649,VT,3.5,7.3,0.000124,MISTI
20250530,0401,2024,AREQUIPA,AREQUIPA,20241111,144734,VT,4.8,9.16,2.8e-05,MISTI
20250530,0401,2024,AREQUIPA,AREQUIPA,20241111,150040,VT,3.2,10.95,0.000129,MISTI
20250530,0401,2024,AREQUIPA,AREQUIPA,20241112,2523,VT,5.5,10.41,8.7e-05,MISTI
20250530,0401,2024,AREQUIPA,AREQUIPA,20241112,13519,VT,3.7,11.1,1.7e-05,MISTI
20250530,0401,2024,AREQUIPA,AREQUIPA,20241112,13620,VT,4.2,9.14,2e-05,MISTI
20250530,0401,2024,AREQUIPA,AREQUIPA,20241112,14041,VT,5.5,10.09,2.3e-05,MISTI
20250530,0401,2024,AREQUIPA,AREQUIPA,20241112,14141,VT,2.8,8.81,4.5e-05,MISTI
20250530,0401,2024,AREQUIPA,AREQUIPA,20241112,20213,VT,4.2,13.22,3e-05,MISTI
20250530,0401,2024,AREQUIPA,AREQUIPA,20241113,32812,VT,5.7,14.3,0.001896,MISTI
20250530,0401,2024,AREQUIPA,AREQUIPA,20241113,61821,VD,4.1,18.1,0.001365,MISTI
20250530,0401,2024,AREQUIPA,AREQUIPA,20241113,82212,VT,3.5,18.44,0.000768,MISTI
20250530,0401,2024,AREQUIPA,AREQUIPA,20241113,125753,VT,3.0,14.05,0.001005,MISTI
20250530,0401,2024,AREQUIPA,AREQUIPA,20241114,25131,VT,6.3,7.98,1.4e-05,MISTI
20250530,0401,2024,AREQUIPA,AREQUIPA,20241114,51803,VT,11.4,12.37,1.1e-05,MISTI
20250530,0401,2024,AREQUIPA,AREQUIPA,20241114,83703,VT,2.8,12.72,8e-06,MISTI
20250530,0401,2024,AREQUIPA,AREQUIPA,20241114,105422,VT,4.2,17.27,3.7e-05,MISTI
20250530,0401,2024,AREQUIPA,AREQUIPA,20241114,133214,VT,7.6,15.07,5.7e-05,MISTI
20250530,0401,2024,AREQUIPA,AREQUIPA,20241114,164600,VT,4.0,11.59,4.9e-05,MISTI
20250530,0401,2024,AREQUIPA,AREQUIPA,20241114,165658,VT,2.6,9.14,0.000133,MISTI
20250530,0401,2024,AREQUIPA,AREQUIPA,20241114,175112,VT,2.7,9.26,4.3e-05,MISTI
20250530,0401,2024,AREQUIPA,AREQUIPA,20241114,221304,VT,5.2,9.49,0.000302,MISTI
20250530,0401,2024,AREQUIPA,AREQUIPA,20241114,233355,VT,2.8,9.22,1.4e-05,MISTI
20250530,0401,2024,AREQUIPA,AREQUIPA,20241114,235418,VT,4.6,10.35,0.000223,MISTI
20250530,0401,2024,AREQUIPA,AREQUIPA,20241115,631,VT,3.6,9.35,1.9e-05,MISTI
20250530,0401,2024,AREQUIPA,AREQUIPA,20241115,34317,VT,4.2,12.28,9e-06,MISTI
20250530,0401,2024,AREQUIPA,AREQUIPA,20241115,42146,VT,3.3,9.68,1.7e-05,MISTI
20250530,0401,2024,AREQUIPA,AREQUIPA,20241115,72504,VT,3.0,7.91,1.8e-05,MISTI
20250530,0401,2024,AREQUIPA,AREQUIPA,20241115,72716,VT,3.5,12.5,1.1e-05,MISTI
20250530,0401,2024,AREQUIPA,AREQUIPA,20241115,95547,VT,3.0,8.19,1e-05,MISTI
20250530,0401,2024,AREQUIPA,AREQUIPA,20241115,165822,VT,3.1,8.36,0.000167,MISTI
20250530,0401,2024,AREQUIPA,AREQUIPA,20241116,52938,VT,2.9,6.86,0.00013,MISTI
20250530,0401,2024,AREQUIPA,AREQUIPA,20241116,63958,VD,4.1,19.66,0.00041,MISTI
20250530,0401,2024,AREQUIPA,AREQUIPA,20241117,53811,VT,3.4,16.89,0.000126,MISTI
20250530,0401,2024,AREQUIPA,AREQUIPA,20241117,61215,VT,3.7,15.12,0.000274,MISTI
20250530,0401,2024,AREQUIPA,AREQUIPA,20241117,75757,VT,5.4,11.23,0.000147,MISTI
20250530,0401,2024,AREQUIPA,AREQUIPA,20241117,103955,VT,5.5,13.08,0.000276,MISTI
20250530,0401,2024,AREQUIPA,AREQUIPA,20241118,45416,VT,5.3,10.51,0.000264,MISTI
20250530,0401,2024,AREQUIPA,AREQUIPA,20241118,63447,VT,5.3,11.0,2.5e-05,MISTI
20250530,0401,2024,AREQUIPA,AREQUIPA,20241118,100843,VT,5.4,7.79,3.6e-05,MISTI
20250530,0401,2024,AREQUIPA,AREQUIPA,20241118,175256,VT,3.8,10.32,0.000326,MISTI
20250530,0401,2024,AREQUIPA,AREQUIPA,20241119,1504,VT,5.1,8.59,1.2e-05,MISTI
20250530,0401,2024,AREQUIPA,AREQUIPA,20241119,10338,VT,8.1,7.63,3.2e-05,MISTI
20250530,0401,2024,AREQUIPA,AREQUIPA,20241119,10427,VT,9.6,7.72,2.9e-05,MISTI
20250530,0401,2024,AREQUIPA,AREQUIPA,20241119,10809,VT,4.6,10.31,6.5e-05,MISTI
20250530,0401,2024,AREQUIPA,AREQUIPA,20241119,12646,VT,8.6,10.44,3.6e-05,MISTI
20250530,0401,2024,AREQUIPA,AREQUIPA,20241119,21144,VT,3.2,10.54,1.8e-05,MISTI
20250530,0401,2024,AREQUIPA,AREQUIPA,20241119,24437,VT,2.7,8.02,1.1e-05,MISTI
20250530,0401,2024,AREQUIPA,AREQUIPA,20241119,25040,VT,3.4,7.69,5e-06,MISTI
20250530,0401,2024,AREQUIPA,AREQUIPA,20241119,25223,VT,2.9,7.52,8e-06,MISTI
20250530,0401,2024,AREQUIPA,AREQUIPA,20241119,30237,VT,5.3,7.03,1.1e-05,MISTI
20250530,0401,2024,AREQUIPA,AREQUIPA,20241119,32044,VT,2.8,8.35,1.6e-05,MISTI
20250530,0401,2024,AREQUIPA,AREQUIPA,20241119,32337,VT,5.5,10.71,1.9e-05,MISTI
20250530,0401,2024,AREQUIPA,AREQUIPA,20241119,33412,VT,3.5,8.11,1.3e-05,MISTI
20250530,0401,2024,AREQUIPA,AREQUIPA,20241119,33750,VT,4.4,10.59,2.3e-05,MISTI
20250530,0401,2024,AREQUIPA,AREQUIPA,20241119,51312,VT,2.6,7.58,8e-06,MISTI
20250530,0401,2024,AREQUIPA,AREQUIPA,20241119,51959,VT,2.9,11.49,1.9e-05,MISTI
20250530,0401,2024,AREQUIPA,AREQUIPA,20241119,64740,VT,3.2,7.78,1.2e-05,MISTI
20250530,0401,2024,AREQUIPA,AREQUIPA,20241119,70137,VT,3.3,7.49,1.1e-05,MISTI
20250530,0401,2024,AREQUIPA,AREQUIPA,20241119,83816,VT,3.8,10.92,2.6e-05,MISTI
20250530,0401,2024,AREQUIPA,AREQUIPA,20241119,94653,TO,5.4,26.2,0.001468,MISTI
20250530,0401,2024,AREQUIPA,AREQUIPA,20241119,101421,VT,3.1,9.95,1.7e-05,MISTI
20250530,0401,2024,AREQUIPA,AREQUIPA,20241119,193843,VT,3.8,12.48,7.8e-05,MISTI
20250530,0401,2024,AREQUIPA,AREQUIPA,20241119,230030,VT,2.6,10.31,4.4e-05,MISTI
20250530,0401,2024,AREQUIPA,AREQUIPA,20241119,231247,VT,3.1,9.64,8.8e-05,MISTI
20250530,0401,2024,AREQUIPA,AREQUIPA,20241120,14035,VT,5.3,8.95,0.000369,MISTI
20250530,0401,2024,AREQUIPA,AREQUIPA,20241120,23437,VT,5.3,8.17,6.9e-05,MISTI
20250530,0401,2024,AREQUIPA,AREQUIPA,20241120,25318,VT,3.5,7.42,9e-06,MISTI
20250530,0401,2024,AREQUIPA,AREQUIPA,20241120,32459,VT,3.1,12.79,5.4e-05,MISTI
20250530,0401,2024,AREQUIPA,AREQUIPA,20241120,34509,VT,5.4,11.92,9.8e-05,MISTI
20250530,0401,2024,AREQUIPA,AREQUIPA,20241120,50935,VT,3.9,16.63,0.000145,MISTI
20250530,0401,2024,AREQUIPA,AREQUIPA,20241120,51804,VT,5.5,7.51,1.2e-05,MISTI
20250530,0401,2024,AREQUIPA,AREQUIPA,20241120,52529,VT,2.9,10.24,1e-05,MISTI
20250530,0401,2024,AREQUIPA,AREQUIPA,20241120,54145,VT,3.5,13.89,1.7e-05,MISTI
20250530,0401,2024,AREQUIPA,AREQUIPA,20241120,54436,VT,5.3,12.12,1.2e-05,MISTI
20250530,0401,2024,AREQUIPA,AREQUIPA,20241120,61050,VT,5.3,9.2,1e-05,MISTI
20250530,0401,2024,AREQUIPA,AREQUIPA,20241120,62243,VT,3.0,6.07,1.2e-05,MISTI
20250530,0401,2024,AREQUIPA,AREQUIPA,20241120,63107,VT,2.8,9.43,7e-06,MISTI
20250530,0401,2024,AREQUIPA,AREQUIPA,20241120,130346,VT,4.2,11.81,0.000103,MISTI
20250530,0401,2024,AREQUIPA,AREQUIPA,20241121,23837,VT,10.0,11.4,1.5e-05,MISTI
20250530,0401,2024,AREQUIPA,AREQUIPA,20241121,25523,VT,4.9,12.03,2.2e-05,MISTI
20250530,0401,2024,AREQUIPA,AREQUIPA,20241121,30822,VT,3.0,9.06,2.1e-05,MISTI
20250530,0401,2024,AREQUIPA,AREQUIPA,20241121,31521,VT,3.2,10.91,1.2e-05,MISTI
20250530,0401,2024,AREQUIPA,AREQUIPA,20241121,32152,VT,3.0,8.87,2e-05,MISTI
20250530,0401,2024,AREQUIPA,AREQUIPA,20241121,35427,VT,3.7,10.74,2.4e-05,MISTI
20250530,0401,2024,AREQUIPA,AREQUIPA,20241121,35657,VT,5.3,8.08,1.2e-05,MISTI
20250530,0401,2024,AREQUIPA,AREQUIPA,20241121,44750,VT,10.0,14.11,1.6e-05,MISTI
20250530,0401,2024,AREQUIPA,AREQUIPA,20241121,51035,VT,5.4,11.46,2.6e-05,MISTI
20250530,0401,2024,AREQUIPA,AREQUIPA,20241121,53531,VT,4.3,9.38,1.3e-05,MISTI
20250530,0401,2024,AREQUIPA,AREQUIPA,20241121,55147,VT,9.4,10.5,2.9e-05,MISTI
20250530,0401,2024,AREQUIPA,AREQUIPA,20241121,55647,VT,9.9,8.54,1.1e-05,MISTI
20250530,0401,2024,AREQUIPA,AREQUIPA,20241121,62407,VT,3.1,13.01,1.4e-05,MISTI
20250530,0401,2024,AREQUIPA,AREQUIPA,20241121,63548,VT,10.0,9.07,2.6e-05,MISTI
20250530,0401,2024,AREQUIPA,AREQUIPA,20241121,65557,VT,5.5,9.6,2.8e-05,MISTI
20250530,0401,2024,AREQUIPA,AREQUIPA,20241121,74437,VT,9.9,8.13,7e-06,MISTI
20250530,0401,2024,AREQUIPA,AREQUIPA,20241121,80750,VT,3.7,8.58,7.8e-05,MISTI
20250530,0401,2024,AREQUIPA,AREQUIPA,20241121,83053,VT,3.1,7.94,1.5e-05,MISTI
20250530,0401,2024,AREQUIPA,AREQUIPA,20241121,94618,VT,4.6,14.28,4.5e-05,MISTI
20250530,0401,2024,AREQUIPA,AREQUIPA,20241121,95334,VT,7.3,8.31,1e-05,MISTI
20250530,0401,2024,AREQUIPA,AREQUIPA,20241121,101322,VT,4.2,10.1,0.00042,MISTI
20250530,0401,2024,AREQUIPA,AREQUIPA,20241121,104426,VT,10.0,8.78,9e-06,MISTI
20250530,0401,2024,AREQUIPA,AREQUIPA,20241121,104459,VT,3.7,11.33,1.5e-05,MISTI
20250530,0401,2024,AREQUIPA,AREQUIPA,20241121,110956,VT,3.1,8.29,1.4e-05,MISTI
20250530,0401,2024,AREQUIPA,AREQUIPA,20241121,115612,VT,2.8,10.92,3e-05,MISTI
20250530,0401,2024,AREQUIPA,AREQUIPA,20241121,121403,VT,2.8,7.63,0.000158,MISTI
20250530,0401,2024,AREQUIPA,AREQUIPA,20241122,1110,VT,3.6,11.3,9e-06,MISTI
20250530,0401,2024,AREQUIPA,AREQUIPA,20241122,4430,VT,3.7,13.21,1.5e-05,MISTI
20250530,0401,2024,AREQUIPA,AREQUIPA,20241122,5052,VT,3.1,13.63,1.7e-05,MISTI
20250530,0401,2024,AREQUIPA,AREQUIPA,20241122,5251,VT,3.1,9.97,1.9e-05,MISTI
20250530,0401,2024,AREQUIPA,AREQUIPA,20241122,10023,VT,5.2,8.42,0.000191,MISTI
20250530,0401,2024,AREQUIPA,AREQUIPA,20241122,25917,VT,3.2,11.13,3.6e-05,MISTI
20250530,0401,2024,AREQUIPA,AREQUIPA,20241122,81255,VT,3.5,11.25,1.4e-05,MISTI
20250530,0401,2024,AREQUIPA,AREQUIPA,20241122,82404,VT,2.8,7.07,1.2e-05,MISTI
20250530,0401,2024,AREQUIPA,AREQUIPA,20241122,84317,VT,3.6,9.58,3.1e-05,MISTI
20250530,0401,2024,AREQUIPA,AREQUIPA,20241122,85842,VT,5.3,9.3,2.8e-05,MISTI
20250530,0401,2024,AREQUIPA,AREQUIPA,20241122,85933,VT,4.7,8.56,1.8e-05,MISTI
20250530,0401,2024,AREQUIPA,AREQUIPA,20241122,101237,VT,7.0,7.3,7.5e-05,MISTI
20250530,0401,2024,AREQUIPA,AREQUIPA,20241122,101401,VT,4.9,7.52,6.5e-05,MISTI
20250530,0401,2024,AREQUIPA,AREQUIPA,20241122,111942,VT,3.7,11.96,4.8e-05,MISTI
20250530,0401,2024,AREQUIPA,AREQUIPA,20241123,13755,VT,3.5,14.48,1.7e-05,MISTI
20250530,0401,2024,AREQUIPA,AREQUIPA,20241123,30640,VT,7.1,6.58,6e-06,MISTI
20250530,0401,2024,AREQUIPA,AREQUIPA,20241123,30655,VT,5.3,22.32,0.000608,MISTI
20250530,0401,2024,AREQUIPA,AREQUIPA,20241123,42451,VT,2.8,14.49,0.000129,MISTI
20250530,0401,2024,AREQUIPA,AREQUIPA,20241123,42843,VT,3.0,8.57,7.9e-05,MISTI
20250530,0401,2024,AREQUIPA,AREQUIPA,20241123,121241,VT,5.6,12.61,0.001025,MISTI
20250530,0401,2024,AREQUIPA,AREQUIPA,20241123,125515,VT,9.3,9.91,9.4e-05,MISTI
20250530,0401,2024,AREQUIPA,AREQUIPA,20241123,164955,VD,3.9,20.73,0.000384,MISTI
20250530,0401,2024,AREQUIPA,AREQUIPA,20241123,174150,VT,3.6,6.05,1.5e-05,MISTI
20250530,0401,2024,AREQUIPA,AREQUIPA,20241123,201627,VT,2.6,8.85,8e-06,MISTI
20250530,0401,2024,AREQUIPA,AREQUIPA,20241123,223826,VD,4.4,14.38,3.8e-05,MISTI
20250530,0401,2024,AREQUIPA,AREQUIPA,20241123,230952,VT,3.2,13.42,1.8e-05,MISTI
20250530,0401,2024,AREQUIPA,AREQUIPA,20241123,233632,VT,2.9,10.47,1e-05,MISTI
20250530,0401,2024,AREQUIPA,AREQUIPA,20241123,235016,VT,5.2,8.79,1.8e-05,MISTI
20250530,0401,2024,AREQUIPA,AREQUIPA,20241124,1939,VT,5.3,14.3,0.000422,MISTI
20250530,0401,2024,AREQUIPA,AREQUIPA,20241124,12010,VT,3.6,10.67,0.000114,MISTI
20250530,0401,2024,AREQUIPA,AREQUIPA,20241124,12650,VT,3.0,6.9,7e-06,MISTI
20250530,0401,2024,AREQUIPA,AREQUIPA,20241124,30644,VT,4.9,13.19,7.4e-05,MISTI
20250530,0401,2024,AREQUIPA,AREQUIPA,20241124,41626,VT,5.2,8.57,7.3e-05,MISTI
20250530,0401,2024,AREQUIPA,AREQUIPA,20241124,60419,VT,5.3,11.05,2e-05,MISTI
20250530,0401,2024,AREQUIPA,AREQUIPA,20241124,60516,VT,3.6,12.03,1.2e-05,MISTI
20250530,0401,2024,AREQUIPA,AREQUIPA,20241124,64711,VT,3.7,9.19,1.3e-05,MISTI
20250530,0401,2024,AREQUIPA,AREQUIPA,20241124,72322,VT,3.1,10.48,1.3e-05,MISTI
20250530,0401,2024,AREQUIPA,AREQUIPA,20241124,74036,VT,3.4,15.04,1.2e-05,MISTI
20250530,0401,2024,AREQUIPA,AREQUIPA,20241124,74709,VT,5.4,9.4,1.7e-05,MISTI
20250530,0401,2024,AREQUIPA,AREQUIPA,20241124,74804,VT,3.1,10.93,1.6e-05,MISTI
20250530,0401,2024,AREQUIPA,AREQUIPA,20241124,80746,VT,3.1,8.73,1.5e-05,MISTI
20250530,0401,2024,AREQUIPA,AREQUIPA,20241124,83707,VT,4.1,7.74,7e-06,MISTI
20250530,0401,2024,AREQUIPA,AREQUIPA,20241124,85040,VT,2.8,7.82,7e-06,MISTI
20250530,0401,2024,AREQUIPA,AREQUIPA,20241124,92053,VT,8.6,6.48,5e-06,MISTI
20250530,0401,2024,AREQUIPA,AREQUIPA,20241124,111211,VT,2.8,11.99,7e-06,MISTI
20250530,0401,2024,AREQUIPA,AREQUIPA,20241124,113257,VT,3.5,15.83,1.6e-05,MISTI
20250530,0401,2024,AREQUIPA,AREQUIPA,20241124,115138,VT,6.9,13.5,1.9e-05,MISTI
20250530,0401,2024,AREQUIPA,AREQUIPA,20241124,141823,VT,4.1,14.51,0.000105,MISTI
20250530,0401,2024,AREQUIPA,AREQUIPA,20241124,145534,VT,5.3,6.9,1e-05,MISTI
20250530,0401,2024,AREQUIPA,AREQUIPA,20241124,185351,VD,5.4,17.79,0.000936,MISTI
20250530,0401,2024,AREQUIPA,AREQUIPA,20241125,1557,VT,9.9,8.43,3.2e-05,MISTI
20250530,0401,2024,AREQUIPA,AREQUIPA,20241125,15413,VT,2.8,6.83,2.2e-05,MISTI
20250530,0401,2024,AREQUIPA,AREQUIPA,20241125,41657,VT,3.7,15.66,2.5e-05,MISTI
20250530,0401,2024,AREQUIPA,AREQUIPA,20241125,42155,VT,3.0,9.34,1e-05,MISTI
20250530,0401,2024,AREQUIPA,AREQUIPA,20241125,55322,VT,2.9,15.3,2.5e-05,MISTI
20250530,0401,2024,AREQUIPA,AREQUIPA,20241125,74448,VT,3.7,12.49,0.000119,MISTI
20250530,0401,2024,AREQUIPA,AREQUIPA,20241125,80240,VT,2.8,6.81,2.5e-05,MISTI
20250530,0401,2024,AREQUIPA,AREQUIPA,20241125,142024,VT,4.9,12.31,0.010682,MISTI
20250530,0401,2024,AREQUIPA,AREQUIPA,20241126,12701,VT,2.8,8.93,1.3e-05,MISTI
20250530,0401,2024,AREQUIPA,AREQUIPA,20241126,14704,VT,3.1,8.42,1.4e-05,MISTI
20250530,0401,2024,AREQUIPA,AREQUIPA,20241126,22530,VT,4.5,15.44,6.9e-05,MISTI
20250530,0401,2024,AREQUIPA,AREQUIPA,20241126,34305,VT,5.5,11.78,1.3e-05,MISTI
20250530,0401,2024,AREQUIPA,AREQUIPA,20241126,35537,VT,6.9,9.94,1.2e-05,MISTI
20250530,0401,2024,AREQUIPA,AREQUIPA,20241126,41003,VT,5.5,14.89,2e-05,MISTI
20250530,0401,2024,AREQUIPA,AREQUIPA,20241126,41327,VT,6.5,9.71,1.1e-05,MISTI
20250530,0401,2024,AREQUIPA,AREQUIPA,20241126,51049,VT,11.5,8.56,2.9e-05,MISTI
20250530,0401,2024,AREQUIPA,AREQUIPA,20241126,53827,VT,6.9,12.91,1.6e-05,MISTI
20250530,0401,2024,AREQUIPA,AREQUIPA,20241126,54853,VT,5.5,12.7,1.9e-05,MISTI
20250530,0401,2024,AREQUIPA,AREQUIPA,20241126,62232,VT,3.7,14.15,6e-05,MISTI
20250530,0401,2024,AREQUIPA,AREQUIPA,20241126,63124,VT,6.1,19.87,0.000249,MISTI
20250530,0401,2024,AREQUIPA,AREQUIPA,20241126,64706,VT,11.6,7.61,1.2e-05,MISTI
20250530,0401,2024,AREQUIPA,AREQUIPA,20241126,75608,VT,4.4,11.46,3.1e-05,MISTI
20250530,0401,2024,AREQUIPA,AREQUIPA,20241126,83311,VT,3.6,10.67,2.3e-05,MISTI
20250530,0401,2024,AREQUIPA,AREQUIPA,20241126,154639,VT,2.7,17.28,0.000269,MISTI
20250530,0401,2024,AREQUIPA,AREQUIPA,20241126,190703,VD,4.7,16.36,0.000737,MISTI
20250530,0401,2024,AREQUIPA,AREQUIPA,20241126,193231,VT,3.2,11.06,0.000242,MISTI
20250530,0401,2024,AREQUIPA,AREQUIPA,20241126,200300,VT,4.6,16.57,0.001219,MISTI
20250530,0401,2024,AREQUIPA,AREQUIPA,20241126,215405,VD,5.5,17.42,0.00015,MISTI
20250530,0401,2024,AREQUIPA,AREQUIPA,20241126,222053,VT,3.0,14.97,7.3e-05,MISTI
20250530,0401,2024,AREQUIPA,AREQUIPA,20241126,225301,VT,3.0,18.18,6.8e-05,MISTI
20250530,0401,2024,AREQUIPA,AREQUIPA,20241126,230229,VT,4.2,10.16,3.5e-05,MISTI
20250530,0401,2024,AREQUIPA,AREQUIPA,20241126,230534,VT,2.8,14.55,1.9e-05,MISTI
20250530,0401,2024,AREQUIPA,AREQUIPA,20241126,231007,VT,3.8,10.8,6.7e-05,MISTI
20250530,0401,2024,AREQUIPA,AREQUIPA,20241126,234738,VT,5.5,13.49,0.000681,MISTI
20250530,0401,2024,AREQUIPA,AREQUIPA,20241127,2304,VT,2.7,7.43,1.3e-05,MISTI
20250530,0401,2024,AREQUIPA,AREQUIPA,20241127,2935,VT,4.7,10.88,3e-05,MISTI
20250530,0401,2024,AREQUIPA,AREQUIPA,20241127,3029,VT,4.7,11.15,5.3e-05,MISTI
20250530,0401,2024,AREQUIPA,AREQUIPA,20241127,3337,VT,3.8,10.38,2.2e-05,MISTI
20250530,0401,2024,AREQUIPA,AREQUIPA,20241127,4303,VT,2.8,13.31,1.4e-05,MISTI
20250530,0401,2024,AREQUIPA,AREQUIPA,20241127,4613,VT,5.3,9.04,3.8e-05,MISTI
20250530,0401,2024,AREQUIPA,AREQUIPA,20241127,5144,VT,4.7,10.92,3.2e-05,MISTI
20250530,0401,2024,AREQUIPA,AREQUIPA,20241127,5633,VT,3.0,10.09,4e-05,MISTI
20250530,0401,2024,AREQUIPA,AREQUIPA,20241127,10643,VT,3.3,9.32,2.1e-05,MISTI
20250530,0401,2024,AREQUIPA,AREQUIPA,20241127,10702,VT,5.5,8.76,1.7e-05,MISTI
20250530,0401,2024,AREQUIPA,AREQUIPA,20241127,10718,VT,5.3,11.24,3.4e-05,MISTI
20250530,0401,2024,AREQUIPA,AREQUIPA,20241127,11605,VT,3.8,8.16,1.3e-05,MISTI
20250530,0401,2024,AREQUIPA,AREQUIPA,20241127,11627,VT,4.4,10.15,1.4e-05,MISTI
20250530,0401,2024,AREQUIPA,AREQUIPA,20241127,12117,VT,3.1,10.27,1.6e-05,MISTI
20250530,0401,2024,AREQUIPA,AREQUIPA,20241127,12244,VT,4.2,10.78,1.4e-05,MISTI
20250530,0401,2024,AREQUIPA,AREQUIPA,20241127,12325,VT,3.2,12.69,4.5e-05,MISTI
20250530,0401,2024,AREQUIPA,AREQUIPA,20241127,12909,VT,5.3,9.99,1.3e-05,MISTI
20250530,0401,2024,AREQUIPA,AREQUIPA,20241127,12942,VT,3.1,12.32,8.5e-05,MISTI
20250530,0401,2024,AREQUIPA,AREQUIPA,20241127,13031,VT,3.7,11.89,7.5e-05,MISTI
20250530,0401,2024,AREQUIPA,AREQUIPA,20241127,13150,VT,8.6,8.03,1.5e-05,MISTI
20250530,0401,2024,AREQUIPA,AREQUIPA,20241127,14224,VT,3.4,11.76,2e-05,MISTI
20250530,0401,2024,AREQUIPA,AREQUIPA,20241127,14601,VT,3.8,19.87,0.00098,MISTI
20250530,0401,2024,AREQUIPA,AREQUIPA,20241127,15644,VT,5.3,8.81,1.4e-05,MISTI
20250530,0401,2024,AREQUIPA,AREQUIPA,20241127,15928,VT,5.6,9.24,3.3e-05,MISTI
20250530,0401,2024,AREQUIPA,AREQUIPA,20241127,20054,VT,3.3,12.63,2.3e-05,MISTI
20250530,0401,2024,AREQUIPA,AREQUIPA,20241127,20513,VT,3.1,8.38,1.6e-05,MISTI
20250530,0401,2024,AREQUIPA,AREQUIPA,20241127,20640,VT,3.1,12.99,0.000171,MISTI
20250530,0401,2024,AREQUIPA,AREQUIPA,20241127,20913,VT,3.1,12.28,0.000111,MISTI
20250530,0401,2024,AREQUIPA,AREQUIPA,20241127,22721,VT,5.3,8.86,7.2e-05,MISTI
20250530,0401,2024,AREQUIPA,AREQUIPA,20241127,23941,VT,3.2,13.29,3.2e-05,MISTI
20250530,0401,2024,AREQUIPA,AREQUIPA,20241127,24836,VT,5.3,9.76,3.5e-05,MISTI
20250530,0401,2024,AREQUIPA,AREQUIPA,20241127,25550,VT,5.3,7.42,1.4e-05,MISTI
20250530,0401,2024,AREQUIPA,AREQUIPA,20241127,30849,VT,3.2,12.31,6.7e-05,MISTI
20250530,0401,2024,AREQUIPA,AREQUIPA,20241127,30917,VT,5.5,10.59,2.5e-05,MISTI
20250530,0401,2024,AREQUIPA,AREQUIPA,20241127,33047,VT,2.9,14.25,6.5e-05,MISTI
20250530,0401,2024,AREQUIPA,AREQUIPA,20241127,33935,VT,2.8,12.42,0.000331,MISTI
20250530,0401,2024,AREQUIPA,AREQUIPA,20241127,43237,VT,8.9,8.56,4e-05,MISTI
20250530,0401,2024,AREQUIPA,AREQUIPA,20241127,61110,TO,12.1,23.12,3.8e-05,MISTI
20250530,0401,2024,AREQUIPA,AREQUIPA,20241127,160125,VD,3.4,19.46,0.001213,MISTI
20250530,0401,2024,AREQUIPA,AREQUIPA,20241127,171443,VD,3.7,18.71,0.001483,MISTI
20250530,0401,2024,AREQUIPA,AREQUIPA,20241127,171628,VD,3.9,11.88,0.000943,MISTI
20250530,0401,2024,AREQUIPA,AREQUIPA,20241127,172217,VD,5.0,12.92,0.000698,MISTI
20250530,0401,2024,AREQUIPA,AREQUIPA,20241127,214616,VT,3.8,14.68,3.4e-05,MISTI
20250530,0401,2024,AREQUIPA,AREQUIPA,20241128,2709,VT,3.6,9.21,7.3e-05,MISTI
20250530,0401,2024,AREQUIPA,AREQUIPA,20241128,22904,VT,5.3,6.95,1.6e-05,MISTI
20250530,0401,2024,AREQUIPA,AREQUIPA,20241128,72441,VT,2.6,130.54,0.009073,MISTI
20250530,0401,2024,AREQUIPA,AREQUIPA,20241128,74346,VT,4.3,14.8,4.8e-05,MISTI
20250530,0401,2024,AREQUIPA,AREQUIPA,20241128,83631,VT,3.2,122.14,0.000168,MISTI
20250530,0401,2024,AREQUIPA,AREQUIPA,20241128,91124,VT,3.5,83.05,0.000119,MISTI
20250530,0401,2024,AREQUIPA,AREQUIPA,20241128,102910,VT,3.7,10.47,4.1e-05,MISTI
20250530,0401,2024,AREQUIPA,AREQUIPA,20241128,123303,VT,2.6,41.84,7.4e-05,MISTI
20250530,0401,2024,AREQUIPA,AREQUIPA,20241128,140225,VD,3.8,25.25,0.000471,MISTI
20250530,0401,2024,AREQUIPA,AREQUIPA,20241128,160818,VT,3.9,82.76,0.004001,MISTI
20250530,0401,2024,AREQUIPA,AREQUIPA,20241129,14304,VT,3.2,16.03,2.5e-05,MISTI
20250530,0401,2024,AREQUIPA,AREQUIPA,20241129,25808,VT,5.3,12.03,0.000185,MISTI
20250530,0401,2024,AREQUIPA,AREQUIPA,20241129,50344,VT,5.0,12.53,2e-05,MISTI
20250530,0401,2024,AREQUIPA,AREQUIPA,20241129,51638,VT,5.3,7.55,2.5e-05,MISTI
20250530,0401,2024,AREQUIPA,AREQUIPA,20241129,52541,VT,3.3,12.14,2e-05,MISTI
20250530,0401,2024,AREQUIPA,AREQUIPA,20241129,53220,VT,3.7,13.29,6.5e-05,MISTI
20250530,0401,2024,AREQUIPA,AREQUIPA,20241129,71738,VT,3.7,13.82,5.6e-05,MISTI
20250530,0401,2024,AREQUIPA,AREQUIPA,20241129,72634,VT,3.7,10.22,0.000458,MISTI
20250530,0401,2024,AREQUIPA,AREQUIPA,20241129,84017,VT,3.3,19.75,0.000884,MISTI
20250530,0401,2024,AREQUIPA,AREQUIPA,20241129,94741,VT,4.7,19.24,8.3e-05,MISTI
20250530,0401,2024,AREQUIPA,AREQUIPA,20241129,101205,VT,3.7,10.9,1.8e-05,MISTI
20250530,0401,2024,AREQUIPA,AREQUIPA,20241129,105134,VT,2.6,10.0,1.8e-05,MISTI
20250530,0401,2024,AREQUIPA,AREQUIPA,20241129,111849,VT,2.9,8.98,9.6e-05,MISTI
20250530,0401,2024,AREQUIPA,AREQUIPA,20241129,132222,VT,2.8,15.13,5.9e-05,MISTI
20250530,0401,2024,AREQUIPA,AREQUIPA,20241129,153119,VD,3.3,22.46,0.000569,MISTI
20250530,0401,2024,AREQUIPA,AREQUIPA,20241129,161907,VT,3.2,21.73,0.000457,MISTI
20250530,0401,2024,AREQUIPA,AREQUIPA,20241129,171428,VD,4.2,17.39,0.002212,MISTI
20250530,0401,2024,AREQUIPA,AREQUIPA,20241130,441,VT,3.0,8.86,2.3e-05,MISTI
20250530,0401,2024,AREQUIPA,AREQUIPA,20241130,4146,VT,2.4,11.74,0.000156,MISTI
20250530,0401,2024,AREQUIPA,AREQUIPA,20241130,12206,VT,5.3,8.59,2e-05,MISTI
20250530,0401,2024,AREQUIPA,AREQUIPA,20241130,14514,VT,4.1,11.47,2e-05,MISTI
20250530,0401,2024,AREQUIPA,AREQUIPA,20241130,24027,VT,3.1,17.46,0.000368,MISTI
20250530,0401,2024,AREQUIPA,AREQUIPA,20241130,41101,VT,2.9,14.44,2.1e-05,MISTI
20250530,0401,2024,AREQUIPA,AREQUIPA,20241130,50842,VT,5.4,7.61,1.5e-05,MISTI
20250530,0401,2024,AREQUIPA,AREQUIPA,20241130,52222,VT,3.6,13.34,2.4e-05,MISTI
20250530,0401,2024,AREQUIPA,AREQUIPA,20241130,63441,VT,3.3,16.17,1.1e-05,MISTI
20250530,0401,2024,AREQUIPA,AREQUIPA,20241130,70933,VT,3.7,18.79,0.000557,MISTI
20250530,0401,2024,AREQUIPA,AREQUIPA,20241130,74741,VT,3.2,16.77,1.4e-05,MISTI
20250530,0401,2024,AREQUIPA,AREQUIPA,20241130,92506,VT,4.7,13.38,2.4e-05,MISTI
20250530,0401,2024,AREQUIPA,AREQUIPA,20241130,93812,VT,3.6,13.5,2e-05,MISTI
20250530,0401,2024,AREQUIPA,AREQUIPA,20241130,101626,VT,3.7,19.35,0.055042,MISTI
20250530,0401,2024,AREQUIPA,AREQUIPA,20241130,102205,VT,6.3,17.63,0.000557,MISTI
20250530,0401,2024,AREQUIPA,AREQUIPA,20241130,103613,VT,4.1,14.03,0.000372,MISTI
20250530,0401,2024,AREQUIPA,AREQUIPA,20241130,104517,VT,2.7,10.85,1.1e-05,MISTI
20250530,0401,2024,AREQUIPA,AREQUIPA,20241130,111955,VT,5.5,13.39,4e-05,MISTI
20250530,0401,2024,AREQUIPA,AREQUIPA,20241130,132547,VT,2.8,9.51,0.000101,MISTI
20250530,0401,2024,AREQUIPA,AREQUIPA,20241130,134505,VT,3.7,15.46,0.000654,MISTI
20250530,0401,2024,AREQUIPA,AREQUIPA,20241130,150819,VT,2.5,10.47,4.4e-05,MISTI
20250530,0401,2024,AREQUIPA,AREQUIPA,20241130,164504,VD,3.9,11.02,0.000143,MISTI
20250530,0401,2024,AREQUIPA,AREQUIPA,20241130,173725,VD,4.2,19.24,0.001498,MISTI
20250530,0401,2024,AREQUIPA,AREQUIPA,20241130,174657,VD,4.7,12.87,0.000529,MISTI
20250530,0401,2024,AREQUIPA,AREQUIPA,20241130,185341,VT,3.6,9.64,0.000104,MISTI
20250530,0401,2024,AREQUIPA,AREQUIPA,20241130,204302,VT,10.1,10.63,2.8e-05,MISTI
20250530,0401,2024,AREQUIPA,AREQUIPA,20241201,55501,VT,2.9,10.28,1.7e-05,MISTI
20250530,0401,2024,AREQUIPA,AREQUIPA,20241201,63636,VT,6.3,11.81,0.000138,MISTI
20250530,0401,2024,AREQUIPA,AREQUIPA,20241201,65104,VT,3.7,10.37,1.9e-05,MISTI
20250530,0401,2024,AREQUIPA,AREQUIPA,20241201,65803,VT,3.1,11.43,1.7e-05,MISTI
20250530,0401,2024,AREQUIPA,AREQUIPA,20241201,81008,VT,3.7,8.73,1.3e-05,MISTI
20250530,0401,2024,AREQUIPA,AREQUIPA,20241201,125638,VT,2.7,13.13,2.2e-05,MISTI
20250530,0401,2024,AREQUIPA,AREQUIPA,20241201,145103,VT,4.2,11.12,1.8e-05,MISTI
20250530,0401,2024,AREQUIPA,AREQUIPA,20241201,150809,VT,4.5,12.96,2.8e-05,MISTI
20250530,0401,2024,AREQUIPA,AREQUIPA,20241201,151621,VT,3.7,10.8,8.2e-05,MISTI
20250530,0401,2024,AREQUIPA,AREQUIPA,20241201,152431,VT,4.6,9.5,1.2e-05,MISTI
20250530,0401,2024,AREQUIPA,AREQUIPA,20241201,152607,VT,5.3,11.29,2.9e-05,MISTI
20250530,0401,2024,AREQUIPA,AREQUIPA,20241201,152844,VT,3.2,13.63,4e-05,MISTI
20250530,0401,2024,AREQUIPA,AREQUIPA,20241201,155526,VT,5.2,8.63,4.4e-05,MISTI
20250530,0401,2024,AREQUIPA,AREQUIPA,20241201,184326,VT,5.2,8.87,0.000127,MISTI
20250530,0401,2024,AREQUIPA,AREQUIPA,20241201,192332,VT,2.9,14.7,0.000182,MISTI
20250530,0401,2024,AREQUIPA,AREQUIPA,20241201,202955,VT,4.6,10.84,5.5e-05,MISTI
20250530,0401,2024,AREQUIPA,AREQUIPA,20241201,210046,VT,3.6,10.9,0.000156,MISTI
20250530,0401,2024,AREQUIPA,AREQUIPA,20241201,213445,VT,4.5,17.49,0.00017,MISTI
20250530,0401,2024,AREQUIPA,AREQUIPA,20241201,215641,VT,5.3,10.03,0.000271,MISTI
20250530,0401,2024,AREQUIPA,AREQUIPA,20241202,15454,VT,3.5,14.97,0.00028,MISTI
20250530,0401,2024,AREQUIPA,AREQUIPA,20241202,32037,VT,5.3,13.85,3.7e-05,MISTI
20250530,0401,2024,AREQUIPA,AREQUIPA,20241202,75130,VT,3.9,19.32,0.000227,MISTI
20250530,0401,2024,AREQUIPA,AREQUIPA,20241202,80756,VD,4.1,23.41,0.000121,MISTI
20250530,0401,2024,AREQUIPA,AREQUIPA,20241202,101717,VT,5.3,13.23,3.3e-05,MISTI
20250530,0401,2024,AREQUIPA,AREQUIPA,20241202,134647,VT,2.5,13.05,5.3e-05,MISTI
20250530,0401,2024,AREQUIPA,AREQUIPA,20241202,213628,VT,3.7,12.48,0.000295,MISTI
20250530,0401,2024,AREQUIPA,AREQUIPA,20241202,214543,VT,3.7,9.74,9.6e-05,MISTI
20250530,0401,2024,AREQUIPA,AREQUIPA,20241202,215445,VT,3.1,15.11,0.000132,MISTI
20250530,0401,2024,AREQUIPA,AREQUIPA,20241203,3011,VT,5.5,9.85,2.1e-05,MISTI
20250530,0401,2024,AREQUIPA,AREQUIPA,20241203,32213,VT,10.0,12.16,2e-05,MISTI
20250530,0401,2024,AREQUIPA,AREQUIPA,20241203,45537,VT,4.2,12.74,0.000328,MISTI
20250530,0401,2024,AREQUIPA,AREQUIPA,20241203,70925,VT,3.3,13.73,1.8e-05,MISTI
20250530,0401,2024,AREQUIPA,AREQUIPA,20241203,81515,VT,3.1,12.04,1.8e-05,MISTI
20250530,0401,2024,AREQUIPA,AREQUIPA,20241203,82836,VT,5.2,9.57,1.1e-05,MISTI
20250530,0401,2024,AREQUIPA,AREQUIPA,20241203,140350,VT,7.9,14.61,0.000279,MISTI
20250530,0401,2024,AREQUIPA,AREQUIPA,20241203,203732,VT,7.0,8.15,8.5e-05,MISTI
20250530,0401,2024,AREQUIPA,AREQUIPA,20241203,233629,VT,5.3,16.77,7.3e-05,MISTI
20250530,0401,2024,AREQUIPA,AREQUIPA,20241204,21434,VT,8.6,9.36,5.1e-05,MISTI
20250530,0401,2024,AREQUIPA,AREQUIPA,20241204,32008,VT,5.5,13.14,1.6e-05,MISTI
20250530,0401,2024,AREQUIPA,AREQUIPA,20241204,33042,VT,5.1,10.82,2.7e-05,MISTI
20250530,0401,2024,AREQUIPA,AREQUIPA,20241204,45936,VT,6.9,11.09,7.7e-05,MISTI
20250530,0401,2024,AREQUIPA,AREQUIPA,20241204,70845,VT,3.7,11.97,0.000364,MISTI
20250530,0401,2024,AREQUIPA,AREQUIPA,20241204,73955,VT,2.8,12.31,2.5e-05,MISTI
20250530,0401,2024,AREQUIPA,AREQUIPA,20241204,80143,VT,4.7,13.47,2.8e-05,MISTI
20250530,0401,2024,AREQUIPA,AREQUIPA,20241204,81929,VT,4.5,12.99,3.3e-05,MISTI
20250530,0401,2024,AREQUIPA,AREQUIPA,20241204,82035,VT,3.8,11.47,2.3e-05,MISTI
20250530,0401,2024,AREQUIPA,AREQUIPA,20241204,85532,VT,3.0,16.87,0.000255,MISTI
20250530,0401,2024,AREQUIPA,AREQUIPA,20241204,94833,VD,9.9,18.3,0.000301,MISTI
20250530,0401,2024,AREQUIPA,AREQUIPA,20241204,95346,VT,6.4,11.84,0.000492,MISTI
20250530,0401,2024,AREQUIPA,AREQUIPA,20241204,103206,VT,5.3,22.94,0.000604,MISTI
20250530,0401,2024,AREQUIPA,AREQUIPA,20241204,105749,VT,3.2,12.14,2.3e-05,MISTI
20250530,0401,2024,AREQUIPA,AREQUIPA,20241204,120835,VT,3.7,11.29,1.7e-05,MISTI
20250530,0401,2024,AREQUIPA,AREQUIPA,20241204,121844,VT,5.3,13.32,4.3e-05,MISTI
20250530,0401,2024,AREQUIPA,AREQUIPA,20241204,131709,VT,10.0,14.56,2.8e-05,MISTI
20250530,0401,2024,AREQUIPA,AREQUIPA,20241204,133026,VT,3.1,11.32,3.6e-05,MISTI
20250530,0401,2024,AREQUIPA,AREQUIPA,20241204,133449,VT,2.4,18.48,4.2e-05,MISTI
20250530,0401,2024,AREQUIPA,AREQUIPA,20241204,142503,VT,4.9,11.11,4.1e-05,MISTI
20250530,0401,2024,AREQUIPA,AREQUIPA,20241205,2812,VT,8.9,15.62,0.008317,MISTI
20250530,0401,2024,AREQUIPA,AREQUIPA,20241205,25024,VT,5.2,16.4,5.5e-05,MISTI
20250530,0401,2024,AREQUIPA,AREQUIPA,20241205,25844,VT,4.6,10.45,2.5e-05,MISTI
20250530,0401,2024,AREQUIPA,AREQUIPA,20241205,30334,VD,5.5,16.47,5.5e-05,MISTI
20250530,0401,2024,AREQUIPA,AREQUIPA,20241205,41613,VT,10.0,9.11,1e-05,MISTI
20250530,0401,2024,AREQUIPA,AREQUIPA,20241205,50114,VT,3.8,7.44,1.4e-05,MISTI
20250530,0401,2024,AREQUIPA,AREQUIPA,20241205,52926,VT,3.7,9.73,6.2e-05,MISTI
20250530,0401,2024,AREQUIPA,AREQUIPA,20241205,55213,VT,3.0,9.17,1.4e-05,MISTI
20250530,0401,2024,AREQUIPA,AREQUIPA,20241205,64046,VT,9.9,8.83,1.2e-05,MISTI
20250530,0401,2024,AREQUIPA,AREQUIPA,20241205,75126,VT,2.8,11.25,2.1e-05,MISTI
20250530,0401,2024,AREQUIPA,AREQUIPA,20241205,81904,VT,7.0,8.6,9e-06,MISTI
20250530,0401,2024,AREQUIPA,AREQUIPA,20241205,83409,VT,4.4,15.13,2.6e-05,MISTI
20250530,0401,2024,AREQUIPA,AREQUIPA,20241205,94852,VT,4.7,12.2,1.6e-05,MISTI
20250530,0401,2024,AREQUIPA,AREQUIPA,20241205,131204,VT,5.5,10.04,8.3e-05,MISTI
20250530,0401,2024,AREQUIPA,AREQUIPA,20241205,153331,VT,5.4,15.45,0.000271,MISTI
20250530,0401,2024,AREQUIPA,AREQUIPA,20241205,192102,VT,4.5,15.1,6.8e-05,MISTI
20250530,0401,2024,AREQUIPA,AREQUIPA,20241205,202143,VT,9.3,11.49,0.00036,MISTI
20250530,0401,2024,AREQUIPA,AREQUIPA,20241205,211610,VT,4.8,8.4,6.8e-05,MISTI
20250530,0401,2024,AREQUIPA,AREQUIPA,20241205,212408,VT,2.7,9.55,3.8e-05,MISTI
20250530,0401,2024,AREQUIPA,AREQUIPA,20241205,212933,VT,4.7,11.65,0.000509,MISTI
20250530,0401,2024,AREQUIPA,AREQUIPA,20241205,214624,VT,3.6,9.37,2.6e-05,MISTI
20250530,0401,2024,AREQUIPA,AREQUIPA,20241205,215438,VT,10.0,9.87,0.000134,MISTI
20250530,0401,2024,AREQUIPA,AREQUIPA,20241205,222451,VT,2.9,7.7,8.3e-05,MISTI
20250530,0401,2024,AREQUIPA,AREQUIPA,20241205,223655,VT,5.3,9.8,0.000125,MISTI
20250530,0401,2024,AREQUIPA,AREQUIPA,20241205,235616,VT,5.3,8.59,0.000183,MISTI
20250530,0401,2024,AREQUIPA,AREQUIPA,20241206,3751,VT,3.0,10.15,5.2e-05,MISTI
20250530,0401,2024,AREQUIPA,AREQUIPA,20241206,13444,VT,4.6,12.05,2.7e-05,MISTI
20250530,0401,2024,AREQUIPA,AREQUIPA,20241206,23908,VT,6.8,9.12,1.7e-05,MISTI
20250530,0401,2024,AREQUIPA,AREQUIPA,20241206,50344,VT,3.7,15.44,0.000224,MISTI
20250530,0401,2024,AREQUIPA,AREQUIPA,20241206,54938,VT,5.2,7.26,2e-05,MISTI
20250530,0401,2024,AREQUIPA,AREQUIPA,20241206,55028,VT,3.7,11.79,9.6e-05,MISTI
20250530,0401,2024,AREQUIPA,AREQUIPA,20241206,61014,VT,4.5,12.24,1.5e-05,MISTI
20250530,0401,2024,AREQUIPA,AREQUIPA,20241206,62405,VT,4.0,9.42,1.2e-05,MISTI
20250530,0401,2024,AREQUIPA,AREQUIPA,20241206,64939,VT,2.8,12.94,1.3e-05,MISTI
20250530,0401,2024,AREQUIPA,AREQUIPA,20241206,71248,VT,5.4,11.38,2.2e-05,MISTI
20250530,0401,2024,AREQUIPA,AREQUIPA,20241206,82419,VT,4.3,11.27,1.3e-05,MISTI
20250530,0401,2024,AREQUIPA,AREQUIPA,20241206,84150,VT,4.0,14.12,3.8e-05,MISTI
20250530,0401,2024,AREQUIPA,AREQUIPA,20241206,92503,VT,4.2,11.03,2.2e-05,MISTI
20250530,0401,2024,AREQUIPA,AREQUIPA,20241206,92624,VT,2.9,6.81,1.8e-05,MISTI
20250530,0401,2024,AREQUIPA,AREQUIPA,20241206,93155,VT,7.0,8.98,1.4e-05,MISTI
20250530,0401,2024,AREQUIPA,AREQUIPA,20241206,103113,VT,2.9,11.47,3e-05,MISTI
20250530,0401,2024,AREQUIPA,AREQUIPA,20241206,111930,VT,2.9,12.57,9e-05,MISTI
20250530,0401,2024,AREQUIPA,AREQUIPA,20241206,133028,VT,2.8,12.29,1.6e-05,MISTI
20250530,0401,2024,AREQUIPA,AREQUIPA,20241207,4038,VT,8.8,13.24,0.000107,MISTI
20250530,0401,2024,AREQUIPA,AREQUIPA,20241207,11534,VT,5.3,10.7,1.7e-05,MISTI
20250530,0401,2024,AREQUIPA,AREQUIPA,20241207,15427,VT,2.8,11.06,1.4e-05,MISTI
20250530,0401,2024,AREQUIPA,AREQUIPA,20241207,24638,VT,5.5,13.12,2.5e-05,MISTI
20250530,0401,2024,AREQUIPA,AREQUIPA,20241207,35555,VT,5.5,13.26,0.000123,MISTI
20250530,0401,2024,AREQUIPA,AREQUIPA,20241207,35701,VT,3.1,11.74,3.6e-05,MISTI
20250530,0401,2024,AREQUIPA,AREQUIPA,20241207,45207,VT,3.6,11.81,2.3e-05,MISTI
20250530,0401,2024,AREQUIPA,AREQUIPA,20241207,55112,VT,3.1,12.08,0.000133,MISTI
20250530,0401,2024,AREQUIPA,AREQUIPA,20241207,55429,VT,5.3,9.01,9.7e-05,MISTI
20250530,0401,2024,AREQUIPA,AREQUIPA,20241207,55737,VT,5.3,12.6,9.3e-05,MISTI
20250530,0401,2024,AREQUIPA,AREQUIPA,20241207,61737,VT,3.7,11.08,7.9e-05,MISTI
20250530,0401,2024,AREQUIPA,AREQUIPA,20241207,65331,VT,3.5,10.4,2.1e-05,MISTI
20250530,0401,2024,AREQUIPA,AREQUIPA,20241207,65405,VT,3.5,8.86,0.000104,MISTI
20250530,0401,2024,AREQUIPA,AREQUIPA,20241207,71036,VT,3.0,9.5,3.6e-05,MISTI
20250530,0401,2024,AREQUIPA,AREQUIPA,20241207,71915,VT,3.7,8.54,1.3e-05,MISTI
20250530,0401,2024,AREQUIPA,AREQUIPA,20241207,73941,VT,3.3,11.07,1.5e-05,MISTI
20250530,0401,2024,AREQUIPA,AREQUIPA,20241207,74046,VT,5.4,8.67,2.1e-05,MISTI
20250530,0401,2024,AREQUIPA,AREQUIPA,20241207,81704,VT,3.2,12.01,3.5e-05,MISTI
20250530,0401,2024,AREQUIPA,AREQUIPA,20241207,82906,VT,7.0,9.66,3.1e-05,MISTI
20250530,0401,2024,AREQUIPA,AREQUIPA,20241207,90526,VT,5.5,16.05,0.000958,MISTI
20250530,0401,2024,AREQUIPA,AREQUIPA,20241207,91414,VT,9.5,8.9,2.9e-05,MISTI
20250530,0401,2024,AREQUIPA,AREQUIPA,20241207,91556,VT,7.0,7.84,1.8e-05,MISTI
20250530,0401,2024,AREQUIPA,AREQUIPA,20241207,93836,VT,5.3,10.62,2.4e-05,MISTI
20250530,0401,2024,AREQUIPA,AREQUIPA,20241207,100606,VT,2.9,7.81,1.2e-05,MISTI
20250530,0401,2024,AREQUIPA,AREQUIPA,20241207,101355,VT,3.6,10.67,2.2e-05,MISTI
20250530,0401,2024,AREQUIPA,AREQUIPA,20241207,102024,VT,2.8,11.27,0.000126,MISTI
20250530,0401,2024,AREQUIPA,AREQUIPA,20241207,112511,VT,2.8,10.19,3e-05,MISTI
20250530,0401,2024,AREQUIPA,AREQUIPA,20241207,113810,VT,2.9,11.55,6.2e-05,MISTI
20250530,0401,2024,AREQUIPA,AREQUIPA,20241207,130314,VT,6.9,9.36,0.00088,MISTI
20250530,0401,2024,AREQUIPA,AREQUIPA,20241207,133705,VT,12.4,14.97,0.000235,MISTI
20250530,0401,2024,AREQUIPA,AREQUIPA,20241207,134814,VT,7.0,9.71,0.000187,MISTI
20250530,0401,2024,AREQUIPA,AREQUIPA,20241207,134925,VT,3.2,12.94,0.00019,MISTI
20250530,0401,2024,AREQUIPA,AREQUIPA,20241207,135202,VT,3.2,14.56,8.6e-05,MISTI
20250530,0401,2024,AREQUIPA,AREQUIPA,20241207,135627,VT,5.4,8.57,3.1e-05,MISTI
20250530,0401,2024,AREQUIPA,AREQUIPA,20241207,140232,VT,7.0,13.83,0.000298,MISTI
20250530,0401,2024,AREQUIPA,AREQUIPA,20241207,140617,VT,7.0,10.94,0.000596,MISTI
20250530,0401,2024,AREQUIPA,AREQUIPA,20241207,140856,VT,5.5,9.49,3.8e-05,MISTI
20250530,0401,2024,AREQUIPA,AREQUIPA,20241207,141904,VD,5.4,9.6,6.5e-05,MISTI
20250530,0401,2024,AREQUIPA,AREQUIPA,20241207,142000,VT,3.7,9.78,0.000553,MISTI
20250530,0401,2024,AREQUIPA,AREQUIPA,20241207,143144,VT,2.8,14.2,3.3e-05,MISTI
20250530,0401,2024,AREQUIPA,AREQUIPA,20241207,144052,VT,2.6,8.94,1.8e-05,MISTI
20250530,0401,2024,AREQUIPA,AREQUIPA,20241207,144700,VT,5.4,8.45,8.8e-05,MISTI
20250530,0401,2024,AREQUIPA,AREQUIPA,20241207,144910,VT,6.9,7.2,0.000172,MISTI
20250530,0401,2024,AREQUIPA,AREQUIPA,20241207,152407,VT,3.2,9.48,0.000173,MISTI
20250530,0401,2024,AREQUIPA,AREQUIPA,20241207,153004,VT,5.4,9.62,0.00046,MISTI
20250530,0401,2024,AREQUIPA,AREQUIPA,20241207,153127,VT,3.8,9.78,3.5e-05,MISTI
20250530,0401,2024,AREQUIPA,AREQUIPA,20241207,154056,VT,3.9,16.04,5.3e-05,MISTI
20250530,0401,2024,AREQUIPA,AREQUIPA,20241207,154453,VT,6.9,8.48,0.000369,MISTI
20250530,0401,2024,AREQUIPA,AREQUIPA,20241207,154633,VT,2.8,10.04,0.000316,MISTI
20250530,0401,2024,AREQUIPA,AREQUIPA,20241207,155311,VT,5.3,8.87,0.000271,MISTI
20250530,0401,2024,AREQUIPA,AREQUIPA,20241207,164535,VT,5.4,9.43,0.000362,MISTI
20250530,0401,2024,AREQUIPA,AREQUIPA,20241207,172528,VT,3.7,9.96,6.1e-05,MISTI
20250530,0401,2024,AREQUIPA,AREQUIPA,20241207,172756,VT,2.9,13.14,0.000205,MISTI
20250530,0401,2024,AREQUIPA,AREQUIPA,20241208,846,VT,3.0,14.43,0.000121,MISTI
20250530,0401,2024,AREQUIPA,AREQUIPA,20241208,11312,VT,3.0,8.02,6.8e-05,MISTI
20250530,0401,2024,AREQUIPA,AREQUIPA,20241208,11836,VT,7.0,7.38,1.5e-05,MISTI
20250530,0401,2024,AREQUIPA,AREQUIPA,20241208,60827,VT,4.5,11.63,0.000116,MISTI
20250530,0401,2024,AREQUIPA,AREQUIPA,20241208,75051,VT,5.5,11.41,7.7e-05,MISTI
20250530,0401,2024,AREQUIPA,AREQUIPA,20241208,75603,VT,4.5,14.2,3e-05,MISTI
20250530,0401,2024,AREQUIPA,AREQUIPA,20241208,84348,VT,5.0,9.93,4e-05,MISTI
20250530,0401,2024,AREQUIPA,AREQUIPA,20241208,85823,VT,3.7,14.44,5.5e-05,MISTI
20250530,0401,2024,AREQUIPA,AREQUIPA,20241208,95137,VT,7.2,8.45,1.2e-05,MISTI
20250530,0401,2024,AREQUIPA,AREQUIPA,20241208,102218,VT,4.6,9.25,6.1e-05,MISTI
20250530,0401,2024,AREQUIPA,AREQUIPA,20241208,123352,VT,5.3,10.82,3.7e-05,MISTI
20250530,0401,2024,AREQUIPA,AREQUIPA,20241208,141425,VT,3.1,9.3,9.9e-05,MISTI
20250530,0401,2024,AREQUIPA,AREQUIPA,20241208,230925,VT,5.5,11.41,0.000114,MISTI
20250530,0401,2024,AREQUIPA,AREQUIPA,20241209,15235,VT,7.0,12.14,0.00074,MISTI
20250530,0401,2024,AREQUIPA,AREQUIPA,20241209,44921,VT,5.1,7.67,4.6e-05,MISTI
20250530,0401,2024,AREQUIPA,AREQUIPA,20241209,91252,TO,7.0,60.81,0.003216,MISTI
20250530,0401,2024,AREQUIPA,AREQUIPA,20241209,91818,VT,10.0,14.69,1.8e-05,MISTI
20250530,0401,2024,AREQUIPA,AREQUIPA,20241209,132907,VT,3.2,10.6,4.3e-05,MISTI
20250530,0401,2024,AREQUIPA,AREQUIPA,20241209,184904,VT,3.7,13.55,6.9e-05,MISTI
20250530,0401,2024,AREQUIPA,AREQUIPA,20241209,185453,VT,3.7,9.25,0.000174,MISTI
20250530,0401,2024,AREQUIPA,AREQUIPA,20241209,192418,VD,3.6,21.55,0.000738,MISTI
20250530,0401,2024,AREQUIPA,AREQUIPA,20241209,204557,TO,6.3,44.55,0.001297,MISTI
20250530,0401,2024,AREQUIPA,AREQUIPA,20241209,222113,VD,4.6,17.05,0.000919,MISTI
20250530,0401,2024,AREQUIPA,AREQUIPA,20241209,222320,VT,3.5,10.25,0.001596,MISTI
20250530,0401,2024,AREQUIPA,AREQUIPA,20241209,222629,VT,3.3,10.6,0.000486,MISTI
20250530,0401,2024,AREQUIPA,AREQUIPA,20241210,612,VT,3.5,13.17,3.3e-05,MISTI
20250530,0401,2024,AREQUIPA,AREQUIPA,20241210,5255,VT,5.5,11.73,4.9e-05,MISTI
20250530,0401,2024,AREQUIPA,AREQUIPA,20241210,5256,VT,5.4,12.71,5.1e-05,MISTI
20250530,0401,2024,AREQUIPA,AREQUIPA,20241210,32916,VT,2.8,10.13,2e-05,MISTI
20250530,0401,2024,AREQUIPA,AREQUIPA,20241210,51223,VT,5.2,9.01,1.1e-05,MISTI
20250530,0401,2024,AREQUIPA,AREQUIPA,20241210,52117,VT,5.1,11.06,1.2e-05,MISTI
20250530,0401,2024,AREQUIPA,AREQUIPA,20241210,52432,VT,4.7,12.73,5.9e-05,MISTI
20250530,0401,2024,AREQUIPA,AREQUIPA,20241210,52433,VT,4.7,7.79,4.7e-05,MISTI
20250530,0401,2024,AREQUIPA,AREQUIPA,20241210,54444,VT,4.0,13.67,1.4e-05,MISTI
20250530,0401,2024,AREQUIPA,AREQUIPA,20241210,62029,VT,4.5,17.27,0.000366,MISTI
20250530,0401,2024,AREQUIPA,AREQUIPA,20241210,62030,VT,4.5,19.25,0.000422,MISTI
20250530,0401,2024,AREQUIPA,AREQUIPA,20241211,4554,VT,5.1,10.92,9.2e-05,MISTI
20250530,0401,2024,AREQUIPA,AREQUIPA,20241211,5711,VT,5.3,8.15,1.3e-05,MISTI
20250530,0401,2024,AREQUIPA,AREQUIPA,20241211,11307,VT,3.7,15.15,0.000326,MISTI
20250530,0401,2024,AREQUIPA,AREQUIPA,20241211,12409,VT,5.2,9.6,0.000199,MISTI
20250530,0401,2024,AREQUIPA,AREQUIPA,20241211,14623,VT,10.0,12.66,1.8e-05,MISTI
20250530,0401,2024,AREQUIPA,AREQUIPA,20241211,20324,VT,3.2,16.29,2.6e-05,MISTI
20250530,0401,2024,AREQUIPA,AREQUIPA,20241211,34036,VT,2.9,7.19,2.4e-05,MISTI
20250530,0401,2024,AREQUIPA,AREQUIPA,20241211,42946,VT,5.5,8.92,2.5e-05,MISTI
20250530,0401,2024,AREQUIPA,AREQUIPA,20241211,43524,VT,3.7,12.53,3.9e-05,MISTI
20250530,0401,2024,AREQUIPA,AREQUIPA,20241211,91612,VT,4.5,17.95,0.00041,MISTI
20250530,0401,2024,AREQUIPA,AREQUIPA,20241211,111027,VT,4.2,15.85,0.000617,MISTI
20250530,0401,2024,AREQUIPA,AREQUIPA,20241211,120728,VT,3.0,14.23,3.1e-05,MISTI
20250530,0401,2024,AREQUIPA,AREQUIPA,20241211,121737,VT,2.8,12.46,5e-05,MISTI
20250530,0401,2024,AREQUIPA,AREQUIPA,20241211,134127,VT,3.5,11.87,5.8e-05,MISTI
20250530,0401,2024,AREQUIPA,AREQUIPA,20241211,161024,VD,3.6,20.44,0.000706,MISTI
20250530,0401,2024,AREQUIPA,AREQUIPA,20241211,161242,VD,3.3,18.83,0.000629,MISTI
20250530,0401,2024,AREQUIPA,AREQUIPA,20241211,170608,VT,3.2,19.82,0.00112,MISTI
20250530,0401,2024,AREQUIPA,AREQUIPA,20241211,201438,VT,6.2,14.1,0.002315,MISTI
20250530,0401,2024,AREQUIPA,AREQUIPA,20241211,230148,VT,3.1,10.76,2.6e-05,MISTI
20250530,0401,2024,AREQUIPA,AREQUIPA,20241211,231204,VT,5.5,8.74,3.3e-05,MISTI
20250530,0401,2024,AREQUIPA,AREQUIPA,20241211,231243,VT,3.6,9.59,2.1e-05,MISTI
20250530,0401,2024,AREQUIPA,AREQUIPA,20241211,234213,VT,3.1,12.77,0.000176,MISTI
20250530,0401,2024,AREQUIPA,AREQUIPA,20241212,211,VD,3.7,17.9,0.000502,MISTI
20250530,0401,2024,AREQUIPA,AREQUIPA,20241212,3717,VT,5.2,8.91,1.6e-05,MISTI
20250530,0401,2024,AREQUIPA,AREQUIPA,20241212,15649,VT,5.3,9.65,2.6e-05,MISTI
20250530,0401,2024,AREQUIPA,AREQUIPA,20241212,21158,VT,5.5,12.43,2.1e-05,MISTI
20250530,0401,2024,AREQUIPA,AREQUIPA,20241212,71641,VT,5.2,8.89,4.8e-05,MISTI
20250530,0401,2024,AREQUIPA,AREQUIPA,20241212,81752,VT,3.1,12.08,0.000206,MISTI
20250530,0401,2024,AREQUIPA,AREQUIPA,20241212,82238,VT,3.2,11.05,1.9e-05,MISTI
20250530,0401,2024,AREQUIPA,AREQUIPA,20241212,92828,VT,3.7,12.2,0.000192,MISTI
20250530,0401,2024,AREQUIPA,AREQUIPA,20241212,232659,VT,5.3,14.48,5e-05,MISTI
20250530,0401,2024,AREQUIPA,AREQUIPA,20241213,22212,VT,7.0,12.48,4.1e-05,MISTI
20250530,0401,2024,AREQUIPA,AREQUIPA,20241213,23207,VT,5.5,10.42,5.3e-05,MISTI
20250530,0401,2024,AREQUIPA,AREQUIPA,20241214,14539,VT,3.7,8.4,2.8e-05,MISTI
20250530,0401,2024,AREQUIPA,AREQUIPA,20241214,95331,VT,5.3,10.77,0.000181,MISTI
20250530,0401,2024,AREQUIPA,AREQUIPA,20241214,100440,VT,5.3,12.16,6.8e-05,MISTI
20250530,0401,2024,AREQUIPA,AREQUIPA,20241215,22003,VT,5.4,9.48,0.000152,MISTI
20250530,0401,2024,AREQUIPA,AREQUIPA,20241215,131647,VD,6.3,16.86,0.000738,MISTI
20250530,0401,2024,AREQUIPA,AREQUIPA,20241215,180521,VT,3.9,10.1,0.00022,MISTI
20250530,0401,2024,AREQUIPA,AREQUIPA,20241216,4137,TO,6.5,33.7,0.000109,MISTI
20250530,0401,2024,AREQUIPA,AREQUIPA,20241216,13232,VT,2.8,12.95,1.9e-05,MISTI
20250530,0401,2024,AREQUIPA,AREQUIPA,20241216,23451,VT,3.9,10.02,1.6e-05,MISTI
20250530,0401,2024,AREQUIPA,AREQUIPA,20241216,41754,VT,12.1,10.49,3.7e-05,MISTI
20250530,0401,2024,AREQUIPA,AREQUIPA,20241216,63621,VT,5.0,16.5,2.6e-05,MISTI
20250530,0401,2024,AREQUIPA,AREQUIPA,20241216,64808,VT,3.4,9.54,1.6e-05,MISTI
20250530,0401,2024,AREQUIPA,AREQUIPA,20241216,81754,VT,3.4,8.85,1.1e-05,MISTI
20250530,0401,2024,AREQUIPA,AREQUIPA,20241216,82428,VT,6.8,12.08,8.7e-05,MISTI
20250530,0401,2024,AREQUIPA,AREQUIPA,20241216,83404,VT,4.2,9.56,2.2e-05,MISTI
20250530,0401,2024,AREQUIPA,AREQUIPA,20241216,85715,VT,3.0,12.65,1.4e-05,MISTI
20250530,0401,2024,AREQUIPA,AREQUIPA,20241216,90019,VT,3.9,11.86,2.9e-05,MISTI
20250530,0401,2024,AREQUIPA,AREQUIPA,20241216,93129,VT,4.2,14.03,1.9e-05,MISTI
20250530,0401,2024,AREQUIPA,AREQUIPA,20241216,93504,VT,2.8,11.99,1.4e-05,MISTI
20250530,0401,2024,AREQUIPA,AREQUIPA,20241216,93646,VT,3.0,10.65,1.3e-05,MISTI
20250530,0401,2024,AREQUIPA,AREQUIPA,20241216,95314,VT,3.4,6.67,8e-06,MISTI
20250530,0401,2024,AREQUIPA,AREQUIPA,20241216,100630,VT,5.1,10.1,5.2e-05,MISTI
20250530,0401,2024,AREQUIPA,AREQUIPA,20241216,103628,VT,5.5,12.03,3.9e-05,MISTI
20250530,0401,2024,AREQUIPA,AREQUIPA,20241216,111641,VT,2.9,9.5,2.6e-05,MISTI
20250530,0401,2024,AREQUIPA,AREQUIPA,20241216,112822,VT,4.1,10.38,1.9e-05,MISTI
20250530,0401,2024,AREQUIPA,AREQUIPA,20241216,113224,VT,2.9,14.62,2.1e-05,MISTI
20250530,0401,2024,AREQUIPA,AREQUIPA,20241216,113625,VT,3.1,11.12,1.5e-05,MISTI
20250530,0401,2024,AREQUIPA,AREQUIPA,20241216,114401,VT,5.3,13.87,4.1e-05,MISTI
20250530,0401,2024,AREQUIPA,AREQUIPA,20241216,114735,VT,2.8,10.13,2.5e-05,MISTI
20250530,0401,2024,AREQUIPA,AREQUIPA,20241216,121229,VT,4.8,12.19,5.9e-05,MISTI
20250530,0401,2024,AREQUIPA,AREQUIPA,20241216,134531,VT,3.0,15.58,4.5e-05,MISTI
20250530,0401,2024,AREQUIPA,AREQUIPA,20241216,134635,VT,4.7,13.48,0.000714,MISTI
20250530,0401,2024,AREQUIPA,AREQUIPA,20241216,134710,VT,4.6,14.47,8e-05,MISTI
20250530,0401,2024,AREQUIPA,AREQUIPA,20241216,141934,VT,6.8,14.33,4.9e-05,MISTI
20250530,0401,2024,AREQUIPA,AREQUIPA,20241216,142144,VT,5.3,15.03,0.000815,MISTI
20250530,0401,2024,AREQUIPA,AREQUIPA,20241216,143048,VT,3.6,14.02,0.000393,MISTI
20250530,0401,2024,AREQUIPA,AREQUIPA,20241216,151152,VT,2.9,12.28,6.3e-05,MISTI
20250530,0401,2024,AREQUIPA,AREQUIPA,20241217,2738,VT,5.3,8.12,1.5e-05,MISTI
20250530,0401,2024,AREQUIPA,AREQUIPA,20241217,30201,VT,4.1,10.12,4.1e-05,MISTI
20250530,0401,2024,AREQUIPA,AREQUIPA,20241217,35357,VT,5.2,10.13,7.9e-05,MISTI
20250530,0401,2024,AREQUIPA,AREQUIPA,20241217,42622,VT,7.0,6.74,1.8e-05,MISTI
20250530,0401,2024,AREQUIPA,AREQUIPA,20241217,44657,VT,7.0,7.47,2e-05,MISTI
20250530,0401,2024,AREQUIPA,AREQUIPA,20241217,52011,VT,5.2,9.9,2.2e-05,MISTI
20250530,0401,2024,AREQUIPA,AREQUIPA,20241217,60238,VT,3.1,11.12,2.1e-05,MISTI
20250530,0401,2024,AREQUIPA,AREQUIPA,20241217,74310,VT,4.7,12.24,1.9e-05,MISTI
20250530,0401,2024,AREQUIPA,AREQUIPA,20241217,81930,VT,5.4,9.0,1.7e-05,MISTI
20250530,0401,2024,AREQUIPA,AREQUIPA,20241217,82848,VT,4.2,12.25,1.1e-05,MISTI
20250530,0401,2024,AREQUIPA,AREQUIPA,20241217,82918,VT,5.3,14.03,4.6e-05,MISTI
20250530,0401,2024,AREQUIPA,AREQUIPA,20241217,85254,VT,2.9,10.77,1.4e-05,MISTI
20250530,0401,2024,AREQUIPA,AREQUIPA,20241217,92641,VT,2.7,11.74,1.8e-05,MISTI
20250530,0401,2024,AREQUIPA,AREQUIPA,20241217,93854,VT,10.0,8.29,1.1e-05,MISTI
20250530,0401,2024,AREQUIPA,AREQUIPA,20241217,102258,VT,4.2,16.63,0.00039,MISTI
20250530,0401,2024,AREQUIPA,AREQUIPA,20241217,103608,VT,3.1,14.64,5.8e-05,MISTI
20250530,0401,2024,AREQUIPA,AREQUIPA,20241217,104535,VT,2.8,10.18,1.8e-05,MISTI
20250530,0401,2024,AREQUIPA,AREQUIPA,20241217,114921,TO,7.6,26.79,0.00084,MISTI
20250530,0401,2024,AREQUIPA,AREQUIPA,20241217,201218,VT,3.2,18.36,4.1e-05,MISTI
20250530,0401,2024,AREQUIPA,AREQUIPA,20241217,201956,VT,3.4,17.41,3.5e-05,MISTI
20250530,0401,2024,AREQUIPA,AREQUIPA,20241217,205129,VT,2.7,13.85,4.3e-05,MISTI
20250530,0401,2024,AREQUIPA,AREQUIPA,20241218,55435,VT,3.0,22.61,4.3e-05,MISTI
20250530,0401,2024,AREQUIPA,AREQUIPA,20241218,75237,VT,10.0,22.94,3.4e-05,MISTI
20250530,0401,2024,AREQUIPA,AREQUIPA,20241218,90634,VT,5.1,33.55,6.4e-05,MISTI
20250530,0401,2024,AREQUIPA,AREQUIPA,20241218,153259,VT,2.8,29.22,0.0003,MISTI
20250530,0401,2024,AREQUIPA,AREQUIPA,20241219,731,VT,4.2,17.83,5.3e-05,MISTI
20250530,0401,2024,AREQUIPA,AREQUIPA,20241219,1020,VT,4.0,17.07,2.7e-05,MISTI
20250530,0401,2024,AREQUIPA,AREQUIPA,20241219,1826,VT,2.8,16.83,4e-05,MISTI
20250530,0401,2024,AREQUIPA,AREQUIPA,20241219,3614,VT,2.9,17.23,4.5e-05,MISTI
20250530,0401,2024,AREQUIPA,AREQUIPA,20241219,4434,VT,2.9,19.68,0.000212,MISTI
20250530,0401,2024,AREQUIPA,AREQUIPA,20241219,11237,VT,3.4,17.94,3.6e-05,MISTI
20250530,0401,2024,AREQUIPA,AREQUIPA,20241219,62503,VT,4.9,33.38,0.000136,MISTI
20250530,0401,2024,AREQUIPA,AREQUIPA,20241219,64611,VT,3.3,22.85,3.9e-05,MISTI
20250530,0401,2024,AREQUIPA,AREQUIPA,20241219,73954,VT,5.5,15.6,5.4e-05,MISTI
20250530,0401,2024,AREQUIPA,AREQUIPA,20241219,83121,VT,4.4,24.3,8.5e-05,MISTI
20250530,0401,2024,AREQUIPA,AREQUIPA,20241219,90249,VT,4.6,29.62,0.000121,MISTI
20250530,0401,2024,AREQUIPA,AREQUIPA,20241219,93315,VT,3.4,15.54,2.1e-05,MISTI
20250530,0401,2024,AREQUIPA,AREQUIPA,20241219,101718,VT,2.9,23.82,5.6e-05,MISTI
20250530,0401,2024,AREQUIPA,AREQUIPA,20241219,103437,VT,3.2,15.99,3.3e-05,MISTI
20250530,0401,2024,AREQUIPA,AREQUIPA,20241219,104045,VT,7.3,18.71,8.7e-05,MISTI
20250530,0401,2024,AREQUIPA,AREQUIPA,20241219,112739,VT,3.4,19.49,2.9e-05,MISTI
20250530,0401,2024,AREQUIPA,AREQUIPA,20241219,113609,VT,3.1,18.39,3.4e-05,MISTI
20250530,0401,2024,AREQUIPA,AREQUIPA,20241219,133411,VT,3.7,18.06,0.000245,MISTI
20250530,0401,2024,AREQUIPA,AREQUIPA,20241219,153320,VT,2.9,18.85,0.000382,MISTI
20250530,0401,2024,AREQUIPA,AREQUIPA,20241219,173657,VT,5.1,28.87,0.000612,MISTI
20250530,0401,2024,AREQUIPA,AREQUIPA,20241220,4542,VT,3.2,14.69,2e-05,MISTI
20250530,0401,2024,AREQUIPA,AREQUIPA,20241220,15422,VT,3.0,43.37,0.000123,MISTI
20250530,0401,2024,AREQUIPA,AREQUIPA,20241220,24316,VT,4.6,42.96,0.030498,MISTI
20250530,0401,2024,AREQUIPA,AREQUIPA,20241220,31808,VT,5.4,20.12,4.2e-05,MISTI
20250530,0401,2024,AREQUIPA,AREQUIPA,20241220,33154,VT,2.9,13.61,4.1e-05,MISTI
20250530,0401,2024,AREQUIPA,AREQUIPA,20241220,34259,VT,3.2,21.67,2.9e-05,MISTI
20250530,0401,2024,AREQUIPA,AREQUIPA,20241220,34522,VT,3.2,17.68,2.3e-05,MISTI
20250530,0401,2024,AREQUIPA,AREQUIPA,20241220,42522,VT,2.8,21.78,4.4e-05,MISTI
20250530,0401,2024,AREQUIPA,AREQUIPA,20241220,42925,VT,5.3,18.88,2.6e-05,MISTI
20250530,0401,2024,AREQUIPA,AREQUIPA,20241220,45149,VT,4.6,13.85,4.4e-05,MISTI
20250530,0401,2024,AREQUIPA,AREQUIPA,20241220,45450,VT,2.7,15.12,3.5e-05,MISTI
20250530,0401,2024,AREQUIPA,AREQUIPA,20241220,45911,VT,3.8,21.25,5e-05,MISTI
20250530,0401,2024,AREQUIPA,AREQUIPA,20241220,50022,VT,4.7,18.21,4.7e-05,MISTI
20250530,0401,2024,AREQUIPA,AREQUIPA,20241220,50646,VT,4.5,20.37,6.2e-05,MISTI
20250530,0401,2024,AREQUIPA,AREQUIPA,20241220,51606,VT,3.5,14.97,2.7e-05,MISTI
20250530,0401,2024,AREQUIPA,AREQUIPA,20241220,53106,VT,4.7,23.2,4.2e-05,MISTI
20250530,0401,2024,AREQUIPA,AREQUIPA,20241220,54222,VT,3.0,27.95,6.4e-05,MISTI
20250530,0401,2024,AREQUIPA,AREQUIPA,20241220,54742,VT,3.6,15.58,1.8e-05,MISTI
20250530,0401,2024,AREQUIPA,AREQUIPA,20241220,61115,VT,5.2,26.09,3.4e-05,MISTI
20250530,0401,2024,AREQUIPA,AREQUIPA,20241220,62108,VT,4.7,20.96,0.000434,MISTI
20250530,0401,2024,AREQUIPA,AREQUIPA,20241220,72021,VT,4.7,22.05,0.000107,MISTI
20250530,0401,2024,AREQUIPA,AREQUIPA,20241220,72122,VT,4.7,30.13,0.001665,MISTI
20250530,0401,2024,AREQUIPA,AREQUIPA,20241220,74715,VT,3.0,24.2,4.5e-05,MISTI
20250530,0401,2024,AREQUIPA,AREQUIPA,20241220,75852,VT,2.8,16.04,0.000152,MISTI
20250530,0401,2024,AREQUIPA,AREQUIPA,20241220,83639,VT,3.6,17.26,2.8e-05,MISTI
20250530,0401,2024,AREQUIPA,AREQUIPA,20241220,92844,VT,3.7,12.72,1.5e-05,MISTI
20250530,0401,2024,AREQUIPA,AREQUIPA,20241220,102943,VT,3.0,20.85,3.5e-05,MISTI
20250530,0401,2024,AREQUIPA,AREQUIPA,20241220,115011,VT,5.3,39.34,0.000714,MISTI
20250530,0401,2024,AREQUIPA,AREQUIPA,20241220,142921,VT,12.7,24.74,0.005659,MISTI
20250530,0401,2024,AREQUIPA,AREQUIPA,20241220,150326,VT,3.8,22.05,0.000455,MISTI
20250530,0401,2024,AREQUIPA,AREQUIPA,20241220,151345,VT,5.5,21.77,0.000416,MISTI
20250530,0401,2024,AREQUIPA,AREQUIPA,20241221,45703,VT,3.2,26.59,2.2e-05,MISTI
20250530,0401,2024,AREQUIPA,AREQUIPA,20241221,94227,VT,5.4,26.87,3.3e-05,MISTI
20250530,0401,2024,AREQUIPA,AREQUIPA,20241222,1046,VT,10.0,26.58,8.1e-05,MISTI
20250530,0401,2024,AREQUIPA,AREQUIPA,20241222,20624,VT,3.4,18.67,4.2e-05,MISTI
20250530,0401,2024,AREQUIPA,AREQUIPA,20241222,21221,VT,3.3,22.35,4.6e-05,MISTI
20250530,0401,2024,AREQUIPA,AREQUIPA,20241222,35520,VT,3.7,25.32,6e-05,MISTI
20250530,0401,2024,AREQUIPA,AREQUIPA,20241222,91517,VT,3.9,25.56,5.7e-05,MISTI
20250530,0401,2024,AREQUIPA,AREQUIPA,20241222,143035,VT,5.2,19.61,7.7e-05,MISTI
20250530,0401,2024,AREQUIPA,AREQUIPA,20241222,165343,VT,4.2,24.59,0.000175,MISTI
20250530,0401,2024,AREQUIPA,AREQUIPA,20241222,175006,VT,3.7,22.72,0.000617,MISTI
20250530,0401,2024,AREQUIPA,AREQUIPA,20241223,63159,TO,6.8,92.85,0.005828,MISTI
20250530,0401,2024,AREQUIPA,AREQUIPA,20241223,72951,VT,3.0,19.33,3.8e-05,MISTI
20250530,0401,2024,AREQUIPA,AREQUIPA,20241223,121319,VT,5.0,33.03,0.000139,MISTI
20250530,0401,2024,AREQUIPA,AREQUIPA,20241223,125028,VT,5.3,21.34,3.9e-05,MISTI
20250530,0401,2024,AREQUIPA,AREQUIPA,20241224,210956,VT,3.7,14.29,0.000417,MISTI
20250530,0401,2024,AREQUIPA,AREQUIPA,20241225,11329,VT,8.7,13.83,0.000679,MISTI
20250530,0401,2024,AREQUIPA,AREQUIPA,20241225,35258,VT,6.0,9.23,0.000235,MISTI
20250530,0401,2024,AREQUIPA,AREQUIPA,20241225,52517,VT,4.9,12.99,0.00031,MISTI
20250530,0401,2024,AREQUIPA,AREQUIPA,20241225,92647,VT,4.0,24.17,4.5e-05,MISTI
20250530,0401,2024,AREQUIPA,AREQUIPA,20241225,93354,VT,4.8,14.22,1.3e-05,MISTI
20250530,0401,2024,AREQUIPA,AREQUIPA,20241225,100816,VT,4.2,14.54,8e-05,MISTI
20250530,0401,2024,AREQUIPA,AREQUIPA,20241225,101911,VT,4.8,15.58,8.1e-05,MISTI
20250530,0401,2024,AREQUIPA,AREQUIPA,20241225,102219,VT,5.4,11.75,4.5e-05,MISTI
20250530,0401,2024,AREQUIPA,AREQUIPA,20241225,103423,VT,3.0,18.82,0.000303,MISTI
20250530,0401,2024,AREQUIPA,AREQUIPA,20241225,104036,VT,5.5,13.39,0.00029,MISTI
20250530,0401,2024,AREQUIPA,AREQUIPA,20241225,105249,VT,3.9,13.2,1.8e-05,MISTI
20250530,0401,2024,AREQUIPA,AREQUIPA,20241225,124929,VT,3.7,10.77,4.9e-05,MISTI
20250530,0401,2024,AREQUIPA,AREQUIPA,20241225,125551,VT,5.2,8.41,3e-05,MISTI
20250530,0401,2024,AREQUIPA,AREQUIPA,20241225,125609,VT,4.0,16.81,7e-05,MISTI
20250530,0401,2024,AREQUIPA,AREQUIPA,20241225,132056,VT,3.7,12.22,1e-05,MISTI
20250530,0401,2024,AREQUIPA,AREQUIPA,20241226,61706,VT,7.3,11.17,1.1e-05,MISTI
20250530,0401,2024,AREQUIPA,AREQUIPA,20241226,85027,VT,5.6,11.79,1.9e-05,MISTI
20250530,0401,2024,AREQUIPA,AREQUIPA,20241226,91745,VT,10.0,12.65,1.2e-05,MISTI
20250530,0401,2024,AREQUIPA,AREQUIPA,20241226,173105,VT,3.2,12.03,0.000167,MISTI
20250530,0401,2024,AREQUIPA,AREQUIPA,20241227,1910,VT,2.8,9.55,1.2e-05,MISTI
20250530,0401,2024,AREQUIPA,AREQUIPA,20241227,1958,VT,3.2,11.63,1.1e-05,MISTI
20250530,0401,2024,AREQUIPA,AREQUIPA,20241227,2414,VD,4.5,12.97,0.000142,MISTI
20250530,0401,2024,AREQUIPA,AREQUIPA,20241227,13234,VT,5.2,12.24,1.7e-05,MISTI
20250530,0401,2024,AREQUIPA,AREQUIPA,20241227,111314,VT,2.7,13.43,0.000102,MISTI
20250530,0401,2024,AREQUIPA,AREQUIPA,20241227,124730,VT,3.3,20.74,3.7e-05,MISTI
20250530,0401,2024,AREQUIPA,AREQUIPA,20241227,132840,VT,2.7,17.49,4.1e-05,MISTI
20250530,0401,2024,AREQUIPA,AREQUIPA,20241227,132923,VT,5.3,10.28,7.9e-05,MISTI
20250530,0401,2024,AREQUIPA,AREQUIPA,20241227,134251,VT,5.5,9.3,0.000136,MISTI
20250530,0401,2024,AREQUIPA,AREQUIPA,20241228,23952,VT,8.9,35.54,0.00061,MISTI
20250530,0401,2024,AREQUIPA,AREQUIPA,20241228,55537,VT,6.7,17.73,2.2e-05,MISTI
20250530,0401,2024,AREQUIPA,AREQUIPA,20241228,73936,VT,5.4,39.96,0.007165,MISTI
20250530,0401,2024,AREQUIPA,AREQUIPA,20241228,82336,VT,3.7,19.06,0.000173,MISTI
20250530,0401,2024,AREQUIPA,AREQUIPA,20241228,82615,VT,7.0,34.37,4.6e-05,MISTI
20250530,0401,2024,AREQUIPA,AREQUIPA,20241228,90657,VT,5.5,27.11,6.1e-05,MISTI
20250530,0401,2024,AREQUIPA,AREQUIPA,20241228,185118,VT,4.3,18.99,0.000345,MISTI
20250530,0401,2024,AREQUIPA,AREQUIPA,20241228,225606,VT,3.8,22.84,5.1e-05,MISTI
20250530,0401,2024,AREQUIPA,AREQUIPA,20241229,12504,VT,3.4,22.68,9.7e-05,MISTI
20250530,0401,2024,AREQUIPA,AREQUIPA,20241229,111556,VT,3.2,19.59,1.3e-05,MISTI
20250530,0401,2024,AREQUIPA,AREQUIPA,20241229,133914,VT,3.7,36.82,5.5e-05,MISTI
20250530,0401,2024,AREQUIPA,AREQUIPA,20241229,194936,VT,4.5,38.16,0.001047,MISTI
20250530,0401,2024,AREQUIPA,AREQUIPA,20241229,222341,VT,3.7,20.68,0.000519,MISTI
20250530,0401,2024,AREQUIPA,AREQUIPA,20241229,233202,VT,3.5,24.89,0.000624,MISTI
20250530,0401,2024,AREQUIPA,AREQUIPA,20241229,233659,VT,4.7,22.57,8.7e-05,MISTI
20250530,0401,2024,AREQUIPA,AREQUIPA,20241229,235328,VT,6.0,16.8,2.6e-05,MISTI
20250530,0401,2024,AREQUIPA,AREQUIPA,20241230,154,VT,3.5,27.85,0.00051,MISTI
20250530,0401,2024,AREQUIPA,AREQUIPA,20241230,1515,TO,11.6,34.03,0.001771,MISTI
20250530,0401,2024,AREQUIPA,AREQUIPA,20241230,1934,VT,3.8,31.54,0.001175,MISTI
20250530,0401,2024,AREQUIPA,AREQUIPA,20241230,4608,VT,3.3,18.62,7.1e-05,MISTI
20250530,0401,2024,AREQUIPA,AREQUIPA,20241230,5606,VT,3.7,18.99,0.000217,MISTI
20250530,0401,2024,AREQUIPA,AREQUIPA,20241230,11044,VT,3.7,17.38,4.1e-05,MISTI
20250530,0401,2024,AREQUIPA,AREQUIPA,20241230,13426,VT,3.5,17.16,2.8e-05,MISTI
20250530,0401,2024,AREQUIPA,AREQUIPA,20241230,13504,VT,2.9,15.4,2.2e-05,MISTI
20250530,0401,2024,AREQUIPA,AREQUIPA,20241230,21526,VT,5.3,20.58,2.7e-05,MISTI
20250530,0401,2024,AREQUIPA,AREQUIPA,20241230,33916,VT,5.4,22.91,3.5e-05,MISTI
20250530,0401,2024,AREQUIPA,AREQUIPA,20241230,34208,VT,3.3,27.63,4.8e-05,MISTI
20250530,0401,2024,AREQUIPA,AREQUIPA,20241230,40612,VT,3.2,18.07,2e-05,MISTI
20250530,0401,2024,AREQUIPA,AREQUIPA,20241230,43100,VT,3.5,33.72,0.000439,MISTI
20250530,0401,2024,AREQUIPA,AREQUIPA,20241230,44121,VT,5.3,20.16,1.8e-05,MISTI
20250530,0401,2024,AREQUIPA,AREQUIPA,20241230,51658,VT,5.3,16.75,2.6e-05,MISTI
20250530,0401,2024,AREQUIPA,AREQUIPA,20241230,75222,VT,6.3,30.31,0.000368,MISTI
20250530,0401,2024,AREQUIPA,AREQUIPA,20241230,80400,VT,3.7,17.14,4.8e-05,MISTI
20250530,0401,2024,AREQUIPA,AREQUIPA,20241230,83139,VT,4.4,21.23,1.9e-05,MISTI
20250530,0401,2024,AREQUIPA,AREQUIPA,20241230,90626,VT,5.4,11.04,1.9e-05,MISTI
20250530,0401,2024,AREQUIPA,AREQUIPA,20241230,91310,VT,5.4,11.96,1.4e-05,MISTI
20250530,0401,2024,AREQUIPA,AREQUIPA,20241230,100812,VT,3.7,35.18,0.002691,MISTI
20250530,0401,2024,AREQUIPA,AREQUIPA,20241230,110322,VT,3.1,26.02,4.7e-05,MISTI
20250530,0401,2024,AREQUIPA,AREQUIPA,20241230,110653,VT,3.5,16.19,2.9e-05,MISTI
20250530,0401,2024,AREQUIPA,AREQUIPA,20241230,125047,VT,5.5,16.25,2.2e-05,MISTI
20250530,0401,2024,AREQUIPA,AREQUIPA,20241230,125431,VT,3.2,16.91,2.7e-05,MISTI
20250530,0401,2024,AREQUIPA,AREQUIPA,20241231,2657,VT,4.7,18.29,2.3e-05,MISTI
20250530,0401,2024,AREQUIPA,AREQUIPA,20241231,2658,VT,4.7,16.82,2.2e-05,MISTI
20250530,0401,2024,AREQUIPA,AREQUIPA,20241231,11342,VT,3.2,17.95,6.6e-05,MISTI
20250530,0401,2024,AREQUIPA,AREQUIPA,20241231,33944,VT,3.2,11.62,1.4e-05,MISTI
20250530,0401,2024,AREQUIPA,AREQUIPA,20241231,44058,VT,3.4,14.8,1.5e-05,MISTI
20250530,0401,2024,AREQUIPA,AREQUIPA,20241231,51627,VT,5.3,19.11,4.5e-05,MISTI
20250530,0401,2024,AREQUIPA,AREQUIPA,20241231,53005,VT,6.8,10.3,1.4e-05,MISTI
20250530,0401,2024,AREQUIPA,AREQUIPA,20241231,53106,VT,10.0,22.5,1.6e-05,MISTI
20250530,0401,2024,AREQUIPA,AREQUIPA,20241231,60620,VT,10.0,14.12,1.9e-05,MISTI
20250530,0401,2024,AREQUIPA,AREQUIPA,20241231,65316,VT,3.1,21.72,2.7e-05,MISTI
20250530,0401,2024,AREQUIPA,AREQUIPA,20241231,72501,VT,10.0,16.77,1.4e-05,MISTI
20250530,0401,2024,AREQUIPA,AREQUIPA,20241231,73651,VT,10.0,15.91,1.4e-05,MISTI
20250530,0401,2024,AREQUIPA,AREQUIPA,20241231,104619,VT,2.5,16.52,2.2e-05,MISTI
20250530,0401,2024,AREQUIPA,AREQUIPA,20241231,110250,VT,2.6,21.86,3.9e-05,MISTI
20250530,0401,2024,AREQUIPA,AREQUIPA,20241231,110638,VT,10.0,19.26,3.1e-05,MISTI
20250530,0401,2024,AREQUIPA,AREQUIPA,20241231,112832,VT,2.8,21.28,0.000315,MISTI
20250530,0401,2024,AREQUIPA,AREQUIPA,20241231,113020,VT,10.0,18.94,3.6e-05,MISTI
20250530,0401,2024,AREQUIPA,AREQUIPA,20241231,113539,VT,3.0,23.1,7.1e-05,MISTI
20250530,0401,2024,AREQUIPA,AREQUIPA,20241231,115049,VT,3.2,19.26,0.000167,MISTI
20250530,0401,2024,AREQUIPA,AREQUIPA,20241231,122045,VT,3.2,22.35,4.6e-05,MISTI
20250530,0401,2024,AREQUIPA,AREQUIPA,20241231,122440,VT,2.9,18.49,4.2e-05,MISTI
20250530,0401,2024,AREQUIPA,AREQUIPA,20241231,123146,VT,2.4,165.57,0.00759,MISTI
20250530,0401,2024,AREQUIPA,AREQUIPA,20241231,123744,VT,3.7,26.47,0.000726,MISTI
20250530,0401,2024,AREQUIPA,AREQUIPA,20241231,124059,VT,3.0,20.36,0.0003,MISTI
20250530,0401,2024,AREQUIPA,AREQUIPA,20241231,213931,VT,3.2,21.31,5.1e-05,MISTI
20250530,0401,2024,AREQUIPA,AREQUIPA,20241231,214620,VT,4.1,24.16,5e-05,MISTI
20250530,0401,2024,AREQUIPA,AREQUIPA,20241231,220939,VT,5.5,17.83,0.000105,MISTI
20250530,0401,2024,AREQUIPA,AREQUIPA,20241231,233151,VT,2.9,15.76,1.9e-05,MISTI
20260528,0401,2025,AREQUIPA,AREQUIPA,20250101,004816,VT,3.30,18.15,0.000023,MISTI
20260528,0401,2025,AREQUIPA,AREQUIPA,20250101,032608,VT,3.50,11.31,0.000063,MISTI
20260528,0401,2025,AREQUIPA,AREQUIPA,20250101,033344,VT,2.90,15.67,0.000024,MISTI
20260528,0401,2025,AREQUIPA,AREQUIPA,20250101,053008,VT,10.00,17.18,0.000013,MISTI
20260528,0401,2025,AREQUIPA,AREQUIPA,20250101,063003,VT,10.00,10.02,0.000016,MISTI
20260528,0401,2025,AREQUIPA,AREQUIPA,20250101,072902,VT,3.50,19.27,0.000031,MISTI
20260528,0401,2025,AREQUIPA,AREQUIPA,20250101,094308,VT,10.00,17.64,0.000031,MISTI
20260528,0401,2025,AREQUIPA,AREQUIPA,20250101,101959,VT,10.00,18.70,0.000022,MISTI
20260528,0401,2025,AREQUIPA,AREQUIPA,20250101,102532,VT,10.00,16.00,0.000049,MISTI
20260528,0401,2025,AREQUIPA,AREQUIPA,20250101,120318,VT,4.20,15.50,0.000014,MISTI
20260528,0401,2025,AREQUIPA,AREQUIPA,20250101,143102,VT,9.80,18.62,0.000048,MISTI
20260528,0401,2025,AREQUIPA,AREQUIPA,20250101,144155,VT,3.00,13.85,0.000018,MISTI
20260528,0401,2025,AREQUIPA,AREQUIPA,20250101,153538,VT,2.80,14.88,0.000225,MISTI
20260528,0401,2025,AREQUIPA,AREQUIPA,20250101,154104,VT,3.70,14.61,0.000020,MISTI
20260528,0401,2025,AREQUIPA,AREQUIPA,20250101,195349,VT,3.10,18.11,0.000081,MISTI
20260528,0401,2025,AREQUIPA,AREQUIPA,20250101,195759,VT,4.20,13.71,0.000026,MISTI
20260528,0401,2025,AREQUIPA,AREQUIPA,20250101,200540,VT,3.10,17.79,0.000050,MISTI
20260528,0401,2025,AREQUIPA,AREQUIPA,20250101,214532,VT,3.70,17.77,0.000054,MISTI
20260528,0401,2025,AREQUIPA,AREQUIPA,20250101,233955,VT,3.70,18.70,0.000061,MISTI
20260528,0401,2025,AREQUIPA,AREQUIPA,20250101,234908,VT,5.50,21.81,0.000606,MISTI
20260528,0401,2025,AREQUIPA,AREQUIPA,20250101,235549,VT,5.50,16.54,0.000157,MISTI
20260528,0401,2025,AREQUIPA,AREQUIPA,20250101,235926,VT,5.50,15.72,0.000178,MISTI
20260528,0401,2025,AREQUIPA,AREQUIPA,20250102,003725,VT,3.50,29.74,0.000120,MISTI
20260528,0401,2025,AREQUIPA,AREQUIPA,20250102,024614,VT,5.50,11.10,0.000040,MISTI
20260528,0401,2025,AREQUIPA,AREQUIPA,20250102,073946,VT,3.00,17.72,0.000030,MISTI
20260528,0401,2025,AREQUIPA,AREQUIPA,20250103,003723,VT,10.00,26.70,0.000039,MISTI
20260528,0401,2025,AREQUIPA,AREQUIPA,20250103,012441,VT,3.50,24.95,0.000054,MISTI
20260528,0401,2025,AREQUIPA,AREQUIPA,20250103,053248,VT,3.80,25.21,0.000028,MISTI
20260528,0401,2025,AREQUIPA,AREQUIPA,20250103,053724,VT,10.00,17.23,0.000026,MISTI
20260528,0401,2025,AREQUIPA,AREQUIPA,20250103,061446,VT,4.10,29.45,0.000191,MISTI
20260528,0401,2025,AREQUIPA,AREQUIPA,20250103,105124,VT,4.40,15.97,0.000022,MISTI
20260528,0401,2025,AREQUIPA,AREQUIPA,20250103,113210,VT,3.70,15.48,0.000019,MISTI
20260528,0401,2025,AREQUIPA,AREQUIPA,20250103,175549,VT,3.30,30.90,0.000081,MISTI
20260528,0401,2025,AREQUIPA,AREQUIPA,20250104,001411,VT,3.30,15.48,0.000016,MISTI
20260528,0401,2025,AREQUIPA,AREQUIPA,20250104,005756,VT,3.70,18.71,0.000047,MISTI
20260528,0401,2025,AREQUIPA,AREQUIPA,20250104,091804,VT,5.50,22.87,0.000038,MISTI
20260528,0401,2025,AREQUIPA,AREQUIPA,20250104,121121,VT,2.30,19.42,0.000026,MISTI
20260528,0401,2025,AREQUIPA,AREQUIPA,20250105,011745,VT,5.30,18.39,0.000030,MISTI
20260528,0401,2025,AREQUIPA,AREQUIPA,20250105,123149,VT,3.20,20.53,0.000025,MISTI
20260528,0401,2025,AREQUIPA,AREQUIPA,20250105,221050,VT,5.50,15.70,0.000017,MISTI
20260528,0401,2025,AREQUIPA,AREQUIPA,20250105,232208,VT,4.10,22.10,0.000025,MISTI
20260528,0401,2025,AREQUIPA,AREQUIPA,20250105,234920,VT,3.10,19.56,0.000045,MISTI
20260528,0401,2025,AREQUIPA,AREQUIPA,20250106,131611,VT,3.70,29.30,0.000617,MISTI
20260528,0401,2025,AREQUIPA,AREQUIPA,20250106,144408,VT,3.60,20.85,0.000043,MISTI
20260528,0401,2025,AREQUIPA,AREQUIPA,20250106,154730,VT,3.00,22.85,0.000124,MISTI
20260528,0401,2025,AREQUIPA,AREQUIPA,20250106,163451,VT,2.70,16.28,0.000033,MISTI
20260528,0401,2025,AREQUIPA,AREQUIPA,20250106,173828,VT,4.20,15.89,0.000026,MISTI
20260528,0401,2025,AREQUIPA,AREQUIPA,20250106,211422,VT,3.20,16.33,0.000022,MISTI
20260528,0401,2025,AREQUIPA,AREQUIPA,20250106,220616,VT,3.80,18.28,0.000171,MISTI
20260528,0401,2025,AREQUIPA,AREQUIPA,20250107,150717,VT,5.40,20.39,0.000757,MISTI
20260528,0401,2025,AREQUIPA,AREQUIPA,20250107,151756,VT,3.40,15.15,0.000034,MISTI
20260528,0401,2025,AREQUIPA,AREQUIPA,20250107,161321,VT,2.90,15.40,0.000148,MISTI
20260528,0401,2025,AREQUIPA,AREQUIPA,20250108,030415,VT,5.40,19.45,0.000202,MISTI
20260528,0401,2025,AREQUIPA,AREQUIPA,20250108,053455,VT,4.10,15.19,0.000011,MISTI
20260528,0401,2025,AREQUIPA,AREQUIPA,20250108,135253,VT,5.10,14.65,0.000144,MISTI
20260528,0401,2025,AREQUIPA,AREQUIPA,20250110,141943,VT,2.40,20.73,0.000101,MISTI
20260528,0401,2025,AREQUIPA,AREQUIPA,20250110,182126,VT,2.90,22.94,0.000285,MISTI
20260528,0401,2025,AREQUIPA,AREQUIPA,20250111,043240,VT,3.10,26.67,0.000023,MISTI
20260528,0401,2025,AREQUIPA,AREQUIPA,20250111,063342,VT,3.60,20.85,0.000062,MISTI
20260528,0401,2025,AREQUIPA,AREQUIPA,20250111,071513,VT,3.80,22.76,0.000030,MISTI
20260528,0401,2025,AREQUIPA,AREQUIPA,20250111,085012,VT,4.60,15.12,0.000018,MISTI
20260528,0401,2025,AREQUIPA,AREQUIPA,20250111,090958,VT,2.90,19.08,0.000027,MISTI
20260528,0401,2025,AREQUIPA,AREQUIPA,20250111,092815,VT,5.30,24.82,0.000429,MISTI
20260528,0401,2025,AREQUIPA,AREQUIPA,20250111,094141,VT,4.50,27.95,0.000305,MISTI
20260528,0401,2025,AREQUIPA,AREQUIPA,20250111,122704,VT,3.10,20.36,0.000320,MISTI
20260528,0401,2025,AREQUIPA,AREQUIPA,20250111,143509,VT,5.50,16.76,0.000045,MISTI
20260528,0401,2025,AREQUIPA,AREQUIPA,20250111,150154,VT,5.30,14.62,0.000126,MISTI
20260528,0401,2025,AREQUIPA,AREQUIPA,20250111,151107,VT,3.60,16.18,0.000029,MISTI
20260528,0401,2025,AREQUIPA,AREQUIPA,20250111,163009,VT,3.10,16.18,0.000124,MISTI
20260528,0401,2025,AREQUIPA,AREQUIPA,20250111,163453,VT,4.10,17.47,0.000053,MISTI
20260528,0401,2025,AREQUIPA,AREQUIPA,20250111,170537,VT,4.70,15.55,0.000196,MISTI
20260528,0401,2025,AREQUIPA,AREQUIPA,20250112,042116,VT,2.90,21.05,0.000017,MISTI
20260528,0401,2025,AREQUIPA,AREQUIPA,20250112,060401,VT,2.40,26.56,0.000042,MISTI
20260528,0401,2025,AREQUIPA,AREQUIPA,20250112,060950,VT,3.60,15.58,0.000017,MISTI
20260528,0401,2025,AREQUIPA,AREQUIPA,20250112,062225,VT,3.80,16.77,0.000014,MISTI
20260528,0401,2025,AREQUIPA,AREQUIPA,20250112,062826,VT,4.70,15.89,0.000016,MISTI
20260528,0401,2025,AREQUIPA,AREQUIPA,20250112,063952,VT,4.70,24.63,0.000047,MISTI
20260528,0401,2025,AREQUIPA,AREQUIPA,20250112,065048,VT,4.20,17.52,0.000020,MISTI
20260528,0401,2025,AREQUIPA,AREQUIPA,20250112,065616,VT,5.20,15.37,0.000012,MISTI
20260528,0401,2025,AREQUIPA,AREQUIPA,20250112,071735,VT,3.70,42.07,0.000836,MISTI
20260528,0401,2025,AREQUIPA,AREQUIPA,20250112,072316,VT,2.90,25.66,0.000034,MISTI
20260528,0401,2025,AREQUIPA,AREQUIPA,20250112,073611,VT,3.70,19.91,0.000150,MISTI
20260528,0401,2025,AREQUIPA,AREQUIPA,20250112,081522,VT,3.80,16.91,0.000078,MISTI
20260528,0401,2025,AREQUIPA,AREQUIPA,20250112,082652,VT,3.10,19.72,0.000196,MISTI
20260528,0401,2025,AREQUIPA,AREQUIPA,20250112,083146,VT,6.40,21.33,0.000210,MISTI
20260528,0401,2025,AREQUIPA,AREQUIPA,20250112,090625,VT,3.00,21.03,0.000029,MISTI
20260528,0401,2025,AREQUIPA,AREQUIPA,20250112,091346,VT,5.30,28.55,0.000194,MISTI
20260528,0401,2025,AREQUIPA,AREQUIPA,20250112,092424,VT,2.70,20.32,0.000074,MISTI
20260528,0401,2025,AREQUIPA,AREQUIPA,20250112,101020,VT,5.00,26.71,0.000471,MISTI
20260528,0401,2025,AREQUIPA,AREQUIPA,20250112,101319,VT,4.70,16.09,0.000264,MISTI
20260528,0401,2025,AREQUIPA,AREQUIPA,20250112,124854,VT,3.50,24.32,0.000343,MISTI
20260528,0401,2025,AREQUIPA,AREQUIPA,20250112,132044,VT,3.10,15.86,0.000123,MISTI
20260528,0401,2025,AREQUIPA,AREQUIPA,20250112,234229,VT,4.20,50.30,0.000834,MISTI
20260528,0401,2025,AREQUIPA,AREQUIPA,20250113,012256,VT,3.70,18.18,0.000211,MISTI
20260528,0401,2025,AREQUIPA,AREQUIPA,20250113,090515,VT,4.00,30.33,0.002053,MISTI
20260528,0401,2025,AREQUIPA,AREQUIPA,20250113,110652,VT,7.10,36.43,0.007907,MISTI
20260528,0401,2025,AREQUIPA,AREQUIPA,20250113,174956,VT,10.40,34.29,0.000303,MISTI
20260528,0401,2025,AREQUIPA,AREQUIPA,20250113,192022,VT,5.50,16.78,0.000235,MISTI
20260528,0401,2025,AREQUIPA,AREQUIPA,20250114,004132,VT,3.30,26.71,0.002197,MISTI
20260528,0401,2025,AREQUIPA,AREQUIPA,20250114,010033,VT,3.80,15.75,0.000036,MISTI
20260528,0401,2025,AREQUIPA,AREQUIPA,20250114,041447,VT,3.70,20.72,0.000034,MISTI
20260528,0401,2025,AREQUIPA,AREQUIPA,20250114,224723,VT,3.00,18.23,0.000035,MISTI
20260528,0401,2025,AREQUIPA,AREQUIPA,20250114,225625,VT,3.70,14.70,0.000089,MISTI
20260528,0401,2025,AREQUIPA,AREQUIPA,20250115,052935,VT,4.10,22.46,0.000206,MISTI
20260528,0401,2025,AREQUIPA,AREQUIPA,20250115,090936,VT,4.70,24.81,0.000410,MISTI
20260528,0401,2025,AREQUIPA,AREQUIPA,20250115,121209,VT,4.70,13.21,0.000025,MISTI
20260528,0401,2025,AREQUIPA,AREQUIPA,20250115,121711,VT,5.30,16.84,0.000085,MISTI
20260528,0401,2025,AREQUIPA,AREQUIPA,20250115,170603,VT,4.80,14.65,0.000062,MISTI
20260528,0401,2025,AREQUIPA,AREQUIPA,20250115,173714,VT,3.10,16.10,0.000189,MISTI
20260528,0401,2025,AREQUIPA,AREQUIPA,20250116,000657,VT,5.20,15.33,0.000017,MISTI
20260528,0401,2025,AREQUIPA,AREQUIPA,20250116,002300,VT,2.80,20.34,0.000033,MISTI
20260528,0401,2025,AREQUIPA,AREQUIPA,20250116,003238,VT,6.30,29.26,0.000154,MISTI
20260528,0401,2025,AREQUIPA,AREQUIPA,20250116,043220,VT,5.90,27.25,0.000976,MISTI
20260528,0401,2025,AREQUIPA,AREQUIPA,20250117,064933,VT,5.10,9.63,0.000020,MISTI
20260528,0401,2025,AREQUIPA,AREQUIPA,20250117,092907,VT,5.30,16.13,0.000038,MISTI
20260528,0401,2025,AREQUIPA,AREQUIPA,20250117,101208,VT,3.40,18.02,0.000062,MISTI
20260528,0401,2025,AREQUIPA,AREQUIPA,20250117,121834,VT,9.80,11.96,0.000018,MISTI
20260528,0401,2025,AREQUIPA,AREQUIPA,20250117,212820,VT,2.90,14.77,0.000131,MISTI
20260528,0401,2025,AREQUIPA,AREQUIPA,20250118,004115,VT,2.90,11.41,0.000034,MISTI
20260528,0401,2025,AREQUIPA,AREQUIPA,20250118,030921,VT,3.20,17.38,0.000199,MISTI
20260528,0401,2025,AREQUIPA,AREQUIPA,20250118,040810,VT,3.30,10.28,0.000012,MISTI
20260528,0401,2025,AREQUIPA,AREQUIPA,20250118,043631,VT,2.80,10.32,0.000012,MISTI
20260528,0401,2025,AREQUIPA,AREQUIPA,20250118,055254,VT,3.60,12.32,0.000032,MISTI
20260528,0401,2025,AREQUIPA,AREQUIPA,20250118,063136,VT,3.40,15.71,0.000111,MISTI
20260528,0401,2025,AREQUIPA,AREQUIPA,20250118,065328,VT,4.20,13.76,0.000011,MISTI
20260528,0401,2025,AREQUIPA,AREQUIPA,20250118,073605,VT,4.30,12.03,0.000016,MISTI
20260528,0401,2025,AREQUIPA,AREQUIPA,20250118,093813,VT,3.00,13.03,0.000012,MISTI
20260528,0401,2025,AREQUIPA,AREQUIPA,20250118,101831,VT,4.50,11.91,0.000012,MISTI
20260528,0401,2025,AREQUIPA,AREQUIPA,20250118,121245,VT,2.40,12.85,0.000023,MISTI
20260528,0401,2025,AREQUIPA,AREQUIPA,20250118,132629,VT,3.70,12.66,0.000336,MISTI
20260528,0401,2025,AREQUIPA,AREQUIPA,20250118,204359,VT,6.60,18.67,0.000200,MISTI
20260528,0401,2025,AREQUIPA,AREQUIPA,20250118,234930,VT,3.10,11.10,0.000015,MISTI
20260528,0401,2025,AREQUIPA,AREQUIPA,20250119,024850,VT,3.70,18.62,0.000123,MISTI
20260528,0401,2025,AREQUIPA,AREQUIPA,20250119,025146,VT,2.80,18.82,0.000132,MISTI
20260528,0401,2025,AREQUIPA,AREQUIPA,20250119,041750,VT,4.70,15.90,0.000140,MISTI
20260528,0401,2025,AREQUIPA,AREQUIPA,20250119,042458,VT,10.00,18.06,0.000119,MISTI
20260528,0401,2025,AREQUIPA,AREQUIPA,20250119,043145,VT,3.70,26.12,0.000634,MISTI
20260528,0401,2025,AREQUIPA,AREQUIPA,20250119,045415,VT,4.70,17.07,0.000297,MISTI
20260528,0401,2025,AREQUIPA,AREQUIPA,20250119,045816,VT,4.20,21.97,0.000225,MISTI
20260528,0401,2025,AREQUIPA,AREQUIPA,20250119,062429,VT,3.90,23.60,0.000308,MISTI
20260528,0401,2025,AREQUIPA,AREQUIPA,20250119,064028,VT,3.10,14.02,0.000020,MISTI
20260528,0401,2025,AREQUIPA,AREQUIPA,20250119,064829,VT,5.30,17.29,0.000069,MISTI
20260528,0401,2025,AREQUIPA,AREQUIPA,20250119,070044,VT,4.70,31.42,0.000803,MISTI
20260528,0401,2025,AREQUIPA,AREQUIPA,20250119,074332,VT,5.50,21.41,0.000524,MISTI
20260528,0401,2025,AREQUIPA,AREQUIPA,20250119,074827,LP,3.70,102.22,0.004795,MISTI
20260528,0401,2025,AREQUIPA,AREQUIPA,20250119,080900,VT,10.00,20.35,0.000359,MISTI
20260528,0401,2025,AREQUIPA,AREQUIPA,20250119,081334,VT,5.80,16.60,0.000322,MISTI
20260528,0401,2025,AREQUIPA,AREQUIPA,20250119,084313,VT,4.70,16.90,0.000189,MISTI
20260528,0401,2025,AREQUIPA,AREQUIPA,20250119,085237,VT,5.30,15.10,0.000270,MISTI
20260528,0401,2025,AREQUIPA,AREQUIPA,20250119,195042,VT,9.40,11.47,0.000465,MISTI
20260528,0401,2025,AREQUIPA,AREQUIPA,20250119,205545,VT,5.50,13.90,0.000273,MISTI
20260528,0401,2025,AREQUIPA,AREQUIPA,20250120,030018,VT,4.10,25.62,0.000260,MISTI
20260528,0401,2025,AREQUIPA,AREQUIPA,20250120,054205,VT,3.40,9.66,0.000022,MISTI
20260528,0401,2025,AREQUIPA,AREQUIPA,20250120,054838,VT,4.10,12.03,0.000021,MISTI
20260528,0401,2025,AREQUIPA,AREQUIPA,20250120,124051,VT,3.40,13.06,0.000020,MISTI
20260528,0401,2025,AREQUIPA,AREQUIPA,20250120,125548,VT,5.20,12.22,0.000019,MISTI
20260528,0401,2025,AREQUIPA,AREQUIPA,20250120,210811,VT,7.30,30.97,0.000771,MISTI
20260528,0401,2025,AREQUIPA,AREQUIPA,20250120,210812,VT,7.30,38.10,0.000841,MISTI
20260528,0401,2025,AREQUIPA,AREQUIPA,20250120,223327,VT,3.70,15.98,0.000289,MISTI
20260528,0401,2025,AREQUIPA,AREQUIPA,20250120,232148,VT,3.60,23.82,0.000065,MISTI
20260528,0401,2025,AREQUIPA,AREQUIPA,20250121,011705,VT,10.00,20.61,0.000043,MISTI
20260528,0401,2025,AREQUIPA,AREQUIPA,20250121,022646,VT,6.30,14.00,0.001168,MISTI
20260528,0401,2025,AREQUIPA,AREQUIPA,20250121,023705,VT,3.70,12.98,0.000042,MISTI
20260528,0401,2025,AREQUIPA,AREQUIPA,20250121,030122,VT,3.10,12.66,0.000029,MISTI
20260528,0401,2025,AREQUIPA,AREQUIPA,20250121,030944,VT,10.00,16.98,0.000024,MISTI
20260528,0401,2025,AREQUIPA,AREQUIPA,20250121,040640,VT,3.40,29.95,0.000068,MISTI
20260528,0401,2025,AREQUIPA,AREQUIPA,20250121,042753,VT,3.70,20.64,0.000194,MISTI
20260528,0401,2025,AREQUIPA,AREQUIPA,20250121,043808,VT,5.30,19.35,0.000043,MISTI
20260528,0401,2025,AREQUIPA,AREQUIPA,20250121,045350,VT,3.50,16.28,0.000033,MISTI
20260528,0401,2025,AREQUIPA,AREQUIPA,20250121,045723,VT,5.30,16.04,0.000027,MISTI
20260528,0401,2025,AREQUIPA,AREQUIPA,20250121,052436,VT,10.00,15.12,0.000021,MISTI
20260528,0401,2025,AREQUIPA,AREQUIPA,20250121,052956,VT,5.30,15.56,0.000031,MISTI
20260528,0401,2025,AREQUIPA,AREQUIPA,20250121,053224,VT,5.40,16.60,0.000036,MISTI
20260528,0401,2025,AREQUIPA,AREQUIPA,20250121,063707,VT,3.80,14.26,0.000016,MISTI
20260528,0401,2025,AREQUIPA,AREQUIPA,20250121,084214,VT,10.00,16.65,0.000020,MISTI
20260528,0401,2025,AREQUIPA,AREQUIPA,20250121,093256,VT,4.70,21.53,0.000148,MISTI
20260528,0401,2025,AREQUIPA,AREQUIPA,20250121,121546,VT,2.90,14.66,0.000019,MISTI
20260528,0401,2025,AREQUIPA,AREQUIPA,20250121,142244,VT,5.50,17.67,0.000434,MISTI
20260528,0401,2025,AREQUIPA,AREQUIPA,20250121,144924,VT,2.70,12.76,0.000038,MISTI
20260528,0401,2025,AREQUIPA,AREQUIPA,20250122,052219,VT,5.40,13.24,0.000018,MISTI
20260528,0401,2025,AREQUIPA,AREQUIPA,20250122,053001,VT,10.00,13.64,0.000013,MISTI
20260528,0401,2025,AREQUIPA,AREQUIPA,20250122,082901,VT,3.60,11.60,0.000021,MISTI
20260528,0401,2025,AREQUIPA,AREQUIPA,20250122,095145,VT,11.70,15.08,0.000050,MISTI
20260528,0401,2025,AREQUIPA,AREQUIPA,20250122,103531,VT,3.00,16.47,0.000061,MISTI
20260528,0401,2025,AREQUIPA,AREQUIPA,20250122,104450,VT,8.80,15.27,0.000067,MISTI
20260528,0401,2025,AREQUIPA,AREQUIPA,20250122,122805,VT,3.60,13.14,0.000123,MISTI
20260528,0401,2025,AREQUIPA,AREQUIPA,20250122,131624,VT,7.30,13.63,0.000387,MISTI
20260528,0401,2025,AREQUIPA,AREQUIPA,20250122,133028,VT,3.10,11.86,0.000176,MISTI
20260528,0401,2025,AREQUIPA,AREQUIPA,20250122,153710,VT,5.50,10.42,0.000029,MISTI
20260528,0401,2025,AREQUIPA,AREQUIPA,20250122,162242,VT,5.30,12.79,0.000135,MISTI
20260528,0401,2025,AREQUIPA,AREQUIPA,20250123,110419,VT,4.70,21.52,0.000384,MISTI
20260528,0401,2025,AREQUIPA,AREQUIPA,20250123,113227,VT,3.00,28.05,0.001168,MISTI
20260528,0401,2025,AREQUIPA,AREQUIPA,20250123,114551,VT,3.70,19.78,0.000308,MISTI
20260528,0401,2025,AREQUIPA,AREQUIPA,20250123,134030,VT,5.40,16.41,0.000137,MISTI
20260528,0401,2025,AREQUIPA,AREQUIPA,20250123,135236,VT,5.30,26.78,0.000495,MISTI
20260528,0401,2025,AREQUIPA,AREQUIPA,20250123,141201,VT,3.00,35.00,0.001547,MISTI
20260528,0401,2025,AREQUIPA,AREQUIPA,20250123,145412,VT,4.70,15.41,0.000241,MISTI
20260528,0401,2025,AREQUIPA,AREQUIPA,20250123,150410,VT,4.40,15.57,0.000167,MISTI
20260528,0401,2025,AREQUIPA,AREQUIPA,20250123,151012,VT,5.20,19.03,0.000063,MISTI
20260528,0401,2025,AREQUIPA,AREQUIPA,20250123,153721,VT,5.30,14.86,0.000104,MISTI
20260528,0401,2025,AREQUIPA,AREQUIPA,20250123,153738,VT,2.60,18.93,0.000256,MISTI
20260528,0401,2025,AREQUIPA,AREQUIPA,20250123,171853,VT,4.50,24.90,0.000284,MISTI
20260528,0401,2025,AREQUIPA,AREQUIPA,20250124,093212,VT,3.20,15.46,0.000021,MISTI
20260528,0401,2025,AREQUIPA,AREQUIPA,20250124,102733,VT,3.00,12.74,0.000011,MISTI
20260528,0401,2025,AREQUIPA,AREQUIPA,20250124,104502,VT,2.80,10.95,0.000015,MISTI
20260528,0401,2025,AREQUIPA,AREQUIPA,20250124,111040,VT,3.30,15.02,0.000018,MISTI
20260528,0401,2025,AREQUIPA,AREQUIPA,20250124,111850,VT,5.40,9.86,0.000066,MISTI
20260528,0401,2025,AREQUIPA,AREQUIPA,20250124,120609,VT,5.30,17.46,0.000411,MISTI
20260528,0401,2025,AREQUIPA,AREQUIPA,20250124,153928,VT,5.20,10.86,0.000232,MISTI
20260528,0401,2025,AREQUIPA,AREQUIPA,20250124,155839,VT,3.10,11.67,0.000133,MISTI
20260528,0401,2025,AREQUIPA,AREQUIPA,20250124,171424,VT,3.70,17.11,0.000362,MISTI
20260528,0401,2025,AREQUIPA,AREQUIPA,20250124,231505,VT,2.80,15.11,0.000024,MISTI
20260528,0401,2025,AREQUIPA,AREQUIPA,20250125,125610,VT,2.50,21.42,0.000077,MISTI
20260528,0401,2025,AREQUIPA,AREQUIPA,20250125,140550,VT,3.60,14.51,0.000052,MISTI
20260528,0401,2025,AREQUIPA,AREQUIPA,20250125,175713,VT,4.90,25.80,0.000662,MISTI
20260528,0401,2025,AREQUIPA,AREQUIPA,20250126,011042,VT,2.80,19.06,0.000080,MISTI
20260528,0401,2025,AREQUIPA,AREQUIPA,20250126,051855,VT,3.10,13.98,0.000037,MISTI
20260528,0401,2025,AREQUIPA,AREQUIPA,20250126,070518,VT,5.30,18.14,0.000036,MISTI
20260528,0401,2025,AREQUIPA,AREQUIPA,20250126,074453,VT,5.50,12.08,0.000022,MISTI
20260528,0401,2025,AREQUIPA,AREQUIPA,20250126,100813,VT,3.50,19.07,0.000079,MISTI
20260528,0401,2025,AREQUIPA,AREQUIPA,20250126,145759,VT,3.60,18.37,0.000031,MISTI
20260528,0401,2025,AREQUIPA,AREQUIPA,20250126,153149,VT,2.90,16.09,0.000078,MISTI
20260528,0401,2025,AREQUIPA,AREQUIPA,20250126,182423,VT,6.00,19.12,0.001965,MISTI
20260528,0401,2025,AREQUIPA,AREQUIPA,20250127,031520,VT,5.20,14.21,0.000022,MISTI
20260528,0401,2025,AREQUIPA,AREQUIPA,20250127,033224,VT,8.50,22.26,0.000028,MISTI
20260528,0401,2025,AREQUIPA,AREQUIPA,20250127,034641,VT,3.10,13.33,0.000023,MISTI
20260528,0401,2025,AREQUIPA,AREQUIPA,20250127,040602,VT,3.70,25.90,0.001102,MISTI
20260528,0401,2025,AREQUIPA,AREQUIPA,20250127,040746,VT,3.60,19.04,0.000037,MISTI
20260528,0401,2025,AREQUIPA,AREQUIPA,20250127,041756,VT,6.80,16.69,0.000035,MISTI
20260528,0401,2025,AREQUIPA,AREQUIPA,20250127,042110,VT,4.40,20.73,0.000474,MISTI
20260528,0401,2025,AREQUIPA,AREQUIPA,20250127,043940,VT,2.70,12.46,0.000027,MISTI
20260528,0401,2025,AREQUIPA,AREQUIPA,20250127,053757,VT,2.90,15.72,0.000027,MISTI
20260528,0401,2025,AREQUIPA,AREQUIPA,20250127,054013,VT,5.40,18.84,0.000045,MISTI
20260528,0401,2025,AREQUIPA,AREQUIPA,20250127,071128,VT,3.00,19.38,0.000046,MISTI
20260528,0401,2025,AREQUIPA,AREQUIPA,20250127,073009,VT,4.20,19.94,0.000037,MISTI
20260528,0401,2025,AREQUIPA,AREQUIPA,20250127,074202,VT,4.70,18.93,0.000025,MISTI
20260528,0401,2025,AREQUIPA,AREQUIPA,20250127,074625,VT,4.70,10.12,0.000011,MISTI
20260528,0401,2025,AREQUIPA,AREQUIPA,20250127,084855,VT,3.90,20.45,0.000474,MISTI
20260528,0401,2025,AREQUIPA,AREQUIPA,20250127,091419,VT,11.30,17.36,0.000062,MISTI
20260528,0401,2025,AREQUIPA,AREQUIPA,20250127,095237,VT,3.60,14.78,0.000026,MISTI
20260528,0401,2025,AREQUIPA,AREQUIPA,20250127,100729,VT,5.30,16.05,0.000046,MISTI
20260528,0401,2025,AREQUIPA,AREQUIPA,20250127,101625,VT,3.70,19.93,0.000084,MISTI
20260528,0401,2025,AREQUIPA,AREQUIPA,20250127,114148,VT,7.30,15.97,0.000078,MISTI
20260528,0401,2025,AREQUIPA,AREQUIPA,20250127,154908,LH,2.70,587.70,0.001784,MISTI
20260528,0401,2025,AREQUIPA,AREQUIPA,20250127,160522,LH,3.20,2985.67,0.128543,MISTI
20260528,0401,2025,AREQUIPA,AREQUIPA,20250127,170058,LH,3.20,1983.73,0.120528,MISTI
20260528,0401,2025,AREQUIPA,AREQUIPA,20250128,044350,VT,3.50,15.32,0.000025,MISTI
20260528,0401,2025,AREQUIPA,AREQUIPA,20250128,063823,VT,3.00,14.51,0.000015,MISTI
20260528,0401,2025,AREQUIPA,AREQUIPA,20250128,074818,VT,3.40,20.92,0.000050,MISTI
20260528,0401,2025,AREQUIPA,AREQUIPA,20250128,144819,VT,3.10,12.27,0.000026,MISTI
20260528,0401,2025,AREQUIPA,AREQUIPA,20250128,172730,VT,3.90,22.82,0.000862,MISTI
20260528,0401,2025,AREQUIPA,AREQUIPA,20250128,174154,VT,5.00,23.28,0.001214,MISTI
20260528,0401,2025,AREQUIPA,AREQUIPA,20250129,041150,VT,3.70,18.58,0.000110,MISTI
20260528,0401,2025,AREQUIPA,AREQUIPA,20250129,053323,VT,3.70,19.83,0.000019,MISTI
20260528,0401,2025,AREQUIPA,AREQUIPA,20250129,075633,VT,3.20,19.56,0.000589,MISTI
20260528,0401,2025,AREQUIPA,AREQUIPA,20250129,124602,VT,2.90,13.38,0.000017,MISTI
20260528,0401,2025,AREQUIPA,AREQUIPA,20250129,130740,VT,6.90,18.62,0.000148,MISTI
20260528,0401,2025,AREQUIPA,AREQUIPA,20250129,134142,VT,3.00,19.08,0.000075,MISTI
20260528,0401,2025,AREQUIPA,AREQUIPA,20250129,175407,TO,8.20,31.32,0.000158,MISTI
20260528,0401,2025,AREQUIPA,AREQUIPA,20250130,005526,VT,3.50,25.51,0.000436,MISTI
20260528,0401,2025,AREQUIPA,AREQUIPA,20250130,011637,VT,3.20,26.92,0.000985,MISTI
20260528,0401,2025,AREQUIPA,AREQUIPA,20250130,014551,VT,3.70,25.33,0.000478,MISTI
20260528,0401,2025,AREQUIPA,AREQUIPA,20250130,022027,VT,5.20,17.20,0.000283,MISTI
20260528,0401,2025,AREQUIPA,AREQUIPA,20250130,024635,VT,2.90,18.70,0.000045,MISTI
20260528,0401,2025,AREQUIPA,AREQUIPA,20250130,025437,VT,3.70,18.71,0.000052,MISTI
20260528,0401,2025,AREQUIPA,AREQUIPA,20250130,033412,VT,3.70,20.62,0.000312,MISTI
20260528,0401,2025,AREQUIPA,AREQUIPA,20250130,034536,VT,3.90,18.80,0.000033,MISTI
20260528,0401,2025,AREQUIPA,AREQUIPA,20250130,035904,VT,3.80,17.47,0.000039,MISTI
20260528,0401,2025,AREQUIPA,AREQUIPA,20250130,051605,VT,5.20,15.79,0.000241,MISTI
20260528,0401,2025,AREQUIPA,AREQUIPA,20250130,064120,VT,5.30,20.35,0.000426,MISTI
20260528,0401,2025,AREQUIPA,AREQUIPA,20250130,084223,VT,3.30,23.53,0.000537,MISTI
20260528,0401,2025,AREQUIPA,AREQUIPA,20250130,170935,VT,2.70,14.69,0.000030,MISTI
20260528,0401,2025,AREQUIPA,AREQUIPA,20250131,001228,VT,3.70,18.31,0.000023,MISTI
20260528,0401,2025,AREQUIPA,AREQUIPA,20250131,031520,VT,5.30,13.96,0.000021,MISTI
20260528,0401,2025,AREQUIPA,AREQUIPA,20250131,032854,VT,3.10,11.66,0.000012,MISTI
20260528,0401,2025,AREQUIPA,AREQUIPA,20250131,061449,VT,3.10,17.57,0.000025,MISTI
20260528,0401,2025,AREQUIPA,AREQUIPA,20250131,063621,VT,8.70,21.11,0.000029,MISTI
20260528,0401,2025,AREQUIPA,AREQUIPA,20250131,071123,VT,5.40,13.38,0.000019,MISTI
20260528,0401,2025,AREQUIPA,AREQUIPA,20250131,072234,VT,3.20,20.49,0.000030,MISTI
20260528,0401,2025,AREQUIPA,AREQUIPA,20250131,074026,VT,4.70,22.19,0.000035,MISTI
20260528,0401,2025,AREQUIPA,AREQUIPA,20250131,075133,VT,4.80,16.70,0.000042,MISTI
20260528,0401,2025,AREQUIPA,AREQUIPA,20250131,120030,VT,3.80,26.21,0.000804,MISTI
20260528,0401,2025,AREQUIPA,AREQUIPA,20250131,131137,VT,3.10,19.76,0.000029,MISTI
20260528,0401,2025,AREQUIPA,AREQUIPA,20250131,140718,VT,2.90,16.99,0.000055,MISTI
20260528,0401,2025,AREQUIPA,AREQUIPA,20250131,141213,VT,6.30,18.53,0.000167,MISTI
20260528,0401,2025,AREQUIPA,AREQUIPA,20250131,143847,VT,2.60,18.10,0.000034,MISTI
20260528,0401,2025,AREQUIPA,AREQUIPA,20250131,154411,VT,2.90,25.37,0.000187,MISTI
20260528,0401,2025,AREQUIPA,AREQUIPA,20250131,194604,VT,5.00,20.53,0.000611,MISTI
20260528,0401,2025,AREQUIPA,AREQUIPA,20250131,205404,VT,3.10,14.56,0.000061,MISTI
20260528,0401,2025,AREQUIPA,AREQUIPA,20250131,214444,VT,3.00,15.12,0.000072,MISTI
20260528,0401,2025,AREQUIPA,AREQUIPA,20250131,223145,VT,6.70,17.34,0.000074,MISTI
20260528,0401,2025,AREQUIPA,AREQUIPA,20250201,072234,VT,8.90,17.09,0.000422,MISTI
20260528,0401,2025,AREQUIPA,AREQUIPA,20250202,152046,VT,6.20,11.69,0.000151,MISTI
20260528,0401,2025,AREQUIPA,AREQUIPA,20250202,171654,TO,12.20,39.39,0.000179,MISTI
20260528,0401,2025,AREQUIPA,AREQUIPA,20250203,002747,VT,3.10,18.47,0.000098,MISTI
20260528,0401,2025,AREQUIPA,AREQUIPA,20250203,005032,VT,3.70,20.77,0.000812,MISTI
20260528,0401,2025,AREQUIPA,AREQUIPA,20250203,005844,VT,3.80,26.11,0.001748,MISTI
20260528,0401,2025,AREQUIPA,AREQUIPA,20250203,013936,VT,5.90,26.28,0.012565,MISTI
20260528,0401,2025,AREQUIPA,AREQUIPA,20250203,022312,VT,3.00,32.49,0.000473,MISTI
20260528,0401,2025,AREQUIPA,AREQUIPA,20250203,174624,VT,6.70,17.24,0.000328,MISTI
20260528,0401,2025,AREQUIPA,AREQUIPA,20250204,033352,VT,5.50,20.35,0.000558,MISTI
20260528,0401,2025,AREQUIPA,AREQUIPA,20250204,113630,VT,5.10,26.29,0.002026,MISTI
20260528,0401,2025,AREQUIPA,AREQUIPA,20250206,003202,VT,3.20,41.46,0.450331,MISTI
20260528,0401,2025,AREQUIPA,AREQUIPA,20250206,013254,VT,3.10,12.68,0.000026,MISTI
20260528,0401,2025,AREQUIPA,AREQUIPA,20250206,020735,VT,3.20,17.62,0.000028,MISTI
20260528,0401,2025,AREQUIPA,AREQUIPA,20250206,050712,VT,4.00,8.53,0.000007,MISTI
20260528,0401,2025,AREQUIPA,AREQUIPA,20250206,104156,VT,6.50,16.26,0.000095,MISTI
20260528,0401,2025,AREQUIPA,AREQUIPA,20250206,105635,VT,3.20,21.46,0.000351,MISTI
20260528,0401,2025,AREQUIPA,AREQUIPA,20250206,113358,VT,5.50,17.32,0.000048,MISTI
20260528,0401,2025,AREQUIPA,AREQUIPA,20250206,130921,TO,6.30,46.29,0.001309,MISTI
20260528,0401,2025,AREQUIPA,AREQUIPA,20250207,020335,VT,4.50,20.95,0.000038,MISTI
20260528,0401,2025,AREQUIPA,AREQUIPA,20250207,060222,VT,0.20,20.51,0.000416,MISTI
20260528,0401,2025,AREQUIPA,AREQUIPA,20250207,070650,VT,0.30,9.68,0.000180,MISTI
20260528,0401,2025,AREQUIPA,AREQUIPA,20250207,072039,VT,0.20,10.74,0.000245,MISTI
20260528,0401,2025,AREQUIPA,AREQUIPA,20250207,213841,LH,3.20,1185.92,0.345667,MISTI
20260528,0401,2025,AREQUIPA,AREQUIPA,20250207,220126,LH,0.00,3043.26,0.775729,MISTI
20260528,0401,2025,AREQUIPA,AREQUIPA,20250208,003607,VT,5.30,19.23,0.000665,MISTI
20260528,0401,2025,AREQUIPA,AREQUIPA,20250208,031031,VT,3.40,12.21,0.000014,MISTI
20260528,0401,2025,AREQUIPA,AREQUIPA,20250208,122113,VT,4.80,21.91,0.000198,MISTI
20260528,0401,2025,AREQUIPA,AREQUIPA,20250208,141545,VT,3.80,26.64,0.000833,MISTI
20260528,0401,2025,AREQUIPA,AREQUIPA,20250208,145427,VT,4.20,18.23,0.000418,MISTI
20260528,0401,2025,AREQUIPA,AREQUIPA,20250208,154618,VT,4.80,13.83,0.000229,MISTI
20260528,0401,2025,AREQUIPA,AREQUIPA,20250208,155252,VT,5.10,9.06,0.000111,MISTI
20260528,0401,2025,AREQUIPA,AREQUIPA,20250208,163720,VT,4.70,11.88,0.000105,MISTI
20260528,0401,2025,AREQUIPA,AREQUIPA,20250208,171113,VT,6.70,15.03,0.000278,MISTI
20260528,0401,2025,AREQUIPA,AREQUIPA,20250209,052003,VT,4.10,20.99,0.000042,MISTI
20260528,0401,2025,AREQUIPA,AREQUIPA,20250209,054126,VT,5.50,17.84,0.000461,MISTI
20260528,0401,2025,AREQUIPA,AREQUIPA,20250209,074434,VT,6.30,16.31,0.000060,MISTI
20260528,0401,2025,AREQUIPA,AREQUIPA,20250209,143646,TO,5.80,103.19,0.003073,MISTI
20260528,0401,2025,AREQUIPA,AREQUIPA,20250210,012520,VT,2.90,20.54,0.000049,MISTI
20260528,0401,2025,AREQUIPA,AREQUIPA,20250210,024543,VT,0.20,5.48,0.000059,MISTI
20260528,0401,2025,AREQUIPA,AREQUIPA,20250210,182048,VT,2.90,12.29,0.000195,MISTI
20260528,0401,2025,AREQUIPA,AREQUIPA,20250211,081819,VT,3.40,18.61,0.000028,MISTI
20260528,0401,2025,AREQUIPA,AREQUIPA,20250211,101821,VT,6.30,12.19,0.000081,MISTI
20260528,0401,2025,AREQUIPA,AREQUIPA,20250211,141138,VT,3.40,3.85,0.000004,MISTI
20260528,0401,2025,AREQUIPA,AREQUIPA,20250212,123933,VT,3.60,18.97,0.000211,MISTI
20260528,0401,2025,AREQUIPA,AREQUIPA,20250212,130054,VT,3.40,16.33,0.000109,MISTI
20260528,0401,2025,AREQUIPA,AREQUIPA,20250212,174037,LH,3.20,1149.85,0.077266,MISTI
20260528,0401,2025,AREQUIPA,AREQUIPA,20250212,180018,LH,2.90,1721.07,0.083178,MISTI
20260528,0401,2025,AREQUIPA,AREQUIPA,20250212,222643,VT,3.70,19.83,0.000151,MISTI
20260528,0401,2025,AREQUIPA,AREQUIPA,20250212,223056,VT,2.70,18.60,0.000245,MISTI
20260528,0401,2025,AREQUIPA,AREQUIPA,20250212,232740,VT,4.20,24.77,0.000050,MISTI
20260528,0401,2025,AREQUIPA,AREQUIPA,20250213,001902,VT,3.50,19.43,0.000080,MISTI
20260528,0401,2025,AREQUIPA,AREQUIPA,20250213,012013,VT,3.40,13.95,0.000039,MISTI
20260528,0401,2025,AREQUIPA,AREQUIPA,20250213,041004,VT,5.30,14.47,0.000018,MISTI
20260528,0401,2025,AREQUIPA,AREQUIPA,20250213,041544,VT,2.90,18.45,0.000087,MISTI
20260528,0401,2025,AREQUIPA,AREQUIPA,20250213,043759,VT,3.60,15.12,0.000021,MISTI
20260528,0401,2025,AREQUIPA,AREQUIPA,20250213,044423,VT,4.20,20.56,0.000028,MISTI
20260528,0401,2025,AREQUIPA,AREQUIPA,20250213,051458,VT,2.80,22.64,0.000033,MISTI
20260528,0401,2025,AREQUIPA,AREQUIPA,20250213,052102,TO,11.90,52.28,0.001348,MISTI
20260528,0401,2025,AREQUIPA,AREQUIPA,20250213,164816,VT,2.40,20.81,0.000316,MISTI
20260528,0401,2025,AREQUIPA,AREQUIPA,20250213,173136,VT,2.70,22.78,0.000202,MISTI
20260528,0401,2025,AREQUIPA,AREQUIPA,20250213,222151,VT,3.90,19.46,0.000043,MISTI
20260528,0401,2025,AREQUIPA,AREQUIPA,20250214,072433,VT,3.10,30.16,0.000196,MISTI
20260528,0401,2025,AREQUIPA,AREQUIPA,20250214,130555,VT,4.70,29.42,0.000072,MISTI
20260528,0401,2025,AREQUIPA,AREQUIPA,20250214,134703,VT,3.70,21.25,0.000064,MISTI
20260528,0401,2025,AREQUIPA,AREQUIPA,20250214,142818,VT,3.70,28.97,0.001457,MISTI
20260528,0401,2025,AREQUIPA,AREQUIPA,20250214,151103,VT,3.30,25.11,0.000529,MISTI
20260528,0401,2025,AREQUIPA,AREQUIPA,20250214,163157,VT,5.20,15.53,0.000208,MISTI
20260528,0401,2025,AREQUIPA,AREQUIPA,20250214,165320,VT,3.50,16.95,0.000096,MISTI
20260528,0401,2025,AREQUIPA,AREQUIPA,20250214,193149,VT,4.10,23.93,0.000860,MISTI
20260528,0401,2025,AREQUIPA,AREQUIPA,20250215,094254,VT,3.20,13.61,0.000087,MISTI
20260528,0401,2025,AREQUIPA,AREQUIPA,20250215,113151,TO,7.00,60.63,0.001320,MISTI
20260528,0401,2025,AREQUIPA,AREQUIPA,20250215,203815,VT,8.50,18.50,0.000217,MISTI
20260528,0401,2025,AREQUIPA,AREQUIPA,20250215,213321,LH,0.00,1486.04,0.043640,MISTI
20260528,0401,2025,AREQUIPA,AREQUIPA,20250215,220119,LH,0.00,1472.23,0.062431,MISTI
20260528,0401,2025,AREQUIPA,AREQUIPA,20250215,231936,LP,3.20,746.19,0.001504,MISTI
20260528,0401,2025,AREQUIPA,AREQUIPA,20250216,003410,VT,3.90,14.15,0.000041,MISTI
20260528,0401,2025,AREQUIPA,AREQUIPA,20250216,004952,VT,5.20,16.61,0.000038,MISTI
20260528,0401,2025,AREQUIPA,AREQUIPA,20250216,061458,VT,9.30,14.88,0.000079,MISTI
20260528,0401,2025,AREQUIPA,AREQUIPA,20250216,133123,VT,5.20,15.88,0.000391,MISTI
20260528,0401,2025,AREQUIPA,AREQUIPA,20250216,220819,VT,2.90,11.52,0.000240,MISTI
20260528,0401,2025,AREQUIPA,AREQUIPA,20250217,002103,VT,3.10,15.34,0.000903,MISTI
20260528,0401,2025,AREQUIPA,AREQUIPA,20250217,004443,VT,3.70,15.70,0.000193,MISTI
20260528,0401,2025,AREQUIPA,AREQUIPA,20250217,070648,VT,5.20,13.32,0.000170,MISTI
20260528,0401,2025,AREQUIPA,AREQUIPA,20250217,081915,VT,3.00,11.92,0.000188,MISTI
20260528,0401,2025,AREQUIPA,AREQUIPA,20250217,103846,VT,2.80,20.65,0.000474,MISTI
20260528,0401,2025,AREQUIPA,AREQUIPA,20250218,010629,VT,4.20,18.79,0.000065,MISTI
20260528,0401,2025,AREQUIPA,AREQUIPA,20250218,012915,VT,5.30,20.32,0.000048,MISTI
20260528,0401,2025,AREQUIPA,AREQUIPA,20250218,014551,VT,6.30,20.90,0.000383,MISTI
20260528,0401,2025,AREQUIPA,AREQUIPA,20250218,024846,VT,6.10,17.57,0.000035,MISTI
20260528,0401,2025,AREQUIPA,AREQUIPA,20250218,033934,VT,3.70,18.94,0.000083,MISTI
20260528,0401,2025,AREQUIPA,AREQUIPA,20250218,034546,VT,2.60,16.19,0.000029,MISTI
20260528,0401,2025,AREQUIPA,AREQUIPA,20250218,044030,VT,9.80,15.77,0.000026,MISTI
20260528,0401,2025,AREQUIPA,AREQUIPA,20250218,063908,VT,4.20,31.55,0.000741,MISTI
20260528,0401,2025,AREQUIPA,AREQUIPA,20250218,075631,VT,3.20,21.19,0.000051,MISTI
20260528,0401,2025,AREQUIPA,AREQUIPA,20250218,092403,VT,9.80,21.19,0.000401,MISTI
20260528,0401,2025,AREQUIPA,AREQUIPA,20250218,110647,VT,3.40,19.77,0.000390,MISTI
20260528,0401,2025,AREQUIPA,AREQUIPA,20250218,110828,VT,3.90,7.38,0.000028,MISTI
20260528,0401,2025,AREQUIPA,AREQUIPA,20250219,160656,LP,2.10,573.42,0.045817,MISTI
20260528,0401,2025,AREQUIPA,AREQUIPA,20250223,183121,VT,2.90,16.18,0.002026,MISTI
20260528,0401,2025,AREQUIPA,AREQUIPA,20250301,000422,VT,3.20,22.08,0.000585,MISTI
20260528,0401,2025,AREQUIPA,AREQUIPA,20250301,003949,VT,3.30,21.82,0.001088,MISTI
20260528,0401,2025,AREQUIPA,AREQUIPA,20250301,003950,VT,3.30,27.28,0.001156,MISTI
20260528,0401,2025,AREQUIPA,AREQUIPA,20250301,223000,VT,3.90,17.76,0.000040,MISTI
20260528,0401,2025,AREQUIPA,AREQUIPA,20250301,223001,VT,3.10,20.78,0.000044,MISTI
20260528,0401,2025,AREQUIPA,AREQUIPA,20250301,224523,VT,5.40,16.70,0.000445,MISTI
20260528,0401,2025,AREQUIPA,AREQUIPA,20250301,224524,VT,5.40,30.98,0.000463,MISTI
20260528,0401,2025,AREQUIPA,AREQUIPA,20250301,230859,VT,5.30,21.86,0.000116,MISTI
20260528,0401,2025,AREQUIPA,AREQUIPA,20250301,230900,VT,3.50,32.01,0.000127,MISTI
20260528,0401,2025,AREQUIPA,AREQUIPA,20250302,002914,VT,2.80,15.59,0.000025,MISTI
20260528,0401,2025,AREQUIPA,AREQUIPA,20250302,002915,VT,2.80,16.88,0.000026,MISTI
20260528,0401,2025,AREQUIPA,AREQUIPA,20250302,155241,VT,4.10,23.05,0.000415,MISTI
20260528,0401,2025,AREQUIPA,AREQUIPA,20250302,155243,VT,4.10,38.38,0.000495,MISTI
20260528,0401,2025,AREQUIPA,AREQUIPA,20250302,183213,VT,8.50,25.81,0.000657,MISTI
20260528,0401,2025,AREQUIPA,AREQUIPA,20250302,183215,VT,3.70,33.20,0.000707,MISTI
20260528,0401,2025,AREQUIPA,AREQUIPA,20250303,042154,VT,2.40,20.23,0.000099,MISTI
20260528,0401,2025,AREQUIPA,AREQUIPA,20250303,042715,VT,3.20,27.79,0.000117,MISTI
20260528,0401,2025,AREQUIPA,AREQUIPA,20250303,063235,VT,3.90,38.87,0.001504,MISTI
20260528,0401,2025,AREQUIPA,AREQUIPA,20250303,070150,VT,4.70,28.15,0.000572,MISTI
20260528,0401,2025,AREQUIPA,AREQUIPA,20250303,080310,VT,3.20,38.12,0.000380,MISTI
20260528,0401,2025,AREQUIPA,AREQUIPA,20250303,101430,VT,3.00,20.99,0.000165,MISTI
20260528,0401,2025,AREQUIPA,AREQUIPA,20250303,102841,VT,3.40,22.41,0.000049,MISTI
20260528,0401,2025,AREQUIPA,AREQUIPA,20250303,112236,VT,9.80,16.66,0.000142,MISTI
20260528,0401,2025,AREQUIPA,AREQUIPA,20250304,085140,VT,3.80,26.47,0.000136,MISTI
20260528,0401,2025,AREQUIPA,AREQUIPA,20250304,110946,VT,2.70,16.18,0.000102,MISTI
20260528,0401,2025,AREQUIPA,AREQUIPA,20250304,171208,VT,2.70,21.80,0.000064,MISTI
20260528,0401,2025,AREQUIPA,AREQUIPA,20250304,174059,VT,2.40,16.84,0.000049,MISTI
20260528,0401,2025,AREQUIPA,AREQUIPA,20250305,015445,VT,3.20,22.37,0.000042,MISTI
20260528,0401,2025,AREQUIPA,AREQUIPA,20250305,040010,VT,7.60,20.04,0.000060,MISTI
20260528,0401,2025,AREQUIPA,AREQUIPA,20250401,091101,VT,3.20,18.67,0.000240,MISTI
20260528,0401,2025,AREQUIPA,AREQUIPA,20250401,235913,VT,3.20,17.87,0.000492,MISTI
20260528,0401,2025,AREQUIPA,AREQUIPA,20250404,000841,VT,2.90,20.17,0.000575,MISTI
20260528,0401,2025,AREQUIPA,AREQUIPA,20250404,012123,VT,3.90,23.41,0.001016,MISTI
20260528,0401,2025,AREQUIPA,AREQUIPA,20250409,080323,VT,3.80,54.88,0.020725,MISTI
20260528,0401,2025,AREQUIPA,AREQUIPA,20250409,081744,VT,2.80,16.20,0.001782,MISTI
20260528,0401,2025,AREQUIPA,AREQUIPA,20250410,203026,VT,4.10,21.00,0.003329,MISTI
20260528,0401,2025,AREQUIPA,AREQUIPA,20250411,134317,VT,3.40,18.32,0.000285,MISTI
20260528,0401,2025,AREQUIPA,AREQUIPA,20250411,182049,VT,3.70,27.84,0.005996,MISTI
20260528,0401,2025,AREQUIPA,AREQUIPA,20250412,063131,VT,3.50,21.17,0.000113,MISTI
20260528,0401,2025,AREQUIPA,AREQUIPA,20250412,150000,VT,3.20,21.90,0.000837,MISTI
20260528,0401,2025,AREQUIPA,AREQUIPA,20250412,151948,VT,3.20,18.98,0.000693,MISTI
20260528,0401,2025,AREQUIPA,AREQUIPA,20250412,210805,VT,5.90,22.04,0.007810,MISTI
20260528,0401,2025,AREQUIPA,AREQUIPA,20250413,003618,VT,6.20,20.35,0.000255,MISTI
20260528,0401,2025,AREQUIPA,AREQUIPA,20250415,021258,VT,5.00,20.75,0.001138,MISTI
20260528,0401,2025,AREQUIPA,AREQUIPA,20250416,021402,VT,5.20,22.86,0.000097,MISTI
20260528,0401,2025,AREQUIPA,AREQUIPA,20250416,144515,VT,2.90,22.03,0.000094,MISTI
20260528,0401,2025,AREQUIPA,AREQUIPA,20250417,175859,VT,5.20,12.18,0.000142,MISTI
20260528,0401,2025,AREQUIPA,AREQUIPA,20250417,192938,VT,5.20,17.41,0.000044,MISTI
20260528,0401,2025,AREQUIPA,AREQUIPA,20250417,232019,VT,4.70,19.86,0.000285,MISTI
20260528,0401,2025,AREQUIPA,AREQUIPA,20250417,232826,VT,5.20,21.18,0.000047,MISTI
20260528,0401,2025,AREQUIPA,AREQUIPA,20250417,235836,VT,3.40,23.78,0.000266,MISTI
20260528,0401,2025,AREQUIPA,AREQUIPA,20250418,014407,TO,12.00,63.54,0.000203,MISTI
20260528,0401,2025,AREQUIPA,AREQUIPA,20250418,034508,VT,4.40,19.81,0.000067,MISTI
20260528,0401,2025,AREQUIPA,AREQUIPA,20250418,045712,VT,6.20,15.40,0.000211,MISTI
20260528,0401,2025,AREQUIPA,AREQUIPA,20250418,082054,VT,5.70,27.15,0.000136,MISTI
20260528,0401,2025,AREQUIPA,AREQUIPA,20250418,131213,VT,4.80,19.80,0.000211,MISTI
20260528,0401,2025,AREQUIPA,AREQUIPA,20250418,152822,VT,4.10,28.23,0.000467,MISTI
20260528,0401,2025,AREQUIPA,AREQUIPA,20250418,174114,VT,4.00,15.04,0.000179,MISTI
20260528,0401,2025,AREQUIPA,AREQUIPA,20250418,182528,VT,5.50,15.77,0.000236,MISTI
20260528,0401,2025,AREQUIPA,AREQUIPA,20250418,200702,VT,3.30,21.33,0.000265,MISTI
20260528,0401,2025,AREQUIPA,AREQUIPA,20250418,203716,VT,3.80,20.07,0.000234,MISTI
20260528,0401,2025,AREQUIPA,AREQUIPA,20250418,213057,VT,3.40,14.41,0.000033,MISTI
20260528,0401,2025,AREQUIPA,AREQUIPA,20250419,012050,VT,3.50,18.15,0.000023,MISTI
20260528,0401,2025,AREQUIPA,AREQUIPA,20250419,213553,VT,3.10,25.61,0.000295,MISTI
20260528,0401,2025,AREQUIPA,AREQUIPA,20250419,224546,VT,4.30,15.19,0.000029,MISTI
20260528,0401,2025,AREQUIPA,AREQUIPA,20250419,225757,VT,3.40,25.36,0.000054,MISTI
20260528,0401,2025,AREQUIPA,AREQUIPA,20250420,005443,VT,3.20,26.40,0.000047,MISTI
20260528,0401,2025,AREQUIPA,AREQUIPA,20250420,015659,VT,3.40,25.86,0.000052,MISTI
20260528,0401,2025,AREQUIPA,AREQUIPA,20250420,020344,TO,10.30,84.83,0.002331,MISTI
20260528,0401,2025,AREQUIPA,AREQUIPA,20250420,035105,VT,2.80,34.39,0.000749,MISTI
20260528,0401,2025,AREQUIPA,AREQUIPA,20250420,040017,VT,5.80,20.70,0.000089,MISTI
20260528,0401,2025,AREQUIPA,AREQUIPA,20250420,040719,VT,3.70,16.67,0.000021,MISTI
20260528,0401,2025,AREQUIPA,AREQUIPA,20250420,192635,VT,3.10,16.19,0.000145,MISTI
20260528,0401,2025,AREQUIPA,AREQUIPA,20250420,202831,VT,5.20,14.84,0.000063,MISTI
20260528,0401,2025,AREQUIPA,AREQUIPA,20250420,214900,VT,4.10,16.51,0.000038,MISTI
20260528,0401,2025,AREQUIPA,AREQUIPA,20250420,232003,VT,6.20,20.83,0.000159,MISTI
20260528,0401,2025,AREQUIPA,AREQUIPA,20250420,232919,VT,5.30,14.54,0.000015,MISTI
20260528,0401,2025,AREQUIPA,AREQUIPA,20250420,235737,VT,3.90,18.11,0.000021,MISTI
20260528,0401,2025,AREQUIPA,AREQUIPA,20250421,005137,VT,6.20,22.13,0.000051,MISTI
20260528,0401,2025,AREQUIPA,AREQUIPA,20250421,155002,VT,2.90,18.04,0.000065,MISTI
20260528,0401,2025,AREQUIPA,AREQUIPA,20250421,182252,VT,3.70,15.51,0.000265,MISTI
20260528,0401,2025,AREQUIPA,AREQUIPA,20250421,185438,VT,4.00,15.79,0.000479,MISTI
20260528,0401,2025,AREQUIPA,AREQUIPA,20250421,203026,VT,3.70,21.74,0.000065,MISTI
20260528,0401,2025,AREQUIPA,AREQUIPA,20250421,204452,VT,3.80,36.46,0.021914,MISTI
20260528,0401,2025,AREQUIPA,AREQUIPA,20250421,211349,VT,3.00,14.88,0.000338,MISTI
20260528,0401,2025,AREQUIPA,AREQUIPA,20250421,222037,VT,6.30,11.82,0.000015,MISTI
20260528,0401,2025,AREQUIPA,AREQUIPA,20250421,225806,VT,4.40,18.24,0.000037,MISTI
20260528,0401,2025,AREQUIPA,AREQUIPA,20250421,230134,VT,2.90,13.30,0.000131,MISTI
20260528,0401,2025,AREQUIPA,AREQUIPA,20250421,235527,VT,5.50,21.84,0.000387,MISTI
20260528,0401,2025,AREQUIPA,AREQUIPA,20250422,052307,VT,2.00,21.69,0.000101,MISTI
20260528,0401,2025,AREQUIPA,AREQUIPA,20250422,052922,VT,10.20,14.79,0.000401,MISTI
20260528,0401,2025,AREQUIPA,AREQUIPA,20250422,054408,VT,5.50,19.59,0.000038,MISTI
20260528,0401,2025,AREQUIPA,AREQUIPA,20250422,060235,VT,3.40,12.54,0.000025,MISTI
20260528,0401,2025,AREQUIPA,AREQUIPA,20250422,060908,VT,6.20,17.14,0.000148,MISTI
20260528,0401,2025,AREQUIPA,AREQUIPA,20250422,064902,VT,10.20,20.26,0.000132,MISTI
20260528,0401,2025,AREQUIPA,AREQUIPA,20250422,082200,VT,4.40,19.85,0.000023,MISTI
20260528,0401,2025,AREQUIPA,AREQUIPA,20250424,035509,VT,7.80,18.36,0.000632,MISTI
20260528,0401,2025,AREQUIPA,AREQUIPA,20250424,060313,VT,5.30,18.29,0.000072,MISTI
20260528,0401,2025,AREQUIPA,AREQUIPA,20250424,061519,VT,5.30,17.61,0.000058,MISTI
20260528,0401,2025,AREQUIPA,AREQUIPA,20250424,064106,VT,3.50,20.50,0.000029,MISTI
20260528,0401,2025,AREQUIPA,AREQUIPA,20250424,122803,VT,5.50,12.27,0.000099,MISTI
20260528,0401,2025,AREQUIPA,AREQUIPA,20250424,161327,VT,3.00,15.95,0.000099,MISTI
20260528,0401,2025,AREQUIPA,AREQUIPA,20250425,043512,VT,5.20,16.19,0.000075,MISTI
20260528,0401,2025,AREQUIPA,AREQUIPA,20250425,045555,VT,5.50,13.00,0.000027,MISTI
20260528,0401,2025,AREQUIPA,AREQUIPA,20250425,053252,VT,2.40,16.50,0.000034,MISTI
20260528,0401,2025,AREQUIPA,AREQUIPA,20250425,070830,VT,5.20,18.54,0.000063,MISTI
20260528,0401,2025,AREQUIPA,AREQUIPA,20250425,071534,VT,3.70,11.95,0.000020,MISTI
20260528,0401,2025,AREQUIPA,AREQUIPA,20250425,114325,VT,3.00,20.91,0.000058,MISTI
20260528,0401,2025,AREQUIPA,AREQUIPA,20250425,152810,VT,3.20,14.09,0.000053,MISTI
20260528,0401,2025,AREQUIPA,AREQUIPA,20250425,180030,VT,3.10,15.55,0.000146,MISTI
20260528,0401,2025,AREQUIPA,AREQUIPA,20250425,185219,VT,3.10,13.99,0.000144,MISTI
20260528,0401,2025,AREQUIPA,AREQUIPA,20250425,204832,VT,0.10,21.19,0.000102,MISTI
20260528,0401,2025,AREQUIPA,AREQUIPA,20250425,214138,VT,5.40,15.05,0.000044,MISTI
20260528,0401,2025,AREQUIPA,AREQUIPA,20250425,222943,VT,3.70,22.51,0.000087,MISTI
20260528,0401,2025,AREQUIPA,AREQUIPA,20250426,002732,VT,5.10,39.26,0.000239,MISTI
20260528,0401,2025,AREQUIPA,AREQUIPA,20250426,093740,VT,3.30,21.84,0.000053,MISTI
20260528,0401,2025,AREQUIPA,AREQUIPA,20250426,121842,VT,3.90,25.13,0.000074,MISTI
20260528,0401,2025,AREQUIPA,AREQUIPA,20250427,010900,VT,4.70,27.15,0.000165,MISTI
20260528,0401,2025,AREQUIPA,AREQUIPA,20250427,023143,VT,3.40,26.47,0.000087,MISTI
20260528,0401,2025,AREQUIPA,AREQUIPA,20250427,155424,VT,5.30,22.82,0.000107,MISTI
20260528,0401,2025,AREQUIPA,AREQUIPA,20250428,064157,VT,4.10,25.18,0.000097,MISTI
20260528,0401,2025,AREQUIPA,AREQUIPA,20250428,113844,VT,3.40,25.01,0.000059,MISTI
20260528,0401,2025,AREQUIPA,AREQUIPA,20250428,135800,TO,7.40,75.31,0.000412,MISTI
20260528,0401,2025,AREQUIPA,AREQUIPA,20250429,000432,VT,3.50,16.17,0.000022,MISTI
20260528,0401,2025,AREQUIPA,AREQUIPA,20250429,012722,VT,5.50,20.31,0.000062,MISTI
20260528,0401,2025,AREQUIPA,AREQUIPA,20250429,013519,VT,4.10,25.63,0.000065,MISTI
20260528,0401,2025,AREQUIPA,AREQUIPA,20250429,020054,VT,2.80,30.49,0.000152,MISTI
20260528,0401,2025,AREQUIPA,AREQUIPA,20250429,040506,VT,3.60,19.05,0.000029,MISTI
20260528,0401,2025,AREQUIPA,AREQUIPA,20250429,044227,VT,3.50,55.56,0.000400,MISTI
20260528,0401,2025,AREQUIPA,AREQUIPA,20250429,102405,VT,5.10,24.14,0.000103,MISTI
20260528,0401,2025,AREQUIPA,AREQUIPA,20250429,102606,VT,5.10,21.58,0.000058,MISTI
20260528,0401,2025,AREQUIPA,AREQUIPA,20250429,184244,VT,3.20,26.61,0.000239,MISTI
20260528,0401,2025,AREQUIPA,AREQUIPA,20250429,190842,VT,3.80,19.86,0.000108,MISTI
20260528,0401,2025,AREQUIPA,AREQUIPA,20250429,200341,VT,3.80,28.52,0.000278,MISTI
20260528,0401,2025,AREQUIPA,AREQUIPA,20250429,232114,VT,3.50,21.47,0.000035,MISTI
20260528,0401,2025,AREQUIPA,AREQUIPA,20250430,002434,VT,2.90,52.88,0.002575,MISTI
20260528,0401,2025,AREQUIPA,AREQUIPA,20250430,015548,VT,3.40,26.56,0.000057,MISTI
20260528,0401,2025,AREQUIPA,AREQUIPA,20250430,052652,VT,3.10,26.63,0.000042,MISTI
20260528,0401,2025,AREQUIPA,AREQUIPA,20250430,055000,VT,4.20,26.94,0.000046,MISTI
20260528,0401,2025,AREQUIPA,AREQUIPA,20250430,064153,VT,3.40,22.09,0.000034,MISTI
20260528,0401,2025,AREQUIPA,AREQUIPA,20250430,065050,VT,3.20,18.50,0.000030,MISTI
20260528,0401,2025,AREQUIPA,AREQUIPA,20250430,065749,VT,3.40,18.05,0.000037,MISTI
20260528,0401,2025,AREQUIPA,AREQUIPA,20250430,073858,VT,3.20,21.80,0.000026,MISTI
20260528,0401,2025,AREQUIPA,AREQUIPA,20250430,084149,VT,3.10,33.52,0.000054,MISTI
20260528,0401,2025,AREQUIPA,AREQUIPA,20250501,005817,VT,6.30,17.11,0.000035,MISTI
20260528,0401,2025,AREQUIPA,AREQUIPA,20250501,101855,VT,2.80,14.56,0.000053,MISTI
20260528,0401,2025,AREQUIPA,AREQUIPA,20250501,113942,VT,5.50,13.11,0.000021,MISTI
20260528,0401,2025,AREQUIPA,AREQUIPA,20250502,015203,VT,6.30,16.91,0.000023,MISTI
20260528,0401,2025,AREQUIPA,AREQUIPA,20250502,073356,VT,6.20,10.92,0.000017,MISTI
20260528,0401,2025,AREQUIPA,AREQUIPA,20250502,073838,VT,3.00,19.49,0.000086,MISTI
20260528,0401,2025,AREQUIPA,AREQUIPA,20250502,074142,VT,10.00,11.30,0.000017,MISTI
20260528,0401,2025,AREQUIPA,AREQUIPA,20250502,080401,VT,4.10,16.10,0.000021,MISTI
20260528,0401,2025,AREQUIPA,AREQUIPA,20250502,103054,VT,8.30,13.75,0.000017,MISTI
20260528,0401,2025,AREQUIPA,AREQUIPA,20250502,124652,VT,5.20,22.46,0.000183,MISTI
20260528,0401,2025,AREQUIPA,AREQUIPA,20250502,130330,VT,4.70,16.68,0.000119,MISTI
20260528,0401,2025,AREQUIPA,AREQUIPA,20250502,162009,VT,5.20,15.89,0.000088,MISTI
20260528,0401,2025,AREQUIPA,AREQUIPA,20250502,181931,VT,5.30,13.94,0.000170,MISTI
20260528,0401,2025,AREQUIPA,AREQUIPA,20250502,203359,VT,2.50,14.64,0.000060,MISTI
20260528,0401,2025,AREQUIPA,AREQUIPA,20250503,022245,VT,2.70,20.21,0.000036,MISTI
20260528,0401,2025,AREQUIPA,AREQUIPA,20250503,025412,VT,3.70,17.22,0.000482,MISTI
20260528,0401,2025,AREQUIPA,AREQUIPA,20250503,033817,VT,3.70,15.43,0.000124,MISTI
20260528,0401,2025,AREQUIPA,AREQUIPA,20250503,201311,VT,9.50,24.33,0.012897,MISTI
20260528,0401,2025,AREQUIPA,AREQUIPA,20250504,021057,VT,3.60,15.02,0.000031,MISTI
20260528,0401,2025,AREQUIPA,AREQUIPA,20250504,033644,VT,5.10,12.06,0.000030,MISTI
20260528,0401,2025,AREQUIPA,AREQUIPA,20250504,053342,VT,5.20,20.45,0.000142,MISTI
20260528,0401,2025,AREQUIPA,AREQUIPA,20250504,054250,TO,8.50,38.84,0.000241,MISTI
20260528,0401,2025,AREQUIPA,AREQUIPA,20250504,104556,VT,3.60,14.58,0.000027,MISTI
20260528,0401,2025,AREQUIPA,AREQUIPA,20250505,032117,VT,3.60,14.22,0.000014,MISTI
20260528,0401,2025,AREQUIPA,AREQUIPA,20250505,041722,VT,3.70,15.25,0.000025,MISTI
20260528,0401,2025,AREQUIPA,AREQUIPA,20250505,055433,VT,2.90,15.33,0.000042,MISTI
20260528,0401,2025,AREQUIPA,AREQUIPA,20250505,061819,VT,3.40,16.84,0.000033,MISTI
20260528,0401,2025,AREQUIPA,AREQUIPA,20250505,072545,VT,4.00,14.85,0.000015,MISTI
20260528,0401,2025,AREQUIPA,AREQUIPA,20250505,105140,VT,7.90,15.62,0.000018,MISTI
20260528,0401,2025,AREQUIPA,AREQUIPA,20250506,042316,VT,5.50,12.03,0.000022,MISTI
20260528,0401,2025,AREQUIPA,AREQUIPA,20250506,072904,VT,6.30,18.33,0.000050,MISTI
20260528,0401,2025,AREQUIPA,AREQUIPA,20250506,073854,VT,4.20,20.73,0.000088,MISTI
20260528,0401,2025,AREQUIPA,AREQUIPA,20250506,084007,VT,2.90,9.51,0.000014,MISTI
20260528,0401,2025,AREQUIPA,AREQUIPA,20250506,115420,VT,3.80,14.89,0.000027,MISTI
20260528,0401,2025,AREQUIPA,AREQUIPA,20250507,073945,VT,4.10,17.43,0.000069,MISTI
20260528,0401,2025,AREQUIPA,AREQUIPA,20250507,085429,VT,7.90,16.13,0.000038,MISTI
20260528,0401,2025,AREQUIPA,AREQUIPA,20250507,090416,VT,5.10,13.28,0.000020,MISTI
20260528,0401,2025,AREQUIPA,AREQUIPA,20250507,180544,VT,4.80,15.29,0.000069,MISTI
20260528,0401,2025,AREQUIPA,AREQUIPA,20250508,000827,VT,4.50,21.97,0.000048,MISTI
20260528,0401,2025,AREQUIPA,AREQUIPA,20250509,045907,VT,5.30,15.50,0.000117,MISTI
20260528,0401,2025,AREQUIPA,AREQUIPA,20250509,050000,VT,3.20,26.83,0.000432,MISTI
20260528,0401,2025,AREQUIPA,AREQUIPA,20250509,054515,VT,3.10,20.73,0.000424,MISTI
20260528,0401,2025,AREQUIPA,AREQUIPA,20250510,042450,VT,6.30,15.67,0.000084,MISTI
20260528,0401,2025,AREQUIPA,AREQUIPA,20250510,043215,VT,3.30,21.49,0.000103,MISTI
20260528,0401,2025,AREQUIPA,AREQUIPA,20250511,130714,VT,5.50,17.64,0.000311,MISTI
20260528,0401,2025,AREQUIPA,AREQUIPA,20250512,063407,VT,3.20,21.39,0.000029,MISTI
20260528,0401,2025,AREQUIPA,AREQUIPA,20250512,081106,TO,10.70,23.51,0.001370,MISTI
20260528,0401,2025,AREQUIPA,AREQUIPA,20250512,082059,VT,4.70,17.24,0.000038,MISTI
20260528,0401,2025,AREQUIPA,AREQUIPA,20250512,112659,VT,3.60,16.59,0.000019,MISTI
20260528,0401,2025,AREQUIPA,AREQUIPA,20250512,113146,VT,4.70,10.67,0.000015,MISTI
20260528,0401,2025,AREQUIPA,AREQUIPA,20250512,113356,VT,3.30,18.31,0.000020,MISTI
20260528,0401,2025,AREQUIPA,AREQUIPA,20250513,115056,VT,5.50,23.26,0.000152,MISTI
20260528,0401,2025,AREQUIPA,AREQUIPA,20250513,123944,VT,8.30,20.93,0.000220,MISTI
20260528,0401,2025,AREQUIPA,AREQUIPA,20250514,020940,VT,3.40,17.43,0.000022,MISTI
20260528,0401,2025,AREQUIPA,AREQUIPA,20250514,043500,VT,6.30,15.39,0.000040,MISTI
20260528,0401,2025,AREQUIPA,AREQUIPA,20250514,094915,VT,3.40,14.30,0.000025,MISTI
20260528,0401,2025,AREQUIPA,AREQUIPA,20250514,100217,VT,2.90,11.30,0.000035,MISTI
20260528,0401,2025,AREQUIPA,AREQUIPA,20250514,102250,VT,5.50,13.29,0.000024,MISTI
20260528,0401,2025,AREQUIPA,AREQUIPA,20250514,104117,VT,8.80,11.97,0.000105,MISTI
20260528,0401,2025,AREQUIPA,AREQUIPA,20250515,101202,VT,4.30,8.18,0.000014,MISTI
20260528,0401,2025,AREQUIPA,AREQUIPA,20250516,021433,VT,5.20,18.58,0.000040,MISTI
20260528,0401,2025,AREQUIPA,AREQUIPA,20250516,051751,VT,4.60,11.84,0.000025,MISTI
20260528,0401,2025,AREQUIPA,AREQUIPA,20250516,074127,VT,6.30,26.21,0.000151,MISTI
20260528,0401,2025,AREQUIPA,AREQUIPA,20250516,100330,VT,2.80,16.10,0.000043,MISTI
20260528,0401,2025,AREQUIPA,AREQUIPA,20250517,092137,VT,5.30,18.17,0.000491,MISTI
20260528,0401,2025,AREQUIPA,AREQUIPA,20250517,151622,VT,5.40,21.35,0.000339,MISTI
20260528,0401,2025,AREQUIPA,AREQUIPA,20250517,152026,VT,8.00,24.44,0.002498,MISTI
20260528,0401,2025,AREQUIPA,AREQUIPA,20250517,165500,VT,6.20,14.60,0.001209,MISTI
20260528,0401,2025,AREQUIPA,AREQUIPA,20250518,011503,VT,9.80,18.39,0.000641,MISTI
20260528,0401,2025,AREQUIPA,AREQUIPA,20250518,014749,VT,4.30,15.40,0.000032,MISTI
20260528,0401,2025,AREQUIPA,AREQUIPA,20250518,020412,VT,3.70,17.12,0.000026,MISTI
20260528,0401,2025,AREQUIPA,AREQUIPA,20250518,033748,VT,3.00,18.72,0.000051,MISTI
20260528,0401,2025,AREQUIPA,AREQUIPA,20250518,034343,VT,3.40,16.63,0.000037,MISTI
20260528,0401,2025,AREQUIPA,AREQUIPA,20250518,041448,VT,3.70,22.57,0.000091,MISTI
20260528,0401,2025,AREQUIPA,AREQUIPA,20250518,063623,VT,3.40,13.09,0.000019,MISTI
20260528,0401,2025,AREQUIPA,AREQUIPA,20250518,064048,VT,5.30,16.13,0.000055,MISTI
20260528,0401,2025,AREQUIPA,AREQUIPA,20250518,070101,VT,6.20,13.86,0.000036,MISTI
20260528,0401,2025,AREQUIPA,AREQUIPA,20250518,071556,VT,5.30,16.07,0.000093,MISTI
20260528,0401,2025,AREQUIPA,AREQUIPA,20250518,071646,VT,5.20,10.53,0.000021,MISTI
20260528,0401,2025,AREQUIPA,AREQUIPA,20250518,072828,VT,5.20,14.10,0.000065,MISTI
20260528,0401,2025,AREQUIPA,AREQUIPA,20250518,073347,VT,5.20,17.05,0.000118,MISTI
20260528,0401,2025,AREQUIPA,AREQUIPA,20250518,083636,VT,12.50,15.64,0.000040,MISTI
20260528,0401,2025,AREQUIPA,AREQUIPA,20250518,093308,VT,8.50,14.43,0.000035,MISTI
20260528,0401,2025,AREQUIPA,AREQUIPA,20250518,095628,VT,4.20,14.60,0.000024,MISTI
20260528,0401,2025,AREQUIPA,AREQUIPA,20250518,102040,VT,2.90,14.02,0.000018,MISTI
20260528,0401,2025,AREQUIPA,AREQUIPA,20250518,102513,VT,6.40,15.90,0.000035,MISTI
20260528,0401,2025,AREQUIPA,AREQUIPA,20250518,104821,VT,8.80,14.18,0.000021,MISTI
20260528,0401,2025,AREQUIPA,AREQUIPA,20250518,132225,VT,5.50,15.09,0.000041,MISTI
20260528,0401,2025,AREQUIPA,AREQUIPA,20250518,133015,VT,7.30,15.52,0.000144,MISTI
20260528,0401,2025,AREQUIPA,AREQUIPA,20250518,134336,VT,5.50,19.39,0.000095,MISTI
20260528,0401,2025,AREQUIPA,AREQUIPA,20250518,225517,VT,7.30,15.88,0.000030,MISTI
20260528,0401,2025,AREQUIPA,AREQUIPA,20250519,045105,VT,5.10,25.86,0.000272,MISTI
20260528,0401,2025,AREQUIPA,AREQUIPA,20250519,084352,VT,5.20,13.31,0.000080,MISTI
20260528,0401,2025,AREQUIPA,AREQUIPA,20250519,092129,VT,5.20,14.58,0.000037,MISTI
20260528,0401,2025,AREQUIPA,AREQUIPA,20250519,093452,VT,5.20,12.27,0.000029,MISTI
20260528,0401,2025,AREQUIPA,AREQUIPA,20250519,103033,VT,3.30,6.97,0.000016,MISTI
20260528,0401,2025,AREQUIPA,AREQUIPA,20250519,103255,VT,5.20,17.24,0.000067,MISTI
20260528,0401,2025,AREQUIPA,AREQUIPA,20250519,133928,VT,4.60,13.21,0.000054,MISTI
20260528,0401,2025,AREQUIPA,AREQUIPA,20250519,141224,VT,4.20,27.00,0.001005,MISTI
20260528,0401,2025,AREQUIPA,AREQUIPA,20250519,150249,VT,3.10,15.53,0.000075,MISTI
20260528,0401,2025,AREQUIPA,AREQUIPA,20250520,003345,VT,3.20,23.31,0.000051,MISTI
20260528,0401,2025,AREQUIPA,AREQUIPA,20250520,003359,VT,3.30,18.21,0.000014,MISTI
20260528,0401,2025,AREQUIPA,AREQUIPA,20250520,021238,VT,3.10,24.23,0.000382,MISTI
20260528,0401,2025,AREQUIPA,AREQUIPA,20250520,033935,VT,3.80,19.98,0.000031,MISTI
20260528,0401,2025,AREQUIPA,AREQUIPA,20250520,035558,VT,3.70,16.70,0.000019,MISTI
20260528,0401,2025,AREQUIPA,AREQUIPA,20250520,154724,VT,7.10,12.08,0.000048,MISTI
20260528,0401,2025,AREQUIPA,AREQUIPA,20250520,220830,VT,3.50,17.65,0.000029,MISTI
20260528,0401,2025,AREQUIPA,AREQUIPA,20250520,224725,VT,5.50,13.20,0.000040,MISTI
20260528,0401,2025,AREQUIPA,AREQUIPA,20250520,230747,VT,4.20,29.80,0.000138,MISTI
20260528,0401,2025,AREQUIPA,AREQUIPA,20250521,025001,VT,3.90,50.44,0.002234,MISTI
20260528,0401,2025,AREQUIPA,AREQUIPA,20250521,052626,VT,4.20,22.28,0.000025,MISTI
20260528,0401,2025,AREQUIPA,AREQUIPA,20250521,055121,VT,3.70,17.01,0.000037,MISTI
20260528,0401,2025,AREQUIPA,AREQUIPA,20250521,062011,VT,4.20,43.94,0.000154,MISTI
20260528,0401,2025,AREQUIPA,AREQUIPA,20250521,073029,VT,3.70,18.45,0.000046,MISTI
20260528,0401,2025,AREQUIPA,AREQUIPA,20250521,073241,VT,3.70,22.30,0.000041,MISTI
20260528,0401,2025,AREQUIPA,AREQUIPA,20250521,073457,VT,2.80,23.45,0.000023,MISTI
20260528,0401,2025,AREQUIPA,AREQUIPA,20250521,142608,VT,5.50,17.35,0.000040,MISTI
20260528,0401,2025,AREQUIPA,AREQUIPA,20250522,005024,VT,9.40,23.31,0.010619,MISTI
20260528,0401,2025,AREQUIPA,AREQUIPA,20250522,031513,VT,5.20,12.58,0.000024,MISTI
20260528,0401,2025,AREQUIPA,AREQUIPA,20250522,064835,VT,4.20,19.76,0.000042,MISTI
20260528,0401,2025,AREQUIPA,AREQUIPA,20250522,101133,VT,6.30,22.36,0.003178,MISTI
20260528,0401,2025,AREQUIPA,AREQUIPA,20250522,102727,VT,4.60,18.17,0.000465,MISTI
20260528,0401,2025,AREQUIPA,AREQUIPA,20250522,112203,VT,3.70,16.69,0.000074,MISTI
20260528,0401,2025,AREQUIPA,AREQUIPA,20250522,113637,VT,2.70,12.95,0.000034,MISTI
20260528,0401,2025,AREQUIPA,AREQUIPA,20250522,120910,VT,3.70,20.24,0.000050,MISTI
20260528,0401,2025,AREQUIPA,AREQUIPA,20250522,132236,VT,6.80,22.09,0.000918,MISTI
20260528,0401,2025,AREQUIPA,AREQUIPA,20250522,132801,VT,3.30,17.74,0.000099,MISTI
20260528,0401,2025,AREQUIPA,AREQUIPA,20250523,022956,VT,10.00,16.84,0.000075,MISTI
20260528,0401,2025,AREQUIPA,AREQUIPA,20250523,023357,VT,3.00,17.20,0.000024,MISTI
20260528,0401,2025,AREQUIPA,AREQUIPA,20250523,025022,VT,5.90,14.73,0.000113,MISTI
20260528,0401,2025,AREQUIPA,AREQUIPA,20250523,030737,VT,3.20,16.31,0.000030,MISTI
20260528,0401,2025,AREQUIPA,AREQUIPA,20250523,031646,VT,5.90,17.53,0.000073,MISTI
20260528,0401,2025,AREQUIPA,AREQUIPA,20250523,074756,VT,5.20,18.07,0.000019,MISTI
20260528,0401,2025,AREQUIPA,AREQUIPA,20250524,083841,VT,6.30,14.97,0.000024,MISTI
20260528,0401,2025,AREQUIPA,AREQUIPA,20250524,091440,VT,3.40,20.05,0.000061,MISTI
20260528,0401,2025,AREQUIPA,AREQUIPA,20250525,072057,VT,5.30,11.23,0.000022,MISTI
20260528,0401,2025,AREQUIPA,AREQUIPA,20250525,074753,VT,3.20,16.38,0.000024,MISTI
20260528,0401,2025,AREQUIPA,AREQUIPA,20250525,092614,VT,5.30,22.43,0.000160,MISTI
20260528,0401,2025,AREQUIPA,AREQUIPA,20250525,112429,VT,2.80,15.62,0.000055,MISTI
20260528,0401,2025,AREQUIPA,AREQUIPA,20250525,195031,VT,4.70,15.02,0.000134,MISTI
20260528,0401,2025,AREQUIPA,AREQUIPA,20250526,033727,VT,3.30,15.20,0.000028,MISTI
20260528,0401,2025,AREQUIPA,AREQUIPA,20250526,045629,VT,4.20,15.38,0.000021,MISTI
20260528,0401,2025,AREQUIPA,AREQUIPA,20250526,054246,VT,5.50,15.99,0.000026,MISTI
20260528,0401,2025,AREQUIPA,AREQUIPA,20250527,032956,VT,5.20,12.99,0.000258,MISTI
20260528,0401,2025,AREQUIPA,AREQUIPA,20250527,083921,VT,5.20,21.18,0.001082,MISTI
20260528,0401,2025,AREQUIPA,AREQUIPA,20250527,094330,VT,4.70,12.89,0.000064,MISTI
20260528,0401,2025,AREQUIPA,AREQUIPA,20250527,110959,VT,4.70,13.31,0.000169,MISTI
20260528,0401,2025,AREQUIPA,AREQUIPA,20250527,130450,VT,4.70,17.60,0.000664,MISTI
20260528,0401,2025,AREQUIPA,AREQUIPA,20250528,022716,VT,3.10,14.28,0.000050,MISTI
20260528,0401,2025,AREQUIPA,AREQUIPA,20250528,064218,VT,2.90,13.53,0.000047,MISTI
20260528,0401,2025,AREQUIPA,AREQUIPA,20250528,065319,VT,5.30,14.22,0.000062,MISTI
20260528,0401,2025,AREQUIPA,AREQUIPA,20250528,071218,VT,5.30,12.92,0.000313,MISTI
20260528,0401,2025,AREQUIPA,AREQUIPA,20250528,075343,VT,2.80,13.46,0.000056,MISTI
20260528,0401,2025,AREQUIPA,AREQUIPA,20250529,015024,VT,5.20,11.84,0.000023,MISTI
20260528,0401,2025,AREQUIPA,AREQUIPA,20250529,032138,VT,5.10,19.77,0.000984,MISTI
20260528,0401,2025,AREQUIPA,AREQUIPA,20250529,032139,VT,5.10,20.80,0.000839,MISTI
20260528,0401,2025,AREQUIPA,AREQUIPA,20250530,081429,VT,2.90,46.21,0.000603,MISTI
20260528,0401,2025,AREQUIPA,AREQUIPA,20250530,092509,VT,5.30,18.29,0.000061,MISTI
20260528,0401,2025,AREQUIPA,AREQUIPA,20250530,093024,VT,4.20,22.88,0.000070,MISTI
20260528,0401,2025,AREQUIPA,AREQUIPA,20250530,094024,VT,4.30,17.75,0.000020,MISTI
20260528,0401,2025,AREQUIPA,AREQUIPA,20250530,103622,VT,4.70,24.76,0.000055,MISTI
20260528,0401,2025,AREQUIPA,AREQUIPA,20250530,105922,VT,5.30,20.09,0.000038,MISTI
20260528,0401,2025,AREQUIPA,AREQUIPA,20250530,122310,VT,5.50,22.36,0.000062,MISTI
20260528,0401,2025,AREQUIPA,AREQUIPA,20250530,122609,VT,4.70,20.83,0.000035,MISTI
20260528,0401,2025,AREQUIPA,AREQUIPA,20250530,132248,VT,2.40,11.10,0.000028,MISTI
20260528,0401,2025,AREQUIPA,AREQUIPA,20250530,133048,VT,5.50,15.34,0.000033,MISTI
20260528,0401,2025,AREQUIPA,AREQUIPA,20250530,133341,VT,3.70,17.62,0.000074,MISTI
20260528,0401,2025,AREQUIPA,AREQUIPA,20250530,135733,VT,5.30,16.81,0.000264,MISTI
20260528,0401,2025,AREQUIPA,AREQUIPA,20250531,114639,VT,2.80,16.86,0.000027,MISTI
20260528,0401,2025,AREQUIPA,AREQUIPA,20250601,072407,VT,3.80,15.12,0.000043,MISTI
20260528,0401,2025,AREQUIPA,AREQUIPA,20250601,130405,VT,3.70,11.99,0.000037,MISTI
20260528,0401,2025,AREQUIPA,AREQUIPA,20250601,212156,TO,4.60,67.66,0.000531,MISTI
20260528,0401,2025,AREQUIPA,AREQUIPA,20250602,114526,VT,4.70,13.91,0.000055,MISTI
20260528,0401,2025,AREQUIPA,AREQUIPA,20250602,121228,VT,2.70,25.22,0.001476,MISTI
20260528,0401,2025,AREQUIPA,AREQUIPA,20250603,015712,VT,5.30,13.86,0.000029,MISTI
20260528,0401,2025,AREQUIPA,AREQUIPA,20250603,194140,VT,3.10,15.58,0.000483,MISTI
20260528,0401,2025,AREQUIPA,AREQUIPA,20250603,223826,VT,5.40,14.84,0.000032,MISTI
20260528,0401,2025,AREQUIPA,AREQUIPA,20250604,001654,VT,3.60,11.51,0.000020,MISTI
20260528,0401,2025,AREQUIPA,AREQUIPA,20250604,005422,VT,3.20,17.39,0.000019,MISTI
20260528,0401,2025,AREQUIPA,AREQUIPA,20250604,093543,VT,6.10,20.77,0.000028,MISTI
20260528,0401,2025,AREQUIPA,AREQUIPA,20250605,020522,VT,6.60,20.98,0.000037,MISTI
20260528,0401,2025,AREQUIPA,AREQUIPA,20250605,040154,VT,3.70,20.85,0.000034,MISTI
20260528,0401,2025,AREQUIPA,AREQUIPA,20250605,051418,VT,2.90,54.60,0.000422,MISTI
20260528,0401,2025,AREQUIPA,AREQUIPA,20250605,193436,VT,4.20,17.99,0.000326,MISTI
20260528,0401,2025,AREQUIPA,AREQUIPA,20250605,213500,VT,3.70,10.00,0.000034,MISTI
20260528,0401,2025,AREQUIPA,AREQUIPA,20250605,214033,VT,5.20,15.53,0.000055,MISTI
20260528,0401,2025,AREQUIPA,AREQUIPA,20250605,230825,VT,4.00,14.49,0.000019,MISTI
20260528,0401,2025,AREQUIPA,AREQUIPA,20250606,175534,VT,5.90,19.70,0.000443,MISTI
20260528,0401,2025,AREQUIPA,AREQUIPA,20250607,000744,TO,8.30,51.27,0.001635,MISTI
20260528,0401,2025,AREQUIPA,AREQUIPA,20250607,022434,VT,12.00,9.85,0.000031,MISTI
20260528,0401,2025,AREQUIPA,AREQUIPA,20250607,074003,VT,5.20,23.29,0.000389,MISTI
20260528,0401,2025,AREQUIPA,AREQUIPA,20250607,090932,VT,5.20,24.45,0.000814,MISTI
20260528,0401,2025,AREQUIPA,AREQUIPA,20250607,121847,VT,5.20,28.72,0.000566,MISTI
20260528,0401,2025,AREQUIPA,AREQUIPA,20250607,122948,VT,3.80,23.34,0.000571,MISTI
20260528,0401,2025,AREQUIPA,AREQUIPA,20250608,004255,VT,5.30,15.38,0.000043,MISTI
20260528,0401,2025,AREQUIPA,AREQUIPA,20250608,024016,VT,5.20,15.53,0.000046,MISTI
20260528,0401,2025,AREQUIPA,AREQUIPA,20250608,042029,VT,5.20,17.60,0.000285,MISTI
20260528,0401,2025,AREQUIPA,AREQUIPA,20250608,051124,VT,5.20,14.68,0.000030,MISTI
20260528,0401,2025,AREQUIPA,AREQUIPA,20250609,001916,VT,7.30,15.64,0.000084,MISTI
20260528,0401,2025,AREQUIPA,AREQUIPA,20250609,020405,VT,7.80,13.90,0.000026,MISTI
20260528,0401,2025,AREQUIPA,AREQUIPA,20250609,021036,VT,8.50,15.12,0.000030,MISTI
20260528,0401,2025,AREQUIPA,AREQUIPA,20250609,025625,VT,5.20,21.55,0.000093,MISTI
20260528,0401,2025,AREQUIPA,AREQUIPA,20250609,030624,VT,5.00,15.06,0.000024,MISTI
20260528,0401,2025,AREQUIPA,AREQUIPA,20250609,030833,VT,5.10,13.07,0.000027,MISTI
20260528,0401,2025,AREQUIPA,AREQUIPA,20250609,044926,VT,5.20,17.63,0.000283,MISTI
20260528,0401,2025,AREQUIPA,AREQUIPA,20250609,072824,VT,5.10,31.77,0.001393,MISTI
20260528,0401,2025,AREQUIPA,AREQUIPA,20250609,110944,VT,5.10,21.19,0.000446,MISTI
20260528,0401,2025,AREQUIPA,AREQUIPA,20250609,153639,VT,5.20,38.33,0.002093,MISTI
20260528,0401,2025,AREQUIPA,AREQUIPA,20250610,013716,VT,3.30,18.27,0.000036,MISTI
20260528,0401,2025,AREQUIPA,AREQUIPA,20250610,020638,VT,5.50,23.07,0.000050,MISTI
20260528,0401,2025,AREQUIPA,AREQUIPA,20250611,034949,VT,5.20,15.42,0.000029,MISTI
20260528,0401,2025,AREQUIPA,AREQUIPA,20250611,053325,VT,5.40,19.40,0.000024,MISTI
20260528,0401,2025,AREQUIPA,AREQUIPA,20250611,071206,VT,4.20,21.76,0.000027,MISTI
20260528,0401,2025,AREQUIPA,AREQUIPA,20250611,073724,VT,3.10,20.62,0.000056,MISTI
20260528,0401,2025,AREQUIPA,AREQUIPA,20250611,080828,VT,5.20,13.46,0.000023,MISTI
20260528,0401,2025,AREQUIPA,AREQUIPA,20250611,095844,VT,5.50,18.60,0.000071,MISTI
20260528,0401,2025,AREQUIPA,AREQUIPA,20250612,014647,VT,3.70,13.10,0.000263,MISTI
20260528,0401,2025,AREQUIPA,AREQUIPA,20250612,082112,VT,6.30,15.99,0.000080,MISTI
20260528,0401,2025,AREQUIPA,AREQUIPA,20250612,133530,VT,3.20,15.73,0.000063,MISTI
20260528,0401,2025,AREQUIPA,AREQUIPA,20250612,153543,VT,5.50,28.36,0.000098,MISTI
20260528,0401,2025,AREQUIPA,AREQUIPA,20250612,190558,VT,5.20,12.30,0.000109,MISTI
20260528,0401,2025,AREQUIPA,AREQUIPA,20250612,204315,VT,4.10,14.79,0.000056,MISTI
20260528,0401,2025,AREQUIPA,AREQUIPA,20250613,094218,VT,5.20,31.65,0.000177,MISTI
20260528,0401,2025,AREQUIPA,AREQUIPA,20250614,045654,VT,3.50,13.90,0.000088,MISTI
20260528,0401,2025,AREQUIPA,AREQUIPA,20250614,180337,VD,5.00,76.48,0.061194,MISTI
20260528,0401,2025,AREQUIPA,AREQUIPA,20250614,221308,VD,3.00,38.53,0.000257,MISTI
20260528,0401,2025,AREQUIPA,AREQUIPA,20250615,041735,VT,3.50,32.20,0.000058,MISTI
20260528,0401,2025,AREQUIPA,AREQUIPA,20250615,050252,VT,5.20,15.18,0.000063,MISTI
20260528,0401,2025,AREQUIPA,AREQUIPA,20250615,051400,VT,5.50,16.56,0.000041,MISTI
20260528,0401,2025,AREQUIPA,AREQUIPA,20250615,110624,VT,5.10,16.01,0.000148,MISTI
20260528,0401,2025,AREQUIPA,AREQUIPA,20250615,112247,VT,5.50,34.11,0.000231,MISTI
20260528,0401,2025,AREQUIPA,AREQUIPA,20250615,115420,VT,3.00,24.90,0.000295,MISTI
20260528,0401,2025,AREQUIPA,AREQUIPA,20250615,120312,VT,4.40,19.83,0.000053,MISTI
20260528,0401,2025,AREQUIPA,AREQUIPA,20250615,130533,VT,5.20,15.61,0.000092,MISTI
20260528,0401,2025,AREQUIPA,AREQUIPA,20250615,141558,VT,3.50,22.32,0.000232,MISTI
20260528,0401,2025,AREQUIPA,AREQUIPA,20250615,142053,VT,3.80,16.79,0.000046,MISTI
20260528,0401,2025,AREQUIPA,AREQUIPA,20250615,152424,VT,4.70,14.43,0.000211,MISTI
20260528,0401,2025,AREQUIPA,AREQUIPA,20250615,154451,VT,3.80,19.83,0.000062,MISTI
20260528,0401,2025,AREQUIPA,AREQUIPA,20250615,154851,VT,3.40,21.77,0.000049,MISTI
20260528,0401,2025,AREQUIPA,AREQUIPA,20250615,164536,VT,3.40,21.86,0.000294,MISTI
20260528,0401,2025,AREQUIPA,AREQUIPA,20250615,171356,VD,0.10,73.28,0.012016,MISTI
20260528,0401,2025,AREQUIPA,AREQUIPA,20250616,105419,VT,5.40,20.88,0.000202,MISTI
20260528,0401,2025,AREQUIPA,AREQUIPA,20250617,032713,VT,5.30,19.28,0.000082,MISTI
20260528,0401,2025,AREQUIPA,AREQUIPA,20250617,053207,VT,5.10,10.69,0.000025,MISTI
20260528,0401,2025,AREQUIPA,AREQUIPA,20250617,104152,VT,5.40,22.43,0.000375,MISTI
20260528,0401,2025,AREQUIPA,AREQUIPA,20250617,183218,VT,2.80,26.32,0.000073,MISTI
20260528,0401,2025,AREQUIPA,AREQUIPA,20250617,214811,VT,5.40,16.17,0.000051,MISTI
20260528,0401,2025,AREQUIPA,AREQUIPA,20250617,222411,VT,3.80,22.93,0.000665,MISTI
20260528,0401,2025,AREQUIPA,AREQUIPA,20250618,040406,VT,5.40,29.48,0.000045,MISTI
20260528,0401,2025,AREQUIPA,AREQUIPA,20250618,102438,VT,3.40,20.65,0.000074,MISTI
20260528,0401,2025,AREQUIPA,AREQUIPA,20250618,220045,VT,5.00,21.68,0.000117,MISTI
20260528,0401,2025,AREQUIPA,AREQUIPA,20250618,224128,VT,5.00,18.87,0.000111,MISTI
20260528,0401,2025,AREQUIPA,AREQUIPA,20250619,001303,VT,5.50,22.59,0.000111,MISTI
20260528,0401,2025,AREQUIPA,AREQUIPA,20250619,032603,VT,5.10,18.44,0.000034,MISTI
20260528,0401,2025,AREQUIPA,AREQUIPA,20250619,053612,VT,5.20,25.71,0.000166,MISTI
20260528,0401,2025,AREQUIPA,AREQUIPA,20250619,065329,VT,5.50,17.80,0.000098,MISTI
20260528,0401,2025,AREQUIPA,AREQUIPA,20250619,070624,VT,5.50,16.39,0.000076,MISTI
20260528,0401,2025,AREQUIPA,AREQUIPA,20250619,075022,VT,3.50,30.43,0.000275,MISTI
20260528,0401,2025,AREQUIPA,AREQUIPA,20250619,102815,VT,5.50,28.07,0.000091,MISTI
20260528,0401,2025,AREQUIPA,AREQUIPA,20250620,001041,VT,3.20,17.04,0.000025,MISTI
20260528,0401,2025,AREQUIPA,AREQUIPA,20250620,012822,VT,4.20,20.98,0.000062,MISTI
20260528,0401,2025,AREQUIPA,AREQUIPA,20250620,043929,VT,6.20,23.68,0.000049,MISTI
20260528,0401,2025,AREQUIPA,AREQUIPA,20250620,100303,VT,2.90,18.96,0.000035,MISTI
20260528,0401,2025,AREQUIPA,AREQUIPA,20250620,115607,VT,3.00,21.26,0.000104,MISTI
20260528,0401,2025,AREQUIPA,AREQUIPA,20250620,115632,VT,2.70,18.94,0.000027,MISTI
20260528,0401,2025,AREQUIPA,AREQUIPA,20250620,120117,VT,2.80,17.92,0.000041,MISTI
20260528,0401,2025,AREQUIPA,AREQUIPA,20250620,143449,VT,2.70,17.94,0.000046,MISTI
20260528,0401,2025,AREQUIPA,AREQUIPA,20250620,162948,VT,3.50,61.04,0.029353,MISTI
20260528,0401,2025,AREQUIPA,AREQUIPA,20250620,193111,VT,0.10,15.08,0.000589,MISTI
20260528,0401,2025,AREQUIPA,AREQUIPA,20250620,212053,VT,4.40,26.99,0.000148,MISTI
20260528,0401,2025,AREQUIPA,AREQUIPA,20250621,001059,VT,3.00,16.29,0.000024,MISTI
20260528,0401,2025,AREQUIPA,AREQUIPA,20250621,022904,VT,0.20,33.41,0.000088,MISTI
20260528,0401,2025,AREQUIPA,AREQUIPA,20250621,052240,VT,0.30,15.51,0.000055,MISTI
20260528,0401,2025,AREQUIPA,AREQUIPA,20250621,175127,VT,0.30,19.39,0.000494,MISTI
20260528,0401,2025,AREQUIPA,AREQUIPA,20250621,205504,VT,0.20,36.91,0.000666,MISTI
20260528,0401,2025,AREQUIPA,AREQUIPA,20250621,220944,VT,0.20,180.48,0.004383,MISTI
20260528,0401,2025,AREQUIPA,AREQUIPA,20250622,054605,VT,0.20,35.64,0.015165,MISTI
20260528,0401,2025,AREQUIPA,AREQUIPA,20250624,001632,VT,2.70,44.34,0.000069,MISTI
20260528,0401,2025,AREQUIPA,AREQUIPA,20250624,035553,VT,3.10,21.29,0.000035,MISTI
20260528,0401,2025,AREQUIPA,AREQUIPA,20250624,074946,VT,4.80,23.33,0.000067,MISTI
20260528,0401,2025,AREQUIPA,AREQUIPA,20250624,114255,VT,5.20,29.45,0.000215,MISTI
20260528,0401,2025,AREQUIPA,AREQUIPA,20250626,214207,VT,3.60,17.83,0.000072,MISTI
20260528,0401,2025,AREQUIPA,AREQUIPA,20250627,030308,VT,8.60,13.06,0.000038,MISTI
20260528,0401,2025,AREQUIPA,AREQUIPA,20250629,055512,VT,5.50,17.91,0.000149,MISTI
20260528,0401,2025,AREQUIPA,AREQUIPA,20250629,070612,VT,4.60,18.56,0.000087,MISTI
20260528,0401,2025,AREQUIPA,AREQUIPA,20250629,171606,VT,4.10,23.98,0.000431,MISTI
20260528,0401,2025,AREQUIPA,AREQUIPA,20250629,215340,VT,5.20,14.98,0.000078,MISTI
20260528,0401,2025,AREQUIPA,AREQUIPA,20250630,033350,VT,4.50,15.39,0.000049,MISTI
20260528,0401,2025,AREQUIPA,AREQUIPA,20250630,064245,VT,5.50,21.07,0.000055,MISTI
20260528,0401,2025,AREQUIPA,AREQUIPA,20250630,145601,VT,2.70,14.25,0.000039,MISTI
20260528,0401,2025,AREQUIPA,AREQUIPA,20250701,031855,VT,3.50,14.07,0.000023,MISTI
20260528,0401,2025,AREQUIPA,AREQUIPA,20250701,213152,VT,3.60,16.53,0.000071,MISTI
20260528,0401,2025,AREQUIPA,AREQUIPA,20250701,214901,VT,5.20,27.11,0.000109,MISTI
20260528,0401,2025,AREQUIPA,AREQUIPA,20250701,233548,VT,5.30,18.02,0.000024,MISTI
20260528,0401,2025,AREQUIPA,AREQUIPA,20250702,000537,VT,3.50,15.00,0.000015,MISTI
20260528,0401,2025,AREQUIPA,AREQUIPA,20250702,004005,VT,3.40,15.99,0.000029,MISTI
20260528,0401,2025,AREQUIPA,AREQUIPA,20250702,012500,VT,3.50,18.53,0.000060,MISTI
20260528,0401,2025,AREQUIPA,AREQUIPA,20250702,015914,VT,4.60,12.92,0.000032,MISTI
20260528,0401,2025,AREQUIPA,AREQUIPA,20250702,021535,VT,2.80,17.75,0.000030,MISTI
20260528,0401,2025,AREQUIPA,AREQUIPA,20250702,022827,VT,3.20,23.72,0.000169,MISTI
20260528,0401,2025,AREQUIPA,AREQUIPA,20250702,024327,VT,3.60,25.67,0.000042,MISTI
20260528,0401,2025,AREQUIPA,AREQUIPA,20250702,031949,VT,3.70,16.84,0.000032,MISTI
20260528,0401,2025,AREQUIPA,AREQUIPA,20250702,052948,VT,2.90,23.21,0.000053,MISTI
20260528,0401,2025,AREQUIPA,AREQUIPA,20250702,055838,TO,4.00,41.19,0.002525,MISTI
20260528,0401,2025,AREQUIPA,AREQUIPA,20250702,120937,VT,6.90,19.96,0.000256,MISTI
20260528,0401,2025,AREQUIPA,AREQUIPA,20250702,201103,VT,5.20,19.74,0.000108,MISTI
20260528,0401,2025,AREQUIPA,AREQUIPA,20250702,213010,VT,2.90,16.96,0.000034,MISTI
20260528,0401,2025,AREQUIPA,AREQUIPA,20250702,232538,VT,3.20,23.76,0.000029,MISTI
20260528,0401,2025,AREQUIPA,AREQUIPA,20250703,073939,VT,4.10,15.51,0.000043,MISTI
20260528,0401,2025,AREQUIPA,AREQUIPA,20250703,083139,VT,3.20,18.68,0.000038,MISTI
20260528,0401,2025,AREQUIPA,AREQUIPA,20250703,231116,VT,3.40,19.44,0.000153,MISTI
20260528,0401,2025,AREQUIPA,AREQUIPA,20250704,043125,VT,3.60,11.76,0.000029,MISTI
20260528,0401,2025,AREQUIPA,AREQUIPA,20250704,051615,VT,4.60,13.34,0.000028,MISTI
20260528,0401,2025,AREQUIPA,AREQUIPA,20250704,075624,VT,3.20,15.84,0.000023,MISTI
20260528,0401,2025,AREQUIPA,AREQUIPA,20250704,081436,VT,5.20,18.35,0.000042,MISTI
20260528,0401,2025,AREQUIPA,AREQUIPA,20250704,084152,VT,3.50,17.53,0.000028,MISTI
20260528,0401,2025,AREQUIPA,AREQUIPA,20250704,213716,VT,5.30,16.12,0.000045,MISTI
20260528,0401,2025,AREQUIPA,AREQUIPA,20250704,233757,VT,3.20,24.99,0.000342,MISTI
20260528,0401,2025,AREQUIPA,AREQUIPA,20250705,020540,VT,4.50,16.36,0.000044,MISTI
20260528,0401,2025,AREQUIPA,AREQUIPA,20250705,031452,VT,3.20,19.25,0.000427,MISTI
20260528,0401,2025,AREQUIPA,AREQUIPA,20250705,032414,VT,5.20,15.73,0.000035,MISTI
20260528,0401,2025,AREQUIPA,AREQUIPA,20250706,004257,VT,3.80,13.21,0.000020,MISTI
20260528,0401,2025,AREQUIPA,AREQUIPA,20250706,051240,VT,5.20,27.64,0.000647,MISTI
20260528,0401,2025,AREQUIPA,AREQUIPA,20250706,104459,VT,3.90,14.89,0.000022,MISTI
20260528,0401,2025,AREQUIPA,AREQUIPA,20250707,023117,VT,4.60,21.32,0.000036,MISTI
20260528,0401,2025,AREQUIPA,AREQUIPA,20250707,031210,VT,5.20,21.74,0.000201,MISTI
20260528,0401,2025,AREQUIPA,AREQUIPA,20250707,033728,VT,4.20,20.45,0.000027,MISTI
20260528,0401,2025,AREQUIPA,AREQUIPA,20250707,073604,VT,5.20,14.70,0.000031,MISTI
20260528,0401,2025,AREQUIPA,AREQUIPA,20250707,112226,VT,4.10,19.38,0.000038,MISTI
20260528,0401,2025,AREQUIPA,AREQUIPA,20250707,133557,VT,2.50,23.78,0.000075,MISTI
20260528,0401,2025,AREQUIPA,AREQUIPA,20250707,223844,VT,3.40,18.05,0.000024,MISTI
20260528,0401,2025,AREQUIPA,AREQUIPA,20250709,000913,VT,3.50,34.89,0.000337,MISTI
20260528,0401,2025,AREQUIPA,AREQUIPA,20250709,142440,VT,3.00,24.09,0.000064,MISTI
20260528,0401,2025,AREQUIPA,AREQUIPA,20250709,160225,TO,3.70,73.47,0.040664,MISTI
20260528,0401,2025,AREQUIPA,AREQUIPA,20250709,164424,VT,5.40,18.58,0.000087,MISTI
20260528,0401,2025,AREQUIPA,AREQUIPA,20250710,114211,VT,2.80,16.73,0.000028,MISTI
20260528,0401,2025,AREQUIPA,AREQUIPA,20250710,150901,VT,3.00,20.98,0.000101,MISTI
20260528,0401,2025,AREQUIPA,AREQUIPA,20250710,161710,VT,5.20,25.97,0.000151,MISTI
20260528,0401,2025,AREQUIPA,AREQUIPA,20250711,035350,VT,5.20,20.16,0.000038,MISTI
20260528,0401,2025,AREQUIPA,AREQUIPA,20250711,041544,VT,2.80,97.12,0.000220,MISTI
20260528,0401,2025,AREQUIPA,AREQUIPA,20250711,065038,VT,3.20,22.89,0.000043,MISTI
20260528,0401,2025,AREQUIPA,AREQUIPA,20250711,120707,VT,3.60,23.94,0.000045,MISTI
20260528,0401,2025,AREQUIPA,AREQUIPA,20250711,125757,VT,6.70,29.99,0.000277,MISTI
20260528,0401,2025,AREQUIPA,AREQUIPA,20250711,214553,VT,5.20,15.12,0.000089,MISTI
20260528,0401,2025,AREQUIPA,AREQUIPA,20250711,221108,VT,3.70,23.34,0.000060,MISTI
20260528,0401,2025,AREQUIPA,AREQUIPA,20250711,221815,VT,3.00,20.11,0.000043,MISTI
20260528,0401,2025,AREQUIPA,AREQUIPA,20250711,234337,VT,3.00,22.58,0.000035,MISTI
20260528,0401,2025,AREQUIPA,AREQUIPA,20250712,002255,VT,6.30,23.17,0.000233,MISTI
20260528,0401,2025,AREQUIPA,AREQUIPA,20250712,010625,VT,4.60,17.94,0.000050,MISTI
20260528,0401,2025,AREQUIPA,AREQUIPA,20250712,013102,VT,5.30,22.34,0.000162,MISTI
20260528,0401,2025,AREQUIPA,AREQUIPA,20250713,054722,VT,6.00,25.54,0.000038,MISTI
20260528,0401,2025,AREQUIPA,AREQUIPA,20250713,144320,VT,5.50,21.83,0.000103,MISTI
20260528,0401,2025,AREQUIPA,AREQUIPA,20250713,225153,VT,3.00,22.13,0.000049,MISTI
20260528,0401,2025,AREQUIPA,AREQUIPA,20250714,033828,VT,4.30,37.12,0.000185,MISTI
20260528,0401,2025,AREQUIPA,AREQUIPA,20250714,060740,VT,5.20,17.32,0.000021,MISTI
20260528,0401,2025,AREQUIPA,AREQUIPA,20250714,230758,VT,3.50,21.05,0.000025,MISTI
20260528,0401,2025,AREQUIPA,AREQUIPA,20250714,235800,VT,2.80,16.68,0.000034,MISTI
20260528,0401,2025,AREQUIPA,AREQUIPA,20250715,000343,VT,3.50,14.36,0.000028,MISTI
20260528,0401,2025,AREQUIPA,AREQUIPA,20250715,125303,VT,5.50,16.41,0.000042,MISTI
20260528,0401,2025,AREQUIPA,AREQUIPA,20250715,141108,VT,4.10,22.02,0.000070,MISTI
20260528,0401,2025,AREQUIPA,AREQUIPA,20250716,012249,VT,3.50,20.37,0.000072,MISTI
20260528,0401,2025,AREQUIPA,AREQUIPA,20250716,043044,VT,3.70,25.06,0.000060,MISTI
20260528,0401,2025,AREQUIPA,AREQUIPA,20250716,050039,VT,5.20,19.09,0.000107,MISTI
20260528,0401,2025,AREQUIPA,AREQUIPA,20250716,061102,VT,5.10,22.94,0.000062,MISTI
20260528,0401,2025,AREQUIPA,AREQUIPA,20250716,203123,VT,4.70,18.37,0.000107,MISTI
20260528,0401,2025,AREQUIPA,AREQUIPA,20250717,202639,VT,2.70,18.82,0.000074,MISTI
20260528,0401,2025,AREQUIPA,AREQUIPA,20250718,030727,VT,5.20,19.89,0.000046,MISTI
20260528,0401,2025,AREQUIPA,AREQUIPA,20250718,064632,VT,12.50,25.62,0.000077,MISTI
20260528,0401,2025,AREQUIPA,AREQUIPA,20250719,022026,VT,3.10,31.76,0.000088,MISTI
20260528,0401,2025,AREQUIPA,AREQUIPA,20250719,022526,TO,3.00,75.70,0.000658,MISTI
20260528,0401,2025,AREQUIPA,AREQUIPA,20250719,045127,VT,5.00,26.61,0.000072,MISTI
20260528,0401,2025,AREQUIPA,AREQUIPA,20250719,080425,VT,3.40,21.83,0.000041,MISTI
20260528,0401,2025,AREQUIPA,AREQUIPA,20250719,084958,VT,3.80,29.41,0.000157,MISTI
20260528,0401,2025,AREQUIPA,AREQUIPA,20250720,024212,VT,4.10,26.44,0.000054,MISTI
20260528,0401,2025,AREQUIPA,AREQUIPA,20250720,153125,VT,5.20,17.41,0.000036,MISTI
20260528,0401,2025,AREQUIPA,AREQUIPA,20250721,004436,VT,5.80,25.57,0.000167,MISTI
20260528,0401,2025,AREQUIPA,AREQUIPA,20250721,082933,TO,2.90,62.28,0.000256,MISTI
20260528,0401,2025,AREQUIPA,AREQUIPA,20250721,100607,VT,5.90,21.74,0.000063,MISTI
20260528,0401,2025,AREQUIPA,AREQUIPA,20250721,183403,VT,5.00,24.39,0.000801,MISTI
20260528,0401,2025,AREQUIPA,AREQUIPA,20250722,044334,VT,12.70,26.31,0.000148,MISTI
20260528,0401,2025,AREQUIPA,AREQUIPA,20250722,111949,VT,5.20,22.50,0.000035,MISTI
20260528,0401,2025,AREQUIPA,AREQUIPA,20250722,114410,VT,2.90,19.48,0.000035,MISTI
20260528,0401,2025,AREQUIPA,AREQUIPA,20250722,133558,VT,5.90,25.80,0.001542,MISTI
20260528,0401,2025,AREQUIPA,AREQUIPA,20250723,155627,VT,5.40,29.24,0.019288,MISTI
20260528,0401,2025,AREQUIPA,AREQUIPA,20250723,221334,VT,3.10,34.61,0.000877,MISTI
20260528,0401,2025,AREQUIPA,AREQUIPA,20250724,213824,VD,2.60,1.89,0.000008,MISTI
20260528,0401,2025,AREQUIPA,AREQUIPA,20250725,055057,VT,5.90,7.45,0.000022,MISTI
20260528,0401,2025,AREQUIPA,AREQUIPA,20250725,055218,VT,9.80,10.40,0.000207,MISTI
20260528,0401,2025,AREQUIPA,AREQUIPA,20250725,055553,VT,5.20,6.73,0.000053,MISTI
20260528,0401,2025,AREQUIPA,AREQUIPA,20250725,062930,VT,4.60,11.01,0.000118,MISTI
20260528,0401,2025,AREQUIPA,AREQUIPA,20250725,065237,VT,4.70,19.57,0.000050,MISTI
20260528,0401,2025,AREQUIPA,AREQUIPA,20250725,081153,VT,9.30,1.49,0.000024,MISTI
20260528,0401,2025,AREQUIPA,AREQUIPA,20250725,102751,VT,3.80,42.08,0.000534,MISTI
20260528,0401,2025,AREQUIPA,AREQUIPA,20250727,092833,VT,3.00,20.40,0.000220,MISTI
20260528,0401,2025,AREQUIPA,AREQUIPA,20250730,044600,VT,5.00,12.94,0.000415,MISTI
20260528,0401,2025,AREQUIPA,AREQUIPA,20250731,062052,VT,4.70,8.97,0.120492,MISTI
20260528,0401,2025,AREQUIPA,AREQUIPA,20250801,163208,VT,5.70,13.44,0.200526,MISTI
20260528,0401,2025,AREQUIPA,AREQUIPA,20250802,001411,VD,3.80,12.67,0.000068,MISTI
20260528,0401,2025,AREQUIPA,AREQUIPA,20250802,182815,VD,3.80,18.80,0.000602,MISTI
20260528,0401,2025,AREQUIPA,AREQUIPA,20250802,183048,VT,5.90,13.42,0.010059,MISTI
20260528,0401,2025,AREQUIPA,AREQUIPA,20250804,095446,VT,4.70,15.61,0.000203,MISTI
20260528,0401,2025,AREQUIPA,AREQUIPA,20250804,112401,VT,5.20,23.66,0.000065,MISTI
20260528,0401,2025,AREQUIPA,AREQUIPA,20250804,120416,VT,3.80,26.69,0.000157,MISTI
20260528,0401,2025,AREQUIPA,AREQUIPA,20250804,122308,VT,3.40,16.29,0.000093,MISTI
20260528,0401,2025,AREQUIPA,AREQUIPA,20250804,124356,VT,5.00,18.02,0.000108,MISTI
20260528,0401,2025,AREQUIPA,AREQUIPA,20250804,132708,VT,2.80,16.15,0.000069,MISTI
20260528,0401,2025,AREQUIPA,AREQUIPA,20250805,040945,VT,4.70,26.87,0.000184,MISTI
20260528,0401,2025,AREQUIPA,AREQUIPA,20250805,084757,VD,12.10,27.56,0.000609,MISTI
20260528,0401,2025,AREQUIPA,AREQUIPA,20250805,201948,VD,3.50,37.65,0.000722,MISTI
20260528,0401,2025,AREQUIPA,AREQUIPA,20250806,075831,VT,3.20,23.87,0.000665,MISTI
20260528,0401,2025,AREQUIPA,AREQUIPA,20250806,130855,VT,3.40,17.78,0.000071,MISTI
20260528,0401,2025,AREQUIPA,AREQUIPA,20250807,112013,VT,3.80,28.37,0.000100,MISTI
20260528,0401,2025,AREQUIPA,AREQUIPA,20250807,112440,VT,3.50,23.44,0.000811,MISTI
20260528,0401,2025,AREQUIPA,AREQUIPA,20250807,132443,VD,3.60,70.63,0.000226,MISTI
20260528,0401,2025,AREQUIPA,AREQUIPA,20250808,100353,VD,4.60,19.06,0.000037,MISTI
20260528,0401,2025,AREQUIPA,AREQUIPA,20250808,201649,VT,5.90,13.45,0.000522,MISTI
20260528,0401,2025,AREQUIPA,AREQUIPA,20250809,044102,VT,3.40,20.32,0.000467,MISTI
20260528,0401,2025,AREQUIPA,AREQUIPA,20250809,070225,VT,5.80,14.23,0.000396,MISTI
20260528,0401,2025,AREQUIPA,AREQUIPA,20250810,061025,VT,12.80,11.61,0.011996,MISTI
20260528,0401,2025,AREQUIPA,AREQUIPA,20250811,020923,VT,3.30,20.32,0.000192,MISTI
20260528,0401,2025,AREQUIPA,AREQUIPA,20250812,040418,VT,3.50,31.20,0.000093,MISTI
20260528,0401,2025,AREQUIPA,AREQUIPA,20250812,223103,VT,3.00,90.11,0.055960,MISTI
20260528,0401,2025,AREQUIPA,AREQUIPA,20250813,155914,VT,8.00,14.44,0.045326,MISTI
20260528,0401,2025,AREQUIPA,AREQUIPA,20250813,181629,VT,5.90,13.23,0.016319,MISTI
20260528,0401,2025,AREQUIPA,AREQUIPA,20250815,160204,VT,5.90,9.58,0.000525,MISTI
20260528,0401,2025,AREQUIPA,AREQUIPA,20250820,065512,VT,3.70,16.18,0.000110,MISTI
20260528,0401,2025,AREQUIPA,AREQUIPA,20250820,071842,VD,11.10,18.17,0.000048,MISTI
20260528,0401,2025,AREQUIPA,AREQUIPA,20250821,063340,VT,2.90,19.11,0.000302,MISTI
20260528,0401,2025,AREQUIPA,AREQUIPA,20250821,063940,VT,4.70,12.43,0.000147,MISTI
20260528,0401,2025,AREQUIPA,AREQUIPA,20250821,070629,VT,4.20,13.23,0.000070,MISTI
20260528,0401,2025,AREQUIPA,AREQUIPA,20250821,074132,VT,4.70,25.53,0.000245,MISTI
20260528,0401,2025,AREQUIPA,AREQUIPA,20250821,085412,VT,6.40,12.94,0.000036,MISTI
20260528,0401,2025,AREQUIPA,AREQUIPA,20250821,100055,VD,4.70,9.55,0.000036,MISTI
20260528,0401,2025,AREQUIPA,AREQUIPA,20250821,101637,VD,5.10,8.00,0.000017,MISTI
20260528,0401,2025,AREQUIPA,AREQUIPA,20250821,103022,VD,10.00,7.11,0.000066,MISTI
20260528,0401,2025,AREQUIPA,AREQUIPA,20250822,055621,VD,4.40,9.58,0.001662,MISTI
20260528,0401,2025,AREQUIPA,AREQUIPA,20250823,101708,VD,4.90,12.13,0.000128,MISTI
20260528,0401,2025,AREQUIPA,AREQUIPA,20250825,101633,VD,3.50,13.78,0.000226,MISTI
20260528,0401,2025,AREQUIPA,AREQUIPA,20250825,102920,VT,3.50,14.62,0.000448,MISTI
20260528,0401,2025,AREQUIPA,AREQUIPA,20250826,045628,VT,3.40,13.16,0.000073,MISTI
20260528,0401,2025,AREQUIPA,AREQUIPA,20250826,050249,VT,3.40,19.55,0.000068,MISTI
20260528,0401,2025,AREQUIPA,AREQUIPA,20250826,050335,VT,5.90,14.21,0.000184,MISTI
20260528,0401,2025,AREQUIPA,AREQUIPA,20250826,051717,VD,5.00,24.60,0.000082,MISTI
20260528,0401,2025,AREQUIPA,AREQUIPA,20250827,081924,VT,5.20,24.35,0.001126,MISTI
20260528,0401,2025,AREQUIPA,AREQUIPA,20250827,084255,VT,3.30,26.01,0.000159,MISTI
20260528,0401,2025,AREQUIPA,AREQUIPA,20250827,222825,VT,4.90,21.55,0.001283,MISTI
20260528,0401,2025,AREQUIPA,AREQUIPA,20250828,005120,VT,5.50,16.04,0.000609,MISTI
20260528,0401,2025,AREQUIPA,AREQUIPA,20250828,024118,VD,4.60,19.09,0.000046,MISTI
20260528,0401,2025,AREQUIPA,AREQUIPA,20250828,033639,VT,7.30,19.97,0.000050,MISTI
20260528,0401,2025,AREQUIPA,AREQUIPA,20250828,033641,VT,7.80,18.22,0.000048,MISTI
20260528,0401,2025,AREQUIPA,AREQUIPA,20250828,040907,VT,3.60,21.37,0.000030,MISTI
20260528,0401,2025,AREQUIPA,AREQUIPA,20250828,042805,VT,5.20,13.90,0.000033,MISTI
20260528,0401,2025,AREQUIPA,AREQUIPA,20250828,044700,VD,3.50,15.89,0.000068,MISTI
20260528,0401,2025,AREQUIPA,AREQUIPA,20250828,052333,VD,3.40,18.93,0.000020,MISTI
20260528,0401,2025,AREQUIPA,AREQUIPA,20250828,065810,VD,3.50,20.67,0.000044,MISTI
20260528,0401,2025,AREQUIPA,AREQUIPA,20250828,070043,VT,3.50,18.21,0.000066,MISTI
20260528,0401,2025,AREQUIPA,AREQUIPA,20250828,081245,VD,5.20,14.96,0.000018,MISTI
20260528,0401,2025,AREQUIPA,AREQUIPA,20250828,100427,VT,3.10,24.73,0.000046,MISTI
20260528,0401,2025,AREQUIPA,AREQUIPA,20250828,102336,VT,7.30,30.13,0.003003,MISTI
20260528,0401,2025,AREQUIPA,AREQUIPA,20250828,102956,VD,3.40,20.78,0.000037,MISTI
20260528,0401,2025,AREQUIPA,AREQUIPA,20250828,105129,VD,4.50,28.54,0.000049,MISTI
20260528,0401,2025,AREQUIPA,AREQUIPA,20250828,110952,VT,2.70,28.90,0.000037,MISTI
20260528,0401,2025,AREQUIPA,AREQUIPA,20250828,114219,VD,2.70,33.34,0.000054,MISTI
20260528,0401,2025,AREQUIPA,AREQUIPA,20250828,115046,VD,3.10,21.29,0.000028,MISTI
20260528,0401,2025,AREQUIPA,AREQUIPA,20250828,130732,VD,4.20,25.02,0.000152,MISTI
20260528,0401,2025,AREQUIPA,AREQUIPA,20250828,131449,VT,2.80,23.91,0.003035,MISTI
20260528,0401,2025,AREQUIPA,AREQUIPA,20250828,133131,VT,2.70,63.81,0.000163,MISTI
20260528,0401,2025,AREQUIPA,AREQUIPA,20250828,140836,VD,3.60,16.52,0.000188,MISTI
20260528,0401,2025,AREQUIPA,AREQUIPA,20250828,215304,VD,3.90,63.54,0.000146,MISTI
20260528,0401,2025,AREQUIPA,AREQUIPA,20250829,002747,VD,5.90,17.87,0.000048,MISTI
20260528,0401,2025,AREQUIPA,AREQUIPA,20250829,011215,VD,3.20,19.21,0.000017,MISTI
20260528,0401,2025,AREQUIPA,AREQUIPA,20250829,084046,VT,5.30,28.48,0.000037,MISTI
20260528,0401,2025,AREQUIPA,AREQUIPA,20250829,094046,VD,3.00,23.92,0.000042,MISTI
20260528,0401,2025,AREQUIPA,AREQUIPA,20250829,100251,VD,5.20,22.80,0.000029,MISTI
20260528,0401,2025,AREQUIPA,AREQUIPA,20250830,160218,VT,5.20,16.59,0.000147,MISTI
20260528,0401,2025,AREQUIPA,AREQUIPA,20250831,023302,VD,3.20,45.72,0.002023,MISTI
20260528,0401,2025,AREQUIPA,AREQUIPA,20250831,083501,VD,3.00,63.93,0.000473,MISTI
20260528,0401,2025,AREQUIPA,AREQUIPA,20250831,113513,VT,7.30,17.29,0.000209,MISTI
20260528,0401,2025,AREQUIPA,AREQUIPA,20250831,161046,VT,5.20,24.66,0.000165,MISTI
20260528,0401,2025,AREQUIPA,AREQUIPA,20250831,163302,VT,5.20,16.98,0.001482,MISTI
20260528,0401,2025,AREQUIPA,AREQUIPA,20250831,205216,VT,5.40,11.94,0.000162,MISTI
20260528,0401,2025,AREQUIPA,AREQUIPA,20250831,210216,VT,3.80,23.80,0.000116,MISTI
20260528,0401,2025,AREQUIPA,AREQUIPA,20250831,215213,VD,5.50,13.95,0.000300,MISTI
20260528,0401,2025,AREQUIPA,AREQUIPA,20250831,221134,VD,4.90,22.00,0.000271,MISTI
20260528,0401,2025,AREQUIPA,AREQUIPA,20250901,181119,VT,5.10,14.24,0.000104,MISTI
20260528,0401,2025,AREQUIPA,AREQUIPA,20250901,204936,VT,5.20,15.30,0.000054,MISTI
20260528,0401,2025,AREQUIPA,AREQUIPA,20250902,004258,VT,3.40,36.68,0.000040,MISTI
20260528,0401,2025,AREQUIPA,AREQUIPA,20250902,005450,VD,4.20,20.76,0.000034,MISTI
20260528,0401,2025,AREQUIPA,AREQUIPA,20250902,010153,VT,3.10,25.37,0.000031,MISTI
20260528,0401,2025,AREQUIPA,AREQUIPA,20250902,034154,VT,3.60,20.27,0.000016,MISTI
20260528,0401,2025,AREQUIPA,AREQUIPA,20250902,053553,VD,5.30,16.62,0.000020,MISTI
20260528,0401,2025,AREQUIPA,AREQUIPA,20250902,064156,VT,3.00,27.14,0.000030,MISTI
20260528,0401,2025,AREQUIPA,AREQUIPA,20250902,064823,VT,4.70,18.78,0.000025,MISTI
20260528,0401,2025,AREQUIPA,AREQUIPA,20250902,072819,VD,4.70,33.50,0.000099,MISTI
20260528,0401,2025,AREQUIPA,AREQUIPA,20250902,101651,VD,3.20,29.51,0.000052,MISTI
20260528,0401,2025,AREQUIPA,AREQUIPA,20250902,104216,VD,3.30,23.31,0.000645,MISTI
20260528,0401,2025,AREQUIPA,AREQUIPA,20250902,105221,VD,3.40,24.30,0.000034,MISTI
20260528,0401,2025,AREQUIPA,AREQUIPA,20250902,121549,VD,3.30,27.11,0.000148,MISTI
20260528,0401,2025,AREQUIPA,AREQUIPA,20250902,212316,VT,3.80,32.43,0.000074,MISTI
20260528,0401,2025,AREQUIPA,AREQUIPA,20250902,212931,VD,4.00,17.20,0.000041,MISTI
20260528,0401,2025,AREQUIPA,AREQUIPA,20250902,214116,VD,3.60,23.17,0.000036,MISTI
20260528,0401,2025,AREQUIPA,AREQUIPA,20250902,220535,VT,3.70,13.02,0.000087,MISTI
20260528,0401,2025,AREQUIPA,AREQUIPA,20250903,042908,VT,2.80,17.30,0.000023,MISTI
20260528,0401,2025,AREQUIPA,AREQUIPA,20250903,044843,VT,4.90,26.12,0.000066,MISTI
20260528,0401,2025,AREQUIPA,AREQUIPA,20250903,053729,VT,3.60,28.49,0.002044,MISTI
20260528,0401,2025,AREQUIPA,AREQUIPA,20250903,062513,VD,4.30,16.94,0.000024,MISTI
20260528,0401,2025,AREQUIPA,AREQUIPA,20250903,064241,VT,3.50,24.83,0.000026,MISTI
20260528,0401,2025,AREQUIPA,AREQUIPA,20250903,092407,VT,6.20,11.08,0.000019,MISTI
20260528,0401,2025,AREQUIPA,AREQUIPA,20250903,111051,VT,4.10,34.36,0.000152,MISTI
20260528,0401,2025,AREQUIPA,AREQUIPA,20250903,120537,VT,3.20,27.77,0.000104,MISTI
20260528,0401,2025,AREQUIPA,AREQUIPA,20250903,131647,VT,3.10,18.43,0.000034,MISTI
20260528,0401,2025,AREQUIPA,AREQUIPA,20250903,144319,VD,2.70,45.49,0.000347,MISTI
20260528,0401,2025,AREQUIPA,AREQUIPA,20250903,185801,VD,10.20,16.88,0.000065,MISTI
20260528,0401,2025,AREQUIPA,AREQUIPA,20250903,194239,VT,2.40,25.58,0.000620,MISTI
20260528,0401,2025,AREQUIPA,AREQUIPA,20250903,202302,VT,12.60,29.39,0.000094,MISTI
20260528,0401,2025,AREQUIPA,AREQUIPA,20250904,014511,VT,3.40,19.17,0.000053,MISTI
20260528,0401,2025,AREQUIPA,AREQUIPA,20250904,040000,VD,4.80,18.01,0.001083,MISTI
20260528,0401,2025,AREQUIPA,AREQUIPA,20250904,044231,VT,4.90,22.16,0.001360,MISTI
20260528,0401,2025,AREQUIPA,AREQUIPA,20250904,045526,VT,5.50,24.09,0.000140,MISTI
20260528,0401,2025,AREQUIPA,AREQUIPA,20250904,093424,VT,5.50,15.52,0.000067,MISTI
20260528,0401,2025,AREQUIPA,AREQUIPA,20250904,104847,VT,3.50,17.60,0.000021,MISTI
20260528,0401,2025,AREQUIPA,AREQUIPA,20250904,110709,VT,6.20,20.72,0.000222,MISTI
20260528,0401,2025,AREQUIPA,AREQUIPA,20250904,153857,VT,8.80,14.30,0.001019,MISTI
20260528,0401,2025,AREQUIPA,AREQUIPA,20250904,193322,VT,3.50,15.95,0.000336,MISTI
20260528,0401,2025,AREQUIPA,AREQUIPA,20250905,021559,VT,3.20,22.08,0.000026,MISTI
20260528,0401,2025,AREQUIPA,AREQUIPA,20250905,024013,VT,5.50,14.93,0.000029,MISTI
20260528,0401,2025,AREQUIPA,AREQUIPA,20250905,040742,VD,3.90,30.00,0.000036,MISTI
20260528,0401,2025,AREQUIPA,AREQUIPA,20250905,065117,VD,3.40,63.55,0.008532,MISTI
20260528,0401,2025,AREQUIPA,AREQUIPA,20250905,082420,VT,12.30,25.21,0.001632,MISTI
20260528,0401,2025,AREQUIPA,AREQUIPA,20250905,103242,VT,4.20,34.64,0.000053,MISTI
20260528,0401,2025,AREQUIPA,AREQUIPA,20250905,111439,VT,12.40,19.59,0.000281,MISTI
20260528,0401,2025,AREQUIPA,AREQUIPA,20250905,123026,VT,2.90,19.53,0.000049,MISTI
20260528,0401,2025,AREQUIPA,AREQUIPA,20250905,142009,VT,2.50,15.26,0.000049,MISTI
20260528,0401,2025,AREQUIPA,AREQUIPA,20250905,192117,VD,3.90,23.15,0.000084,MISTI
20260528,0401,2025,AREQUIPA,AREQUIPA,20250905,195434,VT,4.40,15.36,0.000100,MISTI
20260528,0401,2025,AREQUIPA,AREQUIPA,20250905,212307,VD,5.50,13.42,0.000278,MISTI
20260528,0401,2025,AREQUIPA,AREQUIPA,20250905,212615,VD,2.40,23.30,0.000075,MISTI
20260528,0401,2025,AREQUIPA,AREQUIPA,20250905,221041,VD,0.10,104.26,0.016323,MISTI
20260528,0401,2025,AREQUIPA,AREQUIPA,20250905,230807,VD,5.00,26.01,0.000064,MISTI
20260528,0401,2025,AREQUIPA,AREQUIPA,20250906,011339,VT,3.40,27.36,0.000046,MISTI
20260528,0401,2025,AREQUIPA,AREQUIPA,20250906,054207,VT,3.40,23.28,0.000100,MISTI
20260528,0401,2025,AREQUIPA,AREQUIPA,20250906,062500,VD,5.70,19.19,0.000067,MISTI
20260528,0401,2025,AREQUIPA,AREQUIPA,20250906,082109,VD,5.40,16.34,0.000026,MISTI
20260528,0401,2025,AREQUIPA,AREQUIPA,20250906,100507,VT,3.20,23.65,0.000077,MISTI
20260528,0401,2025,AREQUIPA,AREQUIPA,20250906,111340,VD,2.90,27.93,0.000033,MISTI
20260528,0401,2025,AREQUIPA,AREQUIPA,20250906,122429,VD,5.00,18.06,0.000054,MISTI
20260528,0401,2025,AREQUIPA,AREQUIPA,20250906,124423,VD,5.30,28.89,0.000072,MISTI
20260528,0401,2025,AREQUIPA,AREQUIPA,20250906,164749,VD,5.30,12.60,0.000078,MISTI
20260528,0401,2025,AREQUIPA,AREQUIPA,20250906,225126,VD,5.30,14.45,0.000029,MISTI
20260528,0401,2025,AREQUIPA,AREQUIPA,20250906,235747,VD,5.50,13.21,0.000060,MISTI
20260528,0401,2025,AREQUIPA,AREQUIPA,20250907,010554,VT,5.20,18.53,0.000024,MISTI
20260528,0401,2025,AREQUIPA,AREQUIPA,20250907,034203,VD,4.80,18.94,0.000014,MISTI
20260528,0401,2025,AREQUIPA,AREQUIPA,20250907,053455,VT,3.50,16.47,0.000023,MISTI
20260528,0401,2025,AREQUIPA,AREQUIPA,20250907,055254,VD,3.40,12.03,0.000008,MISTI
20260528,0401,2025,AREQUIPA,AREQUIPA,20250907,120747,VD,4.90,24.63,0.000043,MISTI
20260528,0401,2025,AREQUIPA,AREQUIPA,20250907,124847,VD,4.80,13.38,0.000193,MISTI
20260528,0401,2025,AREQUIPA,AREQUIPA,20250907,125501,VT,4.20,24.32,0.000404,MISTI
20260528,0401,2025,AREQUIPA,AREQUIPA,20250907,160556,VD,3.00,16.38,0.000832,MISTI
20260528,0401,2025,AREQUIPA,AREQUIPA,20250907,170055,VD,5.20,16.51,0.003520,MISTI
20260528,0401,2025,AREQUIPA,AREQUIPA,20250907,180201,VD,5.30,70.44,0.000451,MISTI
20260528,0401,2025,AREQUIPA,AREQUIPA,20250907,190735,VT,5.00,23.19,0.000274,MISTI
20260528,0401,2025,AREQUIPA,AREQUIPA,20250908,025731,VD,4.90,15.07,0.000398,MISTI
20260528,0401,2025,AREQUIPA,AREQUIPA,20250909,052807,VD,3.50,23.83,0.000025,MISTI
20260528,0401,2025,AREQUIPA,AREQUIPA,20250909,060021,VD,4.10,19.47,0.000034,MISTI
20260528,0401,2025,AREQUIPA,AREQUIPA,20250909,063300,VT,3.20,18.19,0.000282,MISTI
20260528,0401,2025,AREQUIPA,AREQUIPA,20250909,085050,VT,3.60,29.62,0.000044,MISTI
20260528,0401,2025,AREQUIPA,AREQUIPA,20250909,090920,VD,4.00,29.42,0.000044,MISTI
20260528,0401,2025,AREQUIPA,AREQUIPA,20250909,095729,VD,3.40,14.72,0.000026,MISTI
20260528,0401,2025,AREQUIPA,AREQUIPA,20250909,113839,VD,4.20,22.81,0.000050,MISTI
20260528,0401,2025,AREQUIPA,AREQUIPA,20250910,005041,VD,3.80,68.90,0.000175,MISTI
20260528,0401,2025,AREQUIPA,AREQUIPA,20250910,012121,VD,7.00,23.57,0.000041,MISTI
20260528,0401,2025,AREQUIPA,AREQUIPA,20250910,020625,VD,3.20,14.54,0.000027,MISTI
20260528,0401,2025,AREQUIPA,AREQUIPA,20250910,024301,VD,3.40,25.88,0.000031,MISTI
20260528,0401,2025,AREQUIPA,AREQUIPA,20250910,025734,VT,3.60,17.43,0.000043,MISTI
20260528,0401,2025,AREQUIPA,AREQUIPA,20250910,031342,VT,3.40,24.52,0.000033,MISTI
20260528,0401,2025,AREQUIPA,AREQUIPA,20250910,060318,VD,2.80,24.23,0.000026,MISTI
20260528,0401,2025,AREQUIPA,AREQUIPA,20250910,071248,VD,4.70,10.63,0.000006,MISTI
20260528,0401,2025,AREQUIPA,AREQUIPA,20250910,075917,VD,8.90,11.31,0.000014,MISTI
20260528,0401,2025,AREQUIPA,AREQUIPA,20250910,083812,VT,5.30,17.77,0.000023,MISTI
20260528,0401,2025,AREQUIPA,AREQUIPA,20250910,092603,VD,6.20,18.57,0.000022,MISTI
20260528,0401,2025,AREQUIPA,AREQUIPA,20250910,093032,VD,3.50,17.08,0.000021,MISTI
20260528,0401,2025,AREQUIPA,AREQUIPA,20250910,095633,VT,9.30,22.10,0.000120,MISTI
20260528,0401,2025,AREQUIPA,AREQUIPA,20250910,100655,VD,5.20,14.76,0.000049,MISTI
20260528,0401,2025,AREQUIPA,AREQUIPA,20250910,112200,VD,3.40,16.04,0.000038,MISTI
20260528,0401,2025,AREQUIPA,AREQUIPA,20250910,113809,VD,3.30,67.31,0.000119,MISTI
20260528,0401,2025,AREQUIPA,AREQUIPA,20250910,131410,VT,3.30,11.61,0.000034,MISTI
20260528,0401,2025,AREQUIPA,AREQUIPA,20250910,232029,VD,2.90,14.34,0.000017,MISTI
20260528,0401,2025,AREQUIPA,AREQUIPA,20250910,234512,VT,3.40,15.42,0.000039,MISTI
20260528,0401,2025,AREQUIPA,AREQUIPA,20250911,001907,VT,3.90,30.08,0.000036,MISTI
20260528,0401,2025,AREQUIPA,AREQUIPA,20250911,004159,VD,3.10,27.06,0.000026,MISTI
20260528,0401,2025,AREQUIPA,AREQUIPA,20250911,012405,VT,5.50,16.14,0.000305,MISTI
20260528,0401,2025,AREQUIPA,AREQUIPA,20250911,020254,VT,5.00,19.45,0.000045,MISTI
20260528,0401,2025,AREQUIPA,AREQUIPA,20250911,021241,VT,3.50,19.71,0.000043,MISTI
20260528,0401,2025,AREQUIPA,AREQUIPA,20250911,021447,VD,7.30,10.88,0.000017,MISTI
20260528,0401,2025,AREQUIPA,AREQUIPA,20250911,051405,VD,3.00,18.33,0.000014,MISTI
20260528,0401,2025,AREQUIPA,AREQUIPA,20250911,071104,VD,3.70,41.93,0.000076,MISTI
20260528,0401,2025,AREQUIPA,AREQUIPA,20250911,173109,VT,4.10,13.67,0.000421,MISTI
20260528,0401,2025,AREQUIPA,AREQUIPA,20250911,192741,VD,6.70,19.66,0.000681,MISTI
20260528,0401,2025,AREQUIPA,AREQUIPA,20250912,023011,VT,3.20,15.56,0.000059,MISTI
20260528,0401,2025,AREQUIPA,AREQUIPA,20250912,035337,VT,15.00,7.78,0.000016,MISTI
20260528,0401,2025,AREQUIPA,AREQUIPA,20250912,084012,VT,5.50,15.63,0.000034,MISTI
20260528,0401,2025,AREQUIPA,AREQUIPA,20250912,101207,VT,4.40,13.83,0.002533,MISTI
20260528,0401,2025,AREQUIPA,AREQUIPA,20250912,103939,VT,4.80,17.33,0.000044,MISTI
20260528,0401,2025,AREQUIPA,AREQUIPA,20250912,134500,VD,2.40,12.51,0.000037,MISTI
20260528,0401,2025,AREQUIPA,AREQUIPA,20250912,202521,VT,5.40,13.09,0.001771,MISTI
20260528,0401,2025,AREQUIPA,AREQUIPA,20250912,202656,VT,4.90,21.13,0.215405,MISTI
20260528,0401,2025,AREQUIPA,AREQUIPA,20250912,203928,VT,5.90,19.18,0.000123,MISTI
20260528,0401,2025,AREQUIPA,AREQUIPA,20250913,043643,VT,4.10,18.35,0.000073,MISTI
20260528,0401,2025,AREQUIPA,AREQUIPA,20250913,054106,VD,3.30,41.02,0.000065,MISTI
20260528,0401,2025,AREQUIPA,AREQUIPA,20250913,071238,VT,3.30,39.22,0.000041,MISTI
20260528,0401,2025,AREQUIPA,AREQUIPA,20250913,072153,VT,5.50,13.95,0.000032,MISTI
20260528,0401,2025,AREQUIPA,AREQUIPA,20250913,075701,VT,3.70,15.50,0.000024,MISTI
20260528,0401,2025,AREQUIPA,AREQUIPA,20250913,085304,VT,3.60,38.75,0.000369,MISTI
20260528,0401,2025,AREQUIPA,AREQUIPA,20250913,091053,VT,5.50,31.86,0.000178,MISTI
20260528,0401,2025,AREQUIPA,AREQUIPA,20250913,100250,VD,4.60,16.65,0.000040,MISTI
20260528,0401,2025,AREQUIPA,AREQUIPA,20250913,110024,VT,3.20,19.30,0.000056,MISTI
20260528,0401,2025,AREQUIPA,AREQUIPA,20250913,192131,VD,5.20,13.55,0.000046,MISTI
20260528,0401,2025,AREQUIPA,AREQUIPA,20250914,032159,VT,3.40,11.39,0.000026,MISTI
20260528,0401,2025,AREQUIPA,AREQUIPA,20250914,034811,VT,7.30,11.69,0.000047,MISTI
20260528,0401,2025,AREQUIPA,AREQUIPA,20250914,035304,VT,5.50,19.86,0.000060,MISTI
20260528,0401,2025,AREQUIPA,AREQUIPA,20250914,050428,VT,2.90,9.39,0.000028,MISTI
20260528,0401,2025,AREQUIPA,AREQUIPA,20250914,051435,VT,6.00,10.24,0.000040,MISTI
20260528,0401,2025,AREQUIPA,AREQUIPA,20250914,052642,VT,5.00,21.85,0.000104,MISTI
20260528,0401,2025,AREQUIPA,AREQUIPA,20250914,060133,VT,3.10,10.41,0.000028,MISTI
20260528,0401,2025,AREQUIPA,AREQUIPA,20250914,061723,VT,5.20,14.89,0.000023,MISTI
20260528,0401,2025,AREQUIPA,AREQUIPA,20250914,071138,VT,2.90,12.24,0.000026,MISTI
20260528,0401,2025,AREQUIPA,AREQUIPA,20250914,071419,VT,3.40,19.29,0.000031,MISTI
20260528,0401,2025,AREQUIPA,AREQUIPA,20250914,074036,VT,5.90,13.11,0.000037,MISTI
20260528,0401,2025,AREQUIPA,AREQUIPA,20250914,205516,VT,4.70,21.65,0.000323,MISTI
20260528,0401,2025,AREQUIPA,AREQUIPA,20250915,084807,VT,3.20,13.89,0.000032,MISTI
20260528,0401,2025,AREQUIPA,AREQUIPA,20250915,094926,VT,2.80,9.53,0.000055,MISTI
20260528,0401,2025,AREQUIPA,AREQUIPA,20250915,103510,VT,3.10,15.86,0.000034,MISTI
20260528,0401,2025,AREQUIPA,AREQUIPA,20250915,133959,VT,2.90,15.96,0.000202,MISTI
20260528,0401,2025,AREQUIPA,AREQUIPA,20250915,140640,VT,3.70,28.41,0.003073,MISTI
20260528,0401,2025,AREQUIPA,AREQUIPA,20250915,201621,VD,4.40,23.65,0.000215,MISTI
20260528,0401,2025,AREQUIPA,AREQUIPA,20250915,224725,VT,5.50,12.80,0.000041,MISTI
20260528,0401,2025,AREQUIPA,AREQUIPA,20250915,225907,VD,3.20,21.49,0.000053,MISTI
20260528,0401,2025,AREQUIPA,AREQUIPA,20250916,001023,VT,4.70,11.76,0.000049,MISTI
20260528,0401,2025,AREQUIPA,AREQUIPA,20250916,010703,VT,6.00,10.65,0.000038,MISTI
20260528,0401,2025,AREQUIPA,AREQUIPA,20250916,011120,VT,3.20,20.55,0.000060,MISTI
20260528,0401,2025,AREQUIPA,AREQUIPA,20250916,011818,VT,4.10,13.46,0.000051,MISTI
20260528,0401,2025,AREQUIPA,AREQUIPA,20250916,013842,VD,3.90,29.59,0.000093,MISTI
20260528,0401,2025,AREQUIPA,AREQUIPA,20250916,020653,VT,3.20,22.26,0.000035,MISTI
20260528,0401,2025,AREQUIPA,AREQUIPA,20250916,021934,VD,4.50,17.87,0.000033,MISTI
20260528,0401,2025,AREQUIPA,AREQUIPA,20250916,025000,VD,3.10,17.82,0.000043,MISTI
20260528,0401,2025,AREQUIPA,AREQUIPA,20250916,030044,VD,2.90,13.13,0.000033,MISTI
20260528,0401,2025,AREQUIPA,AREQUIPA,20250916,030622,VD,3.70,23.50,0.000061,MISTI
20260528,0401,2025,AREQUIPA,AREQUIPA,20250916,030624,VD,3.70,19.34,0.000048,MISTI
20260528,0401,2025,AREQUIPA,AREQUIPA,20250916,042549,VD,3.40,18.57,0.000020,MISTI
20260528,0401,2025,AREQUIPA,AREQUIPA,20250916,053814,VT,4.20,11.54,0.000016,MISTI
20260528,0401,2025,AREQUIPA,AREQUIPA,20250916,055410,VD,6.30,13.91,0.000044,MISTI
20260528,0401,2025,AREQUIPA,AREQUIPA,20250916,060059,VT,5.50,19.00,0.000156,MISTI
20260528,0401,2025,AREQUIPA,AREQUIPA,20250916,061058,VD,6.30,16.75,0.000084,MISTI
20260528,0401,2025,AREQUIPA,AREQUIPA,20250916,062707,VT,3.70,27.09,0.000049,MISTI
20260528,0401,2025,AREQUIPA,AREQUIPA,20250916,063621,VT,5.50,16.09,0.000928,MISTI
20260528,0401,2025,AREQUIPA,AREQUIPA,20250916,064243,VT,3.20,23.03,0.004926,MISTI
20260528,0401,2025,AREQUIPA,AREQUIPA,20250916,065629,VT,3.70,14.94,0.000088,MISTI
20260528,0401,2025,AREQUIPA,AREQUIPA,20250916,074212,VT,6.30,18.02,0.000424,MISTI
20260528,0401,2025,AREQUIPA,AREQUIPA,20250916,081545,VT,4.60,27.98,0.000179,MISTI
20260528,0401,2025,AREQUIPA,AREQUIPA,20250916,084900,VD,2.80,11.79,0.000029,MISTI
20260528,0401,2025,AREQUIPA,AREQUIPA,20250916,093522,VT,3.60,18.04,0.000074,MISTI
20260528,0401,2025,AREQUIPA,AREQUIPA,20250916,130610,VD,2.40,16.04,0.000039,MISTI
20260528,0401,2025,AREQUIPA,AREQUIPA,20250916,185335,VT,3.90,22.58,0.000302,MISTI
20260528,0401,2025,AREQUIPA,AREQUIPA,20250916,194845,VT,3.60,14.07,0.000114,MISTI
20260528,0401,2025,AREQUIPA,AREQUIPA,20250917,001421,VT,5.30,13.39,0.000063,MISTI
20260528,0401,2025,AREQUIPA,AREQUIPA,20250917,003016,VT,3.10,17.13,0.000055,MISTI
20260528,0401,2025,AREQUIPA,AREQUIPA,20250917,010502,VT,3.00,20.43,0.000103,MISTI
20260528,0401,2025,AREQUIPA,AREQUIPA,20250917,010818,VT,10.00,28.74,0.000055,MISTI
20260528,0401,2025,AREQUIPA,AREQUIPA,20250917,020427,VT,3.00,26.81,0.000063,MISTI
20260528,0401,2025,AREQUIPA,AREQUIPA,20250917,021036,VT,10.00,16.74,0.000030,MISTI
20260528,0401,2025,AREQUIPA,AREQUIPA,20250917,022032,VT,6.20,12.83,0.000039,MISTI
20260528,0401,2025,AREQUIPA,AREQUIPA,20250917,023747,VT,10.00,29.47,0.000033,MISTI
20260528,0401,2025,AREQUIPA,AREQUIPA,20250917,025600,VT,10.00,22.05,0.000036,MISTI
20260528,0401,2025,AREQUIPA,AREQUIPA,20250917,061421,VT,10.00,21.74,0.000059,MISTI
20260528,0401,2025,AREQUIPA,AREQUIPA,20250917,062942,VT,3.70,22.94,0.000053,MISTI
20260528,0401,2025,AREQUIPA,AREQUIPA,20250917,071750,VT,7.10,23.78,0.000160,MISTI
20260528,0401,2025,AREQUIPA,AREQUIPA,20250917,151159,VT,2.80,28.26,0.000142,MISTI
20260528,0401,2025,AREQUIPA,AREQUIPA,20250917,183022,VT,4.20,29.97,0.001180,MISTI
20260528,0401,2025,AREQUIPA,AREQUIPA,20250917,191212,VT,4.10,15.26,0.000221,MISTI
20260528,0401,2025,AREQUIPA,AREQUIPA,20250917,211315,VT,3.70,10.16,0.000609,MISTI
20260528,0401,2025,AREQUIPA,AREQUIPA,20250917,212444,VT,3.80,21.36,0.000075,MISTI
20260528,0401,2025,AREQUIPA,AREQUIPA,20250917,212549,VT,3.80,12.90,0.000054,MISTI
20260528,0401,2025,AREQUIPA,AREQUIPA,20250917,220210,VT,3.40,16.23,0.000990,MISTI
20260528,0401,2025,AREQUIPA,AREQUIPA,20250917,234314,VT,10.00,23.98,0.000038,MISTI
20260528,0401,2025,AREQUIPA,AREQUIPA,20250918,005111,VT,10.00,15.88,0.000020,MISTI
20260528,0401,2025,AREQUIPA,AREQUIPA,20250918,072638,VT,5.00,22.23,0.000024,MISTI
20260528,0401,2025,AREQUIPA,AREQUIPA,20250918,083114,VT,5.60,42.57,0.000182,MISTI
20260528,0401,2025,AREQUIPA,AREQUIPA,20250918,084819,VT,5.00,21.03,0.000064,MISTI
20260528,0401,2025,AREQUIPA,AREQUIPA,20250918,104459,VT,3.70,38.63,0.000109,MISTI
20260528,0401,2025,AREQUIPA,AREQUIPA,20250918,114031,VT,5.10,8.82,0.000017,MISTI
20260528,0401,2025,AREQUIPA,AREQUIPA,20250918,172357,VT,2.40,20.55,0.000530,MISTI
20260528,0401,2025,AREQUIPA,AREQUIPA,20250918,195414,VT,4.10,25.80,0.000106,MISTI
20260528,0401,2025,AREQUIPA,AREQUIPA,20250918,200300,TO,2.80,49.05,0.000477,MISTI
20260528,0401,2025,AREQUIPA,AREQUIPA,20250918,222316,VT,3.00,15.06,0.000070,MISTI
20260528,0401,2025,AREQUIPA,AREQUIPA,20250918,222510,VT,3.60,13.96,0.000019,MISTI
20260528,0401,2025,AREQUIPA,AREQUIPA,20250918,222851,VT,10.00,10.80,0.000137,MISTI
20260528,0401,2025,AREQUIPA,AREQUIPA,20250918,223001,VT,10.00,30.10,0.000050,MISTI
20260528,0401,2025,AREQUIPA,AREQUIPA,20250918,224410,VT,3.40,27.94,0.000043,MISTI
20260528,0401,2025,AREQUIPA,AREQUIPA,20250918,234615,VT,5.30,21.62,0.000027,MISTI
20260528,0401,2025,AREQUIPA,AREQUIPA,20250919,012655,VT,10.00,62.95,0.000059,MISTI
20260528,0401,2025,AREQUIPA,AREQUIPA,20250919,013344,VT,2.90,26.28,0.000048,MISTI
20260528,0401,2025,AREQUIPA,AREQUIPA,20250919,050650,VT,5.00,36.50,0.000041,MISTI
20260528,0401,2025,AREQUIPA,AREQUIPA,20250919,102449,VT,10.00,39.12,0.000032,MISTI
20260528,0401,2025,AREQUIPA,AREQUIPA,20250919,120110,VT,3.70,22.74,0.000577,MISTI
20260528,0401,2025,AREQUIPA,AREQUIPA,20250919,123906,VT,2.70,45.35,0.000065,MISTI
20260528,0401,2025,AREQUIPA,AREQUIPA,20250919,130258,VT,2.70,30.32,0.000047,MISTI
20260528,0401,2025,AREQUIPA,AREQUIPA,20250919,131358,VT,2.40,25.29,0.000303,MISTI
20260528,0401,2025,AREQUIPA,AREQUIPA,20250919,154457,TO,8.50,58.53,0.001019,MISTI
20260528,0401,2025,AREQUIPA,AREQUIPA,20250919,204429,LP,4.50,48.74,0.002528,MISTI
20260528,0401,2025,AREQUIPA,AREQUIPA,20250920,044337,VT,3.20,22.07,0.000025,MISTI
20260528,0401,2025,AREQUIPA,AREQUIPA,20250920,053512,VT,3.50,29.47,0.000045,MISTI
20260528,0401,2025,AREQUIPA,AREQUIPA,20250920,055142,VT,2.90,31.94,0.000064,MISTI
20260528,0401,2025,AREQUIPA,AREQUIPA,20250920,061618,VT,3.20,34.81,0.000418,MISTI
20260528,0401,2025,AREQUIPA,AREQUIPA,20250920,063302,VT,2.90,23.32,0.000036,MISTI
20260528,0401,2025,AREQUIPA,AREQUIPA,20250920,073340,TO,7.00,43.03,0.000759,MISTI
20260528,0401,2025,AREQUIPA,AREQUIPA,20250920,101749,VT,4.00,19.67,0.000037,MISTI
20260528,0401,2025,AREQUIPA,AREQUIPA,20250920,165749,VT,5.30,25.84,0.000123,MISTI
20260528,0401,2025,AREQUIPA,AREQUIPA,20250921,042314,VT,2.90,19.60,0.000018,MISTI
20260528,0401,2025,AREQUIPA,AREQUIPA,20250921,044142,VT,3.50,18.88,0.000030,MISTI
20260528,0401,2025,AREQUIPA,AREQUIPA,20250922,092643,VT,3.20,27.50,0.000172,MISTI
20260528,0401,2025,AREQUIPA,AREQUIPA,20250922,100149,VT,4.90,22.01,0.000120,MISTI
20260528,0401,2025,AREQUIPA,AREQUIPA,20250922,192327,VT,2.90,20.61,0.000505,MISTI
20260528,0401,2025,AREQUIPA,AREQUIPA,20250923,022407,VT,3.40,24.73,0.000035,MISTI
20260528,0401,2025,AREQUIPA,AREQUIPA,20250923,041143,VT,3.40,24.45,0.000048,MISTI
20260528,0401,2025,AREQUIPA,AREQUIPA,20250923,044627,VT,3.40,25.21,0.000368,MISTI
20260528,0401,2025,AREQUIPA,AREQUIPA,20250923,051600,VT,3.10,22.25,0.000065,MISTI
20260528,0401,2025,AREQUIPA,AREQUIPA,20250923,052137,VT,3.70,26.44,0.000048,MISTI
20260528,0401,2025,AREQUIPA,AREQUIPA,20250923,052346,VT,7.80,23.65,0.000089,MISTI
20260528,0401,2025,AREQUIPA,AREQUIPA,20250923,052459,VT,5.50,17.77,0.000040,MISTI
20260528,0401,2025,AREQUIPA,AREQUIPA,20250923,060304,VT,6.30,25.76,0.000163,MISTI
20260528,0401,2025,AREQUIPA,AREQUIPA,20250923,075153,VT,3.80,23.46,0.000081,MISTI
20260528,0401,2025,AREQUIPA,AREQUIPA,20250923,100547,VT,5.90,18.50,0.000046,MISTI
20260528,0401,2025,AREQUIPA,AREQUIPA,20250923,194237,VT,3.90,16.60,0.000101,MISTI
20260528,0401,2025,AREQUIPA,AREQUIPA,20250923,215616,VT,5.20,23.42,0.000445,MISTI
20260528,0401,2025,AREQUIPA,AREQUIPA,20250923,232350,VT,3.40,19.84,0.000056,MISTI
20260528,0401,2025,AREQUIPA,AREQUIPA,20250924,025615,TO,3.90,69.45,0.011444,MISTI
20260528,0401,2025,AREQUIPA,AREQUIPA,20250924,070713,VT,4.90,33.89,0.000164,MISTI
20260528,0401,2025,AREQUIPA,AREQUIPA,20250925,011756,TO,3.50,27.40,0.000022,MISTI
20260528,0401,2025,AREQUIPA,AREQUIPA,20250925,011757,VT,3.40,17.76,0.000017,MISTI
20260528,0401,2025,AREQUIPA,AREQUIPA,20250925,025606,VT,3.10,23.21,0.000025,MISTI
20260528,0401,2025,AREQUIPA,AREQUIPA,20250925,072432,VT,10.00,23.07,0.000059,MISTI
20260528,0401,2025,AREQUIPA,AREQUIPA,20250925,075632,VT,4.90,25.21,0.000034,MISTI
20260528,0401,2025,AREQUIPA,AREQUIPA,20250925,110504,VT,3.10,19.64,0.000027,MISTI
20260528,0401,2025,AREQUIPA,AREQUIPA,20250925,200723,VT,3.20,14.22,0.000156,MISTI
20260528,0401,2025,AREQUIPA,AREQUIPA,20250925,215420,VT,3.50,19.05,0.000131,MISTI
20260528,0401,2025,AREQUIPA,AREQUIPA,20250926,002902,VT,16.20,28.34,0.000037,MISTI
20260528,0401,2025,AREQUIPA,AREQUIPA,20250926,032657,VT,6.30,30.42,0.000341,MISTI
20260528,0401,2025,AREQUIPA,AREQUIPA,20250926,053941,VT,3.50,22.09,0.000019,MISTI
20260528,0401,2025,AREQUIPA,AREQUIPA,20250926,071502,VT,5.30,21.05,0.000049,MISTI
20260528,0401,2025,AREQUIPA,AREQUIPA,20250927,104444,VT,3.00,22.91,0.000039,MISTI
20260528,0401,2025,AREQUIPA,AREQUIPA,20250927,131906,VT,5.50,21.39,0.000110,MISTI
20260528,0401,2025,AREQUIPA,AREQUIPA,20250928,134629,VT,5.90,31.80,0.000522,MISTI
20260528,0401,2025,AREQUIPA,AREQUIPA,20250929,050746,VT,5.10,24.71,0.000057,MISTI
20260528,0401,2025,AREQUIPA,AREQUIPA,20250929,093455,VT,3.90,23.37,0.000089,MISTI
20260528,0401,2025,AREQUIPA,AREQUIPA,20250930,163919,TO,3.50,31.01,0.003274,MISTI
20260528,0401,2025,AREQUIPA,AREQUIPA,20251001,011925,TO,5.70,33.80,0.001840,MISTI
20260528,0401,2025,AREQUIPA,AREQUIPA,20251001,011927,TO,5.70,25.40,0.001535,MISTI
20260528,0401,2025,AREQUIPA,AREQUIPA,20251001,015755,VT,3.20,24.59,0.000064,MISTI
20260528,0401,2025,AREQUIPA,AREQUIPA,20251001,042216,VT,6.30,21.74,0.000037,MISTI
20260528,0401,2025,AREQUIPA,AREQUIPA,20251001,044900,VT,3.70,17.92,0.000106,MISTI
20260528,0401,2025,AREQUIPA,AREQUIPA,20251001,051814,VT,7.70,25.22,0.000283,MISTI
20260528,0401,2025,AREQUIPA,AREQUIPA,20251001,100950,VT,4.70,23.49,0.000622,MISTI
20260528,0401,2025,AREQUIPA,AREQUIPA,20251001,114851,VT,2.40,22.07,0.000061,MISTI
20260528,0401,2025,AREQUIPA,AREQUIPA,20251002,064146,VT,3.40,19.49,0.000036,MISTI
20260528,0401,2025,AREQUIPA,AREQUIPA,20251002,110543,VT,3.40,21.01,0.000063,MISTI
20260528,0401,2025,AREQUIPA,AREQUIPA,20251003,131841,VT,2.70,41.38,0.000119,MISTI
20260528,0401,2025,AREQUIPA,AREQUIPA,20251004,102847,VT,4.10,29.90,0.000196,MISTI
20260528,0401,2025,AREQUIPA,AREQUIPA,20251004,195514,VT,4.90,20.16,0.000313,MISTI
20260528,0401,2025,AREQUIPA,AREQUIPA,20251005,005010,VT,5.00,24.77,0.000165,MISTI
20260528,0401,2025,AREQUIPA,AREQUIPA,20251006,034534,VT,5.90,14.67,0.000095,MISTI
20260528,0401,2025,AREQUIPA,AREQUIPA,20251007,013211,VD,5.00,25.72,0.000106,MISTI
20260528,0401,2025,AREQUIPA,AREQUIPA,20251007,015813,VT,3.10,10.87,0.000463,MISTI
20260528,0401,2025,AREQUIPA,AREQUIPA,20251007,024045,VT,4.30,24.52,0.000101,MISTI
20260528,0401,2025,AREQUIPA,AREQUIPA,20251007,025045,VT,7.30,14.36,0.000091,MISTI
20260528,0401,2025,AREQUIPA,AREQUIPA,20251007,025225,VT,5.50,12.27,0.000044,MISTI
20260528,0401,2025,AREQUIPA,AREQUIPA,20251007,031012,VT,3.00,27.07,0.000536,MISTI
20260528,0401,2025,AREQUIPA,AREQUIPA,20251007,040528,VT,4.70,21.21,0.001266,MISTI
20260528,0401,2025,AREQUIPA,AREQUIPA,20251007,042656,VT,3.20,25.22,0.000083,MISTI
20260528,0401,2025,AREQUIPA,AREQUIPA,20251007,044049,VT,4.70,20.12,0.000090,MISTI
20260528,0401,2025,AREQUIPA,AREQUIPA,20251007,052710,VT,5.10,18.97,0.000088,MISTI
20260528,0401,2025,AREQUIPA,AREQUIPA,20251007,055408,VT,3.30,16.83,0.000034,MISTI
20260528,0401,2025,AREQUIPA,AREQUIPA,20251007,062008,VT,4.70,28.60,0.000670,MISTI
20260528,0401,2025,AREQUIPA,AREQUIPA,20251007,070115,VT,7.30,13.60,0.000052,MISTI
20260528,0401,2025,AREQUIPA,AREQUIPA,20251007,070957,VT,5.30,14.77,0.000054,MISTI
20260528,0401,2025,AREQUIPA,AREQUIPA,20251008,093756,VT,3.10,18.17,0.000050,MISTI
20260528,0401,2025,AREQUIPA,AREQUIPA,20251008,104521,VT,3.30,18.10,0.000031,MISTI
20260528,0401,2025,AREQUIPA,AREQUIPA,20251008,121842,VT,7.30,13.83,0.000051,MISTI
20260528,0401,2025,AREQUIPA,AREQUIPA,20251008,222618,VT,4.70,15.03,0.000042,MISTI
20260528,0401,2025,AREQUIPA,AREQUIPA,20251009,013705,VT,5.10,14.37,0.000057,MISTI
20260528,0401,2025,AREQUIPA,AREQUIPA,20251009,023326,VT,6.50,20.28,0.000030,MISTI
20260528,0401,2025,AREQUIPA,AREQUIPA,20251009,023410,VT,3.10,20.00,0.000030,MISTI
20260528,0401,2025,AREQUIPA,AREQUIPA,20251009,025912,VT,3.50,31.61,0.000084,MISTI
20260528,0401,2025,AREQUIPA,AREQUIPA,20251009,032639,VT,2.80,16.09,0.000024,MISTI
20260528,0401,2025,AREQUIPA,AREQUIPA,20251009,033748,VT,5.50,13.05,0.000025,MISTI
20260528,0401,2025,AREQUIPA,AREQUIPA,20251009,045103,VT,3.20,18.80,0.000033,MISTI
20260528,0401,2025,AREQUIPA,AREQUIPA,20251009,051721,VT,2.80,16.70,0.000028,MISTI
20260528,0401,2025,AREQUIPA,AREQUIPA,20251009,053227,VT,3.90,14.60,0.000032,MISTI
20260528,0401,2025,AREQUIPA,AREQUIPA,20251009,053509,VT,2.60,12.55,0.000018,MISTI
20260528,0401,2025,AREQUIPA,AREQUIPA,20251009,055914,VT,5.30,15.56,0.000025,MISTI
20260528,0401,2025,AREQUIPA,AREQUIPA,20251009,072146,VT,4.30,17.14,0.000023,MISTI
20260528,0401,2025,AREQUIPA,AREQUIPA,20251009,075203,VT,4.60,12.99,0.000015,MISTI
20260528,0401,2025,AREQUIPA,AREQUIPA,20251009,080858,VT,4.50,6.17,0.000009,MISTI
20260528,0401,2025,AREQUIPA,AREQUIPA,20251009,102745,VT,4.10,37.88,0.000083,MISTI
20260528,0401,2025,AREQUIPA,AREQUIPA,20251009,111618,VT,3.00,20.90,0.000174,MISTI
20260528,0401,2025,AREQUIPA,AREQUIPA,20251009,114827,VT,4.20,30.65,0.000068,MISTI
20260528,0401,2025,AREQUIPA,AREQUIPA,20251009,120855,VT,4.40,16.24,0.000039,MISTI
20260528,0401,2025,AREQUIPA,AREQUIPA,20251009,133716,VT,2.70,19.19,0.000098,MISTI
20260528,0401,2025,AREQUIPA,AREQUIPA,20251009,182746,VT,10.30,14.32,0.000611,MISTI
20260528,0401,2025,AREQUIPA,AREQUIPA,20251009,233549,VT,5.50,19.18,0.000052,MISTI
20260528,0401,2025,AREQUIPA,AREQUIPA,20251010,003244,VT,3.70,16.53,0.000028,MISTI
20260528,0401,2025,AREQUIPA,AREQUIPA,20251010,010811,VT,3.50,13.86,0.000049,MISTI
20260528,0401,2025,AREQUIPA,AREQUIPA,20251010,014604,VT,3.70,19.14,0.000255,MISTI
20260528,0401,2025,AREQUIPA,AREQUIPA,20251010,034202,VT,3.20,17.91,0.000046,MISTI
20260528,0401,2025,AREQUIPA,AREQUIPA,20251010,034349,VD,3.90,28.81,0.000050,MISTI
20260528,0401,2025,AREQUIPA,AREQUIPA,20251010,045056,VT,7.10,22.19,0.000032,MISTI
20260528,0401,2025,AREQUIPA,AREQUIPA,20251010,093529,VT,4.50,21.03,0.000019,MISTI
20260528,0401,2025,AREQUIPA,AREQUIPA,20251010,112038,VD,2.60,30.65,0.000055,MISTI
20260528,0401,2025,AREQUIPA,AREQUIPA,20251010,132009,VT,2.70,16.89,0.000050,MISTI
20260528,0401,2025,AREQUIPA,AREQUIPA,20251011,055320,VT,11.50,20.32,0.000066,MISTI
20260528,0401,2025,AREQUIPA,AREQUIPA,20251011,081357,VT,7.80,19.37,0.000648,MISTI
20260528,0401,2025,AREQUIPA,AREQUIPA,20251011,094346,VT,5.50,21.60,0.000616,MISTI
20260528,0401,2025,AREQUIPA,AREQUIPA,20251011,132352,VT,3.70,22.36,0.000059,MISTI
20260528,0401,2025,AREQUIPA,AREQUIPA,20251012,042116,VT,5.80,20.65,0.000048,MISTI
20260528,0401,2025,AREQUIPA,AREQUIPA,20251012,205601,TO,3.30,49.79,0.000397,MISTI
20260528,0401,2025,AREQUIPA,AREQUIPA,20251012,231442,VT,3.50,25.45,0.000275,MISTI
20260528,0401,2025,AREQUIPA,AREQUIPA,20251012,233324,VT,4.50,18.97,0.000043,MISTI
20260528,0401,2025,AREQUIPA,AREQUIPA,20251013,010343,VT,3.20,28.33,0.000059,MISTI
20260528,0401,2025,AREQUIPA,AREQUIPA,20251013,022313,VT,3.70,27.91,0.000747,MISTI
20260528,0401,2025,AREQUIPA,AREQUIPA,20251013,032951,TO,3.30,74.40,0.010235,MISTI
20260528,0401,2025,AREQUIPA,AREQUIPA,20251013,042953,VT,4.40,16.67,0.000022,MISTI
20260528,0401,2025,AREQUIPA,AREQUIPA,20251013,044719,VT,4.70,20.65,0.000077,MISTI
20260528,0401,2025,AREQUIPA,AREQUIPA,20251013,045253,VT,5.10,19.55,0.000056,MISTI
20260528,0401,2025,AREQUIPA,AREQUIPA,20251014,053228,VT,3.70,16.55,0.000013,MISTI
20260528,0401,2025,AREQUIPA,AREQUIPA,20251014,114243,VT,3.30,30.66,0.000031,MISTI
20260528,0401,2025,AREQUIPA,AREQUIPA,20251014,183902,TO,3.40,76.51,0.009451,MISTI
20260528,0401,2025,AREQUIPA,AREQUIPA,20251014,221856,VT,3.30,23.37,0.000117,MISTI
20260528,0401,2025,AREQUIPA,AREQUIPA,20251014,233547,VT,2.90,12.01,0.000020,MISTI
20260528,0401,2025,AREQUIPA,AREQUIPA,20251015,013627,VT,3.40,15.76,0.000023,MISTI
20260528,0401,2025,AREQUIPA,AREQUIPA,20251015,034917,VT,3.20,16.68,0.000014,MISTI
20260528,0401,2025,AREQUIPA,AREQUIPA,20251015,044345,VD,3.80,25.31,0.000065,MISTI
20260528,0401,2025,AREQUIPA,AREQUIPA,20251015,050935,VT,3.40,11.04,0.000019,MISTI
20260528,0401,2025,AREQUIPA,AREQUIPA,20251015,092641,VT,3.30,15.55,0.000013,MISTI
20260528,0401,2025,AREQUIPA,AREQUIPA,20251015,093534,VT,3.90,23.32,0.000014,MISTI
20260528,0401,2025,AREQUIPA,AREQUIPA,20251015,104448,VT,3.20,22.93,0.000099,MISTI
20260528,0401,2025,AREQUIPA,AREQUIPA,20251015,214517,VT,2.50,14.53,0.000209,MISTI
20260528,0401,2025,AREQUIPA,AREQUIPA,20251015,215040,VT,2.90,15.97,0.000053,MISTI
20260528,0401,2025,AREQUIPA,AREQUIPA,20251015,220517,VT,4.50,20.16,0.000058,MISTI
20260528,0401,2025,AREQUIPA,AREQUIPA,20251016,004231,VT,3.20,32.29,0.000065,MISTI
20260528,0401,2025,AREQUIPA,AREQUIPA,20251016,040614,VT,5.30,16.04,0.000014,MISTI
20260528,0401,2025,AREQUIPA,AREQUIPA,20251016,041049,VT,4.20,31.41,0.000037,MISTI
20260528,0401,2025,AREQUIPA,AREQUIPA,20251016,042700,VT,3.70,17.30,0.000115,MISTI
20260528,0401,2025,AREQUIPA,AREQUIPA,20251016,050130,VT,4.20,33.03,0.000031,MISTI
20260528,0401,2025,AREQUIPA,AREQUIPA,20251016,050907,VT,10.00,26.56,0.000038,MISTI
20260528,0401,2025,AREQUIPA,AREQUIPA,20251016,052223,VT,3.50,18.40,0.000041,MISTI
20260528,0401,2025,AREQUIPA,AREQUIPA,20251016,054354,VT,5.20,18.95,0.000060,MISTI
20260528,0401,2025,AREQUIPA,AREQUIPA,20251016,061430,VT,5.30,17.88,0.000041,MISTI
20260528,0401,2025,AREQUIPA,AREQUIPA,20251016,075236,VT,5.50,8.87,0.000008,MISTI
20260528,0401,2025,AREQUIPA,AREQUIPA,20251016,114807,VT,5.50,16.53,0.000051,MISTI
20260528,0401,2025,AREQUIPA,AREQUIPA,20251016,233902,VT,3.70,14.61,0.000026,MISTI
20260528,0401,2025,AREQUIPA,AREQUIPA,20251016,234905,VT,4.70,17.52,0.000033,MISTI
20260528,0401,2025,AREQUIPA,AREQUIPA,20251017,002230,VT,4.20,10.72,0.000048,MISTI
20260528,0401,2025,AREQUIPA,AREQUIPA,20251017,023020,VT,4.70,11.95,0.000010,MISTI
20260528,0401,2025,AREQUIPA,AREQUIPA,20251017,034151,VT,2.90,17.41,0.000063,MISTI
20260528,0401,2025,AREQUIPA,AREQUIPA,20251017,035132,VT,3.00,24.61,0.000023,MISTI
20260528,0401,2025,AREQUIPA,AREQUIPA,20251017,043415,VT,3.70,14.37,0.000036,MISTI
20260528,0401,2025,AREQUIPA,AREQUIPA,20251017,045810,VT,2.90,12.25,0.000013,MISTI
20260528,0401,2025,AREQUIPA,AREQUIPA,20251017,050058,VT,10.30,10.34,0.000021,MISTI
20260528,0401,2025,AREQUIPA,AREQUIPA,20251017,050147,VT,3.10,21.89,0.000058,MISTI
20260528,0401,2025,AREQUIPA,AREQUIPA,20251017,051550,VT,4.10,18.07,0.000024,MISTI
20260528,0401,2025,AREQUIPA,AREQUIPA,20251017,053525,VT,3.50,15.19,0.000015,MISTI
20260528,0401,2025,AREQUIPA,AREQUIPA,20251017,054442,VT,3.00,14.24,0.000015,MISTI
20260528,0401,2025,AREQUIPA,AREQUIPA,20251017,054824,VT,4.20,21.02,0.000027,MISTI
20260528,0401,2025,AREQUIPA,AREQUIPA,20251017,064845,VT,5.90,16.83,0.000332,MISTI
20260528,0401,2025,AREQUIPA,AREQUIPA,20251017,071244,VT,3.70,8.37,0.000027,MISTI
20260528,0401,2025,AREQUIPA,AREQUIPA,20251017,214750,VT,4.20,11.55,0.000019,MISTI
20260528,0401,2025,AREQUIPA,AREQUIPA,20251017,231740,VT,10.00,13.48,0.000041,MISTI
20260528,0401,2025,AREQUIPA,AREQUIPA,20251017,234727,VT,3.20,31.16,0.000053,MISTI
20260528,0401,2025,AREQUIPA,AREQUIPA,20251018,042338,VT,4.30,19.96,0.000023,MISTI
20260528,0401,2025,AREQUIPA,AREQUIPA,20251018,042856,VT,3.00,38.05,0.000031,MISTI
20260528,0401,2025,AREQUIPA,AREQUIPA,20251018,063755,VT,3.50,76.00,0.000090,MISTI
20260528,0401,2025,AREQUIPA,AREQUIPA,20251018,084449,VT,3.20,15.14,0.000013,MISTI
20260528,0401,2025,AREQUIPA,AREQUIPA,20251018,093720,VT,3.10,16.53,0.000014,MISTI
20260528,0401,2025,AREQUIPA,AREQUIPA,20251018,094342,VT,3.50,11.67,0.000006,MISTI
20260528,0401,2025,AREQUIPA,AREQUIPA,20251018,110536,VT,3.70,14.13,0.000024,MISTI
20260528,0401,2025,AREQUIPA,AREQUIPA,20251018,115721,VT,2.90,17.75,0.000035,MISTI
20260528,0401,2025,AREQUIPA,AREQUIPA,20251018,204238,VT,3.50,16.60,0.000037,MISTI
20260528,0401,2025,AREQUIPA,AREQUIPA,20251019,055436,VT,3.40,13.34,0.000016,MISTI
20260528,0401,2025,AREQUIPA,AREQUIPA,20251019,063734,VT,6.30,35.27,0.000068,MISTI
20260528,0401,2025,AREQUIPA,AREQUIPA,20251019,100540,VT,4.20,13.73,0.000013,MISTI
20260528,0401,2025,AREQUIPA,AREQUIPA,20251019,113948,VT,3.20,18.25,0.000019,MISTI
20260528,0401,2025,AREQUIPA,AREQUIPA,20251019,114743,VT,3.40,10.27,0.000014,MISTI
20260528,0401,2025,AREQUIPA,AREQUIPA,20251019,123355,VT,5.40,19.02,0.000027,MISTI
20260528,0401,2025,AREQUIPA,AREQUIPA,20251019,155506,VT,3.00,13.79,0.000028,MISTI
20260528,0401,2025,AREQUIPA,AREQUIPA,20251019,163944,VT,5.90,15.35,0.000979,MISTI
20260528,0401,2025,AREQUIPA,AREQUIPA,20251019,164323,VT,5.10,23.15,0.000912,MISTI
20260528,0401,2025,AREQUIPA,AREQUIPA,20251019,185152,VT,4.60,15.95,0.000489,MISTI
20260528,0401,2025,AREQUIPA,AREQUIPA,20251019,194628,VT,3.70,49.17,0.002026,MISTI
20260528,0401,2025,AREQUIPA,AREQUIPA,20251019,194956,VT,4.30,16.62,0.000084,MISTI
20260528,0401,2025,AREQUIPA,AREQUIPA,20251019,202112,VT,3.90,18.25,0.000074,MISTI
20260528,0401,2025,AREQUIPA,AREQUIPA,20251019,210632,VT,5.00,19.07,0.000099,MISTI
20260528,0401,2025,AREQUIPA,AREQUIPA,20251019,221742,VT,5.20,30.39,0.000033,MISTI
20260528,0401,2025,AREQUIPA,AREQUIPA,20251020,041821,VT,3.40,51.25,0.000052,MISTI
20260528,0401,2025,AREQUIPA,AREQUIPA,20251020,062045,VD,3.40,20.70,0.000013,MISTI
20260528,0401,2025,AREQUIPA,AREQUIPA,20251020,081907,VT,3.20,26.23,0.000017,MISTI
20260528,0401,2025,AREQUIPA,AREQUIPA,20251020,233034,VT,4.60,14.86,0.000046,MISTI
20260528,0401,2025,AREQUIPA,AREQUIPA,20251020,235149,VT,3.20,16.06,0.000058,MISTI
20260528,0401,2025,AREQUIPA,AREQUIPA,20251021,031751,VT,5.30,14.56,0.000017,MISTI
20260528,0401,2025,AREQUIPA,AREQUIPA,20251021,043416,VT,4.30,26.12,0.000011,MISTI
20260528,0401,2025,AREQUIPA,AREQUIPA,20251021,075345,VT,5.40,16.39,0.000011,MISTI
20260528,0401,2025,AREQUIPA,AREQUIPA,20251021,081402,VT,3.50,24.85,0.000132,MISTI
20260528,0401,2025,AREQUIPA,AREQUIPA,20251021,084850,VT,3.70,24.74,0.000063,MISTI
20260528,0401,2025,AREQUIPA,AREQUIPA,20251021,094112,VT,3.40,31.69,0.001021,MISTI
20260528,0401,2025,AREQUIPA,AREQUIPA,20251021,103450,VD,2.90,132.37,0.003330,MISTI
20260528,0401,2025,AREQUIPA,AREQUIPA,20251021,103722,VD,2.90,83.28,0.000106,MISTI
20260528,0401,2025,AREQUIPA,AREQUIPA,20251021,110019,VT,4.00,28.37,0.000033,MISTI
20260528,0401,2025,AREQUIPA,AREQUIPA,20251021,115359,VT,3.00,16.03,0.000027,MISTI
20260528,0401,2025,AREQUIPA,AREQUIPA,20251021,140633,VT,2.60,22.59,0.000032,MISTI
20260528,0401,2025,AREQUIPA,AREQUIPA,20251023,005823,VT,10.00,20.94,0.000055,MISTI
20260528,0401,2025,AREQUIPA,AREQUIPA,20251023,025345,VT,10.00,10.98,0.000011,MISTI
20260528,0401,2025,AREQUIPA,AREQUIPA,20251023,031331,VT,3.50,26.06,0.000058,MISTI
20260528,0401,2025,AREQUIPA,AREQUIPA,20251023,032456,VT,10.00,16.68,0.000015,MISTI
20260528,0401,2025,AREQUIPA,AREQUIPA,20251023,052332,VT,3.50,23.99,0.000019,MISTI
20260528,0401,2025,AREQUIPA,AREQUIPA,20251023,064710,VT,3.50,18.46,0.000010,MISTI
20260528,0401,2025,AREQUIPA,AREQUIPA,20251023,074206,VT,3.30,24.91,0.000015,MISTI
20260528,0401,2025,AREQUIPA,AREQUIPA,20251023,084928,VT,3.40,27.72,0.000031,MISTI
20260528,0401,2025,AREQUIPA,AREQUIPA,20251023,090558,VT,10.00,18.77,0.000022,MISTI
20260528,0401,2025,AREQUIPA,AREQUIPA,20251023,092806,VT,3.80,16.51,0.000191,MISTI
20260528,0401,2025,AREQUIPA,AREQUIPA,20251023,095336,VT,3.70,19.92,0.000102,MISTI
20260528,0401,2025,AREQUIPA,AREQUIPA,20251023,101048,VT,6.30,12.70,0.000022,MISTI
20260528,0401,2025,AREQUIPA,AREQUIPA,20251023,103408,VT,3.10,21.55,0.000018,MISTI
20260528,0401,2025,AREQUIPA,AREQUIPA,20251023,103715,VT,3.50,27.82,0.000324,MISTI
20260528,0401,2025,AREQUIPA,AREQUIPA,20251023,214402,VD,2.60,25.39,0.000035,MISTI
20260528,0401,2025,AREQUIPA,AREQUIPA,20251023,231212,VT,3.10,11.91,0.000013,MISTI
20260528,0401,2025,AREQUIPA,AREQUIPA,20251023,231930,VT,2.80,36.11,0.000051,MISTI
20260528,0401,2025,AREQUIPA,AREQUIPA,20251024,020513,VT,3.00,26.11,0.000022,MISTI
20260528,0401,2025,AREQUIPA,AREQUIPA,20251024,020638,VT,5.50,10.35,0.000028,MISTI
20260528,0401,2025,AREQUIPA,AREQUIPA,20251024,035732,VT,3.50,32.59,0.000066,MISTI
20260528,0401,2025,AREQUIPA,AREQUIPA,20251024,043517,VT,4.30,19.04,0.000021,MISTI
20260528,0401,2025,AREQUIPA,AREQUIPA,20251024,052742,TO,3.50,88.85,0.004829,MISTI
20260528,0401,2025,AREQUIPA,AREQUIPA,20251024,053035,VD,3.20,36.32,0.000032,MISTI
20260528,0401,2025,AREQUIPA,AREQUIPA,20251024,060300,VT,3.90,31.16,0.000044,MISTI
20260528,0401,2025,AREQUIPA,AREQUIPA,20251024,090912,VT,3.20,17.01,0.000013,MISTI
20260528,0401,2025,AREQUIPA,AREQUIPA,20251024,093435,VT,3.60,31.00,0.000034,MISTI
20260528,0401,2025,AREQUIPA,AREQUIPA,20251024,094701,VT,4.20,29.11,0.000034,MISTI
20260528,0401,2025,AREQUIPA,AREQUIPA,20251024,110734,VT,2.80,16.56,0.000021,MISTI
20260528,0401,2025,AREQUIPA,AREQUIPA,20251024,111216,VT,5.60,17.85,0.000046,MISTI
20260528,0401,2025,AREQUIPA,AREQUIPA,20251024,124603,VT,2.70,18.74,0.000046,MISTI
20260528,0401,2025,AREQUIPA,AREQUIPA,20251024,130645,VT,3.40,28.77,0.000049,MISTI
20260528,0401,2025,AREQUIPA,AREQUIPA,20251024,131719,VT,2.90,11.89,0.000060,MISTI
20260528,0401,2025,AREQUIPA,AREQUIPA,20251024,144245,VT,2.10,22.43,0.000087,MISTI
20260528,0401,2025,AREQUIPA,AREQUIPA,20251024,173241,VT,3.70,9.76,0.000193,MISTI
20260528,0401,2025,AREQUIPA,AREQUIPA,20251024,184352,VT,4.70,19.33,0.000247,MISTI
20260528,0401,2025,AREQUIPA,AREQUIPA,20251024,185551,VT,4.20,13.08,0.000042,MISTI
20260528,0401,2025,AREQUIPA,AREQUIPA,20251024,191955,VT,2.80,25.26,0.001579,MISTI
20260528,0401,2025,AREQUIPA,AREQUIPA,20251024,192158,VT,2.80,15.33,0.000494,MISTI
20260528,0401,2025,AREQUIPA,AREQUIPA,20251025,044429,VT,3.40,16.10,0.000019,MISTI
20260528,0401,2025,AREQUIPA,AREQUIPA,20251025,062732,VT,5.30,13.42,0.000016,MISTI
20260528,0401,2025,AREQUIPA,AREQUIPA,20251025,074750,VT,5.10,13.52,0.000018,MISTI
20260528,0401,2025,AREQUIPA,AREQUIPA,20251025,080810,VT,4.20,33.21,0.000033,MISTI
20260528,0401,2025,AREQUIPA,AREQUIPA,20251025,082000,VT,5.10,12.56,0.000008,MISTI
20260528,0401,2025,AREQUIPA,AREQUIPA,20251025,082808,VT,3.50,32.02,0.000040,MISTI
20260528,0401,2025,AREQUIPA,AREQUIPA,20251025,095606,VT,5.90,27.71,0.014503,MISTI
20260528,0401,2025,AREQUIPA,AREQUIPA,20251025,100144,VT,10.00,19.33,0.000028,MISTI
20260528,0401,2025,AREQUIPA,AREQUIPA,20251025,111437,VT,3.50,16.17,0.000026,MISTI
20260528,0401,2025,AREQUIPA,AREQUIPA,20251025,130557,TO,3.50,85.02,0.006359,MISTI
20260528,0401,2025,AREQUIPA,AREQUIPA,20251025,130937,VT,3.70,25.51,0.000056,MISTI
20260528,0401,2025,AREQUIPA,AREQUIPA,20251025,145544,VD,4.50,36.59,0.000121,MISTI
20260528,0401,2025,AREQUIPA,AREQUIPA,20251026,002928,VT,6.20,39.53,0.000106,MISTI
20260528,0401,2025,AREQUIPA,AREQUIPA,20251026,023318,VT,3.40,19.70,0.000020,MISTI
20260528,0401,2025,AREQUIPA,AREQUIPA,20251026,025016,VT,5.30,29.85,0.000072,MISTI
20260528,0401,2025,AREQUIPA,AREQUIPA,20251026,032534,VT,3.40,26.36,0.000059,MISTI
20260528,0401,2025,AREQUIPA,AREQUIPA,20251026,044917,VT,2.70,17.36,0.000027,MISTI
20260528,0401,2025,AREQUIPA,AREQUIPA,20251026,055418,VT,3.20,15.49,0.000031,MISTI
20260528,0401,2025,AREQUIPA,AREQUIPA,20251026,070206,VT,5.30,9.42,0.000015,MISTI
20260528,0401,2025,AREQUIPA,AREQUIPA,20251026,080032,VT,6.20,23.34,0.000078,MISTI
20260528,0401,2025,AREQUIPA,AREQUIPA,20251026,093010,VT,3.40,18.30,0.000033,MISTI
20260528,0401,2025,AREQUIPA,AREQUIPA,20251026,094029,VT,5.10,23.58,0.000050,MISTI
20260528,0401,2025,AREQUIPA,AREQUIPA,20251026,101525,VT,3.40,24.21,0.000058,MISTI
20260528,0401,2025,AREQUIPA,AREQUIPA,20251026,120831,VT,3.50,11.49,0.000030,MISTI
20260528,0401,2025,AREQUIPA,AREQUIPA,20251026,130229,VT,4.70,18.31,0.000080,MISTI
20260528,0401,2025,AREQUIPA,AREQUIPA,20251026,133609,VT,5.40,13.56,0.000039,MISTI
20260528,0401,2025,AREQUIPA,AREQUIPA,20251026,134737,VT,10.00,14.28,0.000104,MISTI
20260528,0401,2025,AREQUIPA,AREQUIPA,20251026,231816,VT,3.40,21.91,0.000376,MISTI
20260528,0401,2025,AREQUIPA,AREQUIPA,20251027,131944,VT,3.70,30.38,0.000706,MISTI
20260528,0401,2025,AREQUIPA,AREQUIPA,20251027,134731,VT,5.10,26.42,0.000123,MISTI
20260528,0401,2025,AREQUIPA,AREQUIPA,20251027,141443,VT,3.50,21.34,0.000342,MISTI
20260528,0401,2025,AREQUIPA,AREQUIPA,20251028,053744,VT,5.30,82.40,0.000320,MISTI
20260528,0401,2025,AREQUIPA,AREQUIPA,20251028,054924,VT,3.70,42.09,0.000453,MISTI
20260528,0401,2025,AREQUIPA,AREQUIPA,20251028,075307,VT,5.00,32.94,0.000110,MISTI
20260528,0401,2025,AREQUIPA,AREQUIPA,20251028,082251,VT,4.90,39.23,0.000210,MISTI
20260528,0401,2025,AREQUIPA,AREQUIPA,20251028,092322,VT,5.00,24.09,0.001119,MISTI
20260528,0401,2025,AREQUIPA,AREQUIPA,20251028,092613,VT,5.00,15.54,0.000212,MISTI
20260528,0401,2025,AREQUIPA,AREQUIPA,20251028,105100,VT,5.00,21.97,0.000123,MISTI
20260528,0401,2025,AREQUIPA,AREQUIPA,20251028,105714,VT,5.00,24.13,0.000087,MISTI
20260528,0401,2025,AREQUIPA,AREQUIPA,20251028,110242,VT,3.40,22.22,0.000105,MISTI
20260528,0401,2025,AREQUIPA,AREQUIPA,20251028,113225,VT,2.90,21.60,0.000074,MISTI
20260528,0401,2025,AREQUIPA,AREQUIPA,20251028,113402,VT,3.20,27.54,0.000120,MISTI
20260528,0401,2025,AREQUIPA,AREQUIPA,20251028,115600,VT,5.50,12.64,0.000031,MISTI
20260528,0401,2025,AREQUIPA,AREQUIPA,20251028,120301,VT,5.30,13.21,0.000058,MISTI
20260528,0401,2025,AREQUIPA,AREQUIPA,20251028,120738,VT,5.10,18.12,0.000039,MISTI
20260528,0401,2025,AREQUIPA,AREQUIPA,20251028,121109,VT,4.10,15.21,0.000027,MISTI
20260528,0401,2025,AREQUIPA,AREQUIPA,20251028,121656,VT,5.00,45.08,0.000077,MISTI
20260528,0401,2025,AREQUIPA,AREQUIPA,20251028,122342,VT,5.50,20.38,0.000107,MISTI
20260528,0401,2025,AREQUIPA,AREQUIPA,20251028,122404,VT,3.30,28.36,0.000051,MISTI
20260528,0401,2025,AREQUIPA,AREQUIPA,20251028,122812,VT,3.30,24.26,0.000041,MISTI
20260528,0401,2025,AREQUIPA,AREQUIPA,20251028,144736,VT,5.30,34.66,0.000192,MISTI
20260528,0401,2025,AREQUIPA,AREQUIPA,20251029,014323,VT,4.90,19.21,0.000540,MISTI
20260528,0401,2025,AREQUIPA,AREQUIPA,20251029,014509,VT,5.00,20.16,0.000742,MISTI
20260528,0401,2025,AREQUIPA,AREQUIPA,20251029,065644,VT,4.20,26.47,0.000035,MISTI
20260528,0401,2025,AREQUIPA,AREQUIPA,20251030,013107,VT,5.00,30.48,0.000334,MISTI
20260528,0401,2025,AREQUIPA,AREQUIPA,20251030,025131,VT,4.50,24.56,0.000022,MISTI
20260528,0401,2025,AREQUIPA,AREQUIPA,20251030,035159,VT,10.00,28.52,0.000018,MISTI
20260528,0401,2025,AREQUIPA,AREQUIPA,20251030,041058,VT,5.00,25.65,0.000041,MISTI
20260528,0401,2025,AREQUIPA,AREQUIPA,20251030,045157,VT,6.30,15.76,0.000034,MISTI
20260528,0401,2025,AREQUIPA,AREQUIPA,20251030,063109,VT,6.30,23.00,0.000514,MISTI
20260528,0401,2025,AREQUIPA,AREQUIPA,20251030,063412,VT,3.90,17.38,0.000013,MISTI
20260528,0401,2025,AREQUIPA,AREQUIPA,20251030,063459,VT,10.00,32.44,0.000038,MISTI
20260528,0401,2025,AREQUIPA,AREQUIPA,20251030,063558,VT,3.50,35.84,0.000062,MISTI
20260528,0401,2025,AREQUIPA,AREQUIPA,20251030,065211,VT,4.00,26.33,0.000033,MISTI
20260528,0401,2025,AREQUIPA,AREQUIPA,20251030,071448,VT,3.30,33.20,0.000071,MISTI
20260528,0401,2025,AREQUIPA,AREQUIPA,20251030,071834,VT,10.00,28.78,0.000019,MISTI
20260528,0401,2025,AREQUIPA,AREQUIPA,20251030,072158,VT,10.00,34.60,0.000021,MISTI
20260528,0401,2025,AREQUIPA,AREQUIPA,20251030,083158,VT,3.20,25.98,0.000028,MISTI
20260528,0401,2025,AREQUIPA,AREQUIPA,20251030,083231,VT,3.80,19.58,0.000019,MISTI
20260528,0401,2025,AREQUIPA,AREQUIPA,20251030,083359,VT,3.10,34.78,0.000942,MISTI
20260528,0401,2025,AREQUIPA,AREQUIPA,20251030,085245,VT,10.00,60.42,0.000051,MISTI
20260528,0401,2025,AREQUIPA,AREQUIPA,20251030,100042,VT,4.30,30.32,0.000057,MISTI
20260528,0401,2025,AREQUIPA,AREQUIPA,20251030,103809,VT,5.00,46.52,0.000058,MISTI
20260528,0401,2025,AREQUIPA,AREQUIPA,20251030,104213,VT,3.70,32.46,0.001021,MISTI
20260528,0401,2025,AREQUIPA,AREQUIPA,20251030,105210,VT,3.80,48.47,0.000078,MISTI
20260528,0401,2025,AREQUIPA,AREQUIPA,20251030,111352,VT,10.00,37.18,0.000040,MISTI
20260528,0401,2025,AREQUIPA,AREQUIPA,20251030,112529,VT,4.20,31.16,0.000035,MISTI
20260528,0401,2025,AREQUIPA,AREQUIPA,20251030,113954,VT,3.10,38.99,0.000062,MISTI
20260528,0401,2025,AREQUIPA,AREQUIPA,20251030,121138,VT,3.10,34.86,0.000048,MISTI
20260528,0401,2025,AREQUIPA,AREQUIPA,20251030,130847,VT,2.50,52.35,0.000953,MISTI
20260528,0401,2025,AREQUIPA,AREQUIPA,20251030,201402,VT,3.20,49.87,0.000347,MISTI
20260528,0401,2025,AREQUIPA,AREQUIPA,20251031,005714,VT,4.20,18.26,0.000026,MISTI
20260528,0401,2025,AREQUIPA,AREQUIPA,20251031,012915,VT,10.00,18.28,0.000043,MISTI
20260528,0401,2025,AREQUIPA,AREQUIPA,20251031,025303,VT,10.00,37.05,0.000049,MISTI
20260528,0401,2025,AREQUIPA,AREQUIPA,20251031,031709,VT,10.00,15.59,0.000023,MISTI
20260528,0401,2025,AREQUIPA,AREQUIPA,20251031,035655,VT,10.00,27.16,0.000022,MISTI
20260528,0401,2025,AREQUIPA,AREQUIPA,20251031,045335,VT,3.20,38.49,0.000051,MISTI
20260528,0401,2025,AREQUIPA,AREQUIPA,20251031,051952,VT,3.40,24.05,0.000034,MISTI
20260528,0401,2025,AREQUIPA,AREQUIPA,20251031,054656,VT,3.50,31.45,0.000037,MISTI
20260528,0401,2025,AREQUIPA,AREQUIPA,20251031,061900,VT,6.40,29.18,0.003464,MISTI
20260528,0401,2025,AREQUIPA,AREQUIPA,20251031,063305,VT,3.10,39.03,0.000040,MISTI
20260528,0401,2025,AREQUIPA,AREQUIPA,20251031,093657,VT,4.90,11.56,0.000027,MISTI
20260528,0401,2025,AREQUIPA,AREQUIPA,20251031,131733,VT,3.20,11.46,0.000033,MISTI
20260528,0401,2025,AREQUIPA,AREQUIPA,20251101,001108,VT,7.40,13.97,0.003719,MISTI
20260528,0401,2025,AREQUIPA,AREQUIPA,20251101,045606,VT,5.50,14.01,0.000561,MISTI
20260528,0401,2025,AREQUIPA,AREQUIPA,20251101,101036,VT,3.80,25.58,0.012857,MISTI
20260528,0401,2025,AREQUIPA,AREQUIPA,20251101,103354,VT,5.00,22.07,0.000127,MISTI
20260528,0401,2025,AREQUIPA,AREQUIPA,20251101,122832,VT,5.30,21.64,0.001235,MISTI
20260528,0401,2025,AREQUIPA,AREQUIPA,20251101,143001,VT,5.40,61.54,0.000251,MISTI
20260528,0401,2025,AREQUIPA,AREQUIPA,20251101,150708,VT,2.80,19.36,0.000067,MISTI
20260528,0401,2025,AREQUIPA,AREQUIPA,20251101,150948,VT,4.10,32.38,0.000085,MISTI
20260528,0401,2025,AREQUIPA,AREQUIPA,20251101,153232,VT,3.70,30.81,0.000273,MISTI
20260528,0401,2025,AREQUIPA,AREQUIPA,20251101,182238,VT,5.80,21.96,0.001310,MISTI
20260528,0401,2025,AREQUIPA,AREQUIPA,20251101,203925,VT,3.70,23.26,0.000102,MISTI
20260528,0401,2025,AREQUIPA,AREQUIPA,20251102,000901,VT,10.00,28.36,0.000117,MISTI
20260528,0401,2025,AREQUIPA,AREQUIPA,20251102,012642,VT,10.00,41.14,0.000090,MISTI
20260528,0401,2025,AREQUIPA,AREQUIPA,20251102,012936,VT,6.00,12.11,0.000034,MISTI
20260528,0401,2025,AREQUIPA,AREQUIPA,20251102,022213,VT,10.00,23.64,0.000067,MISTI
20260528,0401,2025,AREQUIPA,AREQUIPA,20251102,025727,VT,5.00,20.90,0.000067,MISTI
20260528,0401,2025,AREQUIPA,AREQUIPA,20251102,080900,VT,4.90,44.29,0.000358,MISTI
20260528,0401,2025,AREQUIPA,AREQUIPA,20251102,103839,VT,4.90,69.81,0.000187,MISTI
20260528,0401,2025,AREQUIPA,AREQUIPA,20251102,103840,VT,5.40,5.94,0.000326,MISTI
20260528,0401,2025,AREQUIPA,AREQUIPA,20251102,115841,VT,5.00,23.19,0.000036,MISTI
20260528,0401,2025,AREQUIPA,AREQUIPA,20251103,012639,VT,10.00,37.67,0.000094,MISTI
20260528,0401,2025,AREQUIPA,AREQUIPA,20251103,032321,VT,10.00,20.64,0.000026,MISTI
20260528,0401,2025,AREQUIPA,AREQUIPA,20251103,034338,VD,10.00,60.19,0.000058,MISTI
20260528,0401,2025,AREQUIPA,AREQUIPA,20251103,040244,VT,4.30,38.32,0.001854,MISTI
20260528,0401,2025,AREQUIPA,AREQUIPA,20251103,042017,VT,10.00,18.39,0.000026,MISTI
20260528,0401,2025,AREQUIPA,AREQUIPA,20251103,042351,VT,4.90,62.47,0.000356,MISTI
20260528,0401,2025,AREQUIPA,AREQUIPA,20251103,043019,VT,3.50,35.37,0.000063,MISTI
20260528,0401,2025,AREQUIPA,AREQUIPA,20251103,050303,VT,4.90,23.81,0.000054,MISTI
20260528,0401,2025,AREQUIPA,AREQUIPA,20251103,050931,VT,3.30,49.63,0.000136,MISTI
20260528,0401,2025,AREQUIPA,AREQUIPA,20251103,051414,VT,4.90,45.45,0.000117,MISTI
20260528,0401,2025,AREQUIPA,AREQUIPA,20251103,072217,VT,4.90,17.92,0.000040,MISTI
20260528,0401,2025,AREQUIPA,AREQUIPA,20251103,074458,VT,4.90,16.99,0.000028,MISTI
20260528,0401,2025,AREQUIPA,AREQUIPA,20251103,082533,VT,3.80,21.38,0.000059,MISTI
20260528,0401,2025,AREQUIPA,AREQUIPA,20251103,090727,VT,5.80,28.05,0.000219,MISTI
20260528,0401,2025,AREQUIPA,AREQUIPA,20251103,091426,VT,3.20,37.25,0.000050,MISTI
20260528,0401,2025,AREQUIPA,AREQUIPA,20251103,091825,VT,5.00,54.76,0.000089,MISTI
20260528,0401,2025,AREQUIPA,AREQUIPA,20251103,092238,VT,3.50,26.21,0.000046,MISTI
20260528,0401,2025,AREQUIPA,AREQUIPA,20251103,092527,VT,10.00,51.26,0.000078,MISTI
20260528,0401,2025,AREQUIPA,AREQUIPA,20251103,095030,VT,4.90,25.49,0.000066,MISTI
20260528,0401,2025,AREQUIPA,AREQUIPA,20251103,100923,VT,10.00,31.58,0.000075,MISTI
20260528,0401,2025,AREQUIPA,AREQUIPA,20251103,101801,VT,2.40,29.30,0.000050,MISTI
20260528,0401,2025,AREQUIPA,AREQUIPA,20251103,104103,VT,3.40,31.62,0.000037,MISTI
20260528,0401,2025,AREQUIPA,AREQUIPA,20251103,105250,VT,10.00,46.30,0.000052,MISTI
20260528,0401,2025,AREQUIPA,AREQUIPA,20251103,110526,VT,2.70,39.24,0.000091,MISTI
20260528,0401,2025,AREQUIPA,AREQUIPA,20251103,113210,VT,10.00,31.53,0.000036,MISTI
20260528,0401,2025,AREQUIPA,AREQUIPA,20251103,122852,VT,10.00,40.64,0.000034,MISTI
20260528,0401,2025,AREQUIPA,AREQUIPA,20251103,130235,VT,2.90,35.92,0.000056,MISTI
20260528,0401,2025,AREQUIPA,AREQUIPA,20251103,164030,VT,3.50,24.03,0.000999,MISTI
20260528,0401,2025,AREQUIPA,AREQUIPA,20251103,174118,VT,5.10,24.31,0.000187,MISTI
20260528,0401,2025,AREQUIPA,AREQUIPA,20251103,211104,VT,3.20,19.78,0.000081,MISTI
20260528,0401,2025,AREQUIPA,AREQUIPA,20251103,214219,VT,2.30,25.85,0.000080,MISTI
20260528,0401,2025,AREQUIPA,AREQUIPA,20251103,220859,VT,4.70,12.43,0.000054,MISTI
20260528,0401,2025,AREQUIPA,AREQUIPA,20251103,222757,VT,10.00,43.40,0.000087,MISTI
20260528,0401,2025,AREQUIPA,AREQUIPA,20251103,224159,VT,3.20,24.30,0.000054,MISTI
20260528,0401,2025,AREQUIPA,AREQUIPA,20251103,233318,VT,3.50,29.83,0.000159,MISTI
20260528,0401,2025,AREQUIPA,AREQUIPA,20251103,235337,VT,3.10,33.67,0.000134,MISTI
20260528,0401,2025,AREQUIPA,AREQUIPA,20251104,003005,VT,10.00,29.01,0.000040,MISTI
20260528,0401,2025,AREQUIPA,AREQUIPA,20251104,010240,VT,3.40,20.92,0.000043,MISTI
20260528,0401,2025,AREQUIPA,AREQUIPA,20251104,030632,VT,10.00,27.32,0.000090,MISTI
20260528,0401,2025,AREQUIPA,AREQUIPA,20251104,041751,VT,10.00,34.32,0.000049,MISTI
20260528,0401,2025,AREQUIPA,AREQUIPA,20251104,063204,VT,3.70,33.77,0.000030,MISTI
20260528,0401,2025,AREQUIPA,AREQUIPA,20251104,063433,VT,4.00,40.78,0.000043,MISTI
20260528,0401,2025,AREQUIPA,AREQUIPA,20251104,063751,VT,10.00,48.62,0.000044,MISTI
20260528,0401,2025,AREQUIPA,AREQUIPA,20251104,064505,VT,4.30,30.59,0.000208,MISTI
20260528,0401,2025,AREQUIPA,AREQUIPA,20251104,065510,VT,10.00,39.31,0.000028,MISTI
20260528,0401,2025,AREQUIPA,AREQUIPA,20251104,074917,VT,3.50,50.38,0.000123,MISTI
20260528,0401,2025,AREQUIPA,AREQUIPA,20251104,082313,VT,10.00,42.01,0.000043,MISTI
20260528,0401,2025,AREQUIPA,AREQUIPA,20251104,092626,VT,10.00,25.39,0.000029,MISTI
20260528,0401,2025,AREQUIPA,AREQUIPA,20251104,093450,VT,10.00,56.28,0.000050,MISTI
20260528,0401,2025,AREQUIPA,AREQUIPA,20251104,094905,VT,3.90,25.98,0.000050,MISTI
20260528,0401,2025,AREQUIPA,AREQUIPA,20251104,095141,VT,3.00,56.09,0.000159,MISTI
20260528,0401,2025,AREQUIPA,AREQUIPA,20251104,104154,VT,4.30,57.78,0.000320,MISTI
20260528,0401,2025,AREQUIPA,AREQUIPA,20251104,144248,VT,3.30,33.16,0.000133,MISTI
20260528,0401,2025,AREQUIPA,AREQUIPA,20251104,153413,VT,3.40,22.36,0.000345,MISTI
20260528,0401,2025,AREQUIPA,AREQUIPA,20251104,192617,VT,4.50,32.49,0.000111,MISTI
20260528,0401,2025,AREQUIPA,AREQUIPA,20251104,200938,VT,5.30,18.95,0.000067,MISTI
20260528,0401,2025,AREQUIPA,AREQUIPA,20251104,202447,VT,2.30,56.22,0.000137,MISTI
20260528,0401,2025,AREQUIPA,AREQUIPA,20251104,215833,VT,2.90,26.64,0.000060,MISTI
20260528,0401,2025,AREQUIPA,AREQUIPA,20251104,232057,VT,10.00,31.60,0.000094,MISTI
20260528,0401,2025,AREQUIPA,AREQUIPA,20251104,234534,VT,10.00,25.39,0.000098,MISTI
20260528,0401,2025,AREQUIPA,AREQUIPA,20251104,235627,VT,5.20,24.73,0.000184,MISTI
20260528,0401,2025,AREQUIPA,AREQUIPA,20251105,001124,VT,5.50,17.97,0.000092,MISTI
20260528,0401,2025,AREQUIPA,AREQUIPA,20251105,010130,VT,5.00,24.95,0.000119,MISTI
20260528,0401,2025,AREQUIPA,AREQUIPA,20251105,013242,VT,10.00,35.81,0.000044,MISTI
20260528,0401,2025,AREQUIPA,AREQUIPA,20251105,013904,VT,10.00,37.50,0.000164,MISTI
20260528,0401,2025,AREQUIPA,AREQUIPA,20251105,020840,VT,10.00,38.48,0.000093,MISTI
20260528,0401,2025,AREQUIPA,AREQUIPA,20251105,021923,VT,10.00,24.94,0.000029,MISTI
20260528,0401,2025,AREQUIPA,AREQUIPA,20251105,022145,VT,10.00,13.62,0.000023,MISTI
20260528,0401,2025,AREQUIPA,AREQUIPA,20251105,023701,VT,10.00,18.77,0.000033,MISTI
20260528,0401,2025,AREQUIPA,AREQUIPA,20251105,023939,VT,10.00,18.70,0.000036,MISTI
20260528,0401,2025,AREQUIPA,AREQUIPA,20251105,024406,VD,10.00,23.22,0.000038,MISTI
20260528,0401,2025,AREQUIPA,AREQUIPA,20251105,024757,VD,10.00,21.33,0.000050,MISTI
20260528,0401,2025,AREQUIPA,AREQUIPA,20251105,025319,VT,4.30,30.37,0.000818,MISTI
20260528,0401,2025,AREQUIPA,AREQUIPA,20251105,031636,VD,2.80,45.63,0.000083,MISTI
20260528,0401,2025,AREQUIPA,AREQUIPA,20251105,032725,VT,10.00,25.04,0.000034,MISTI
20260528,0401,2025,AREQUIPA,AREQUIPA,20251105,034250,VT,10.00,18.65,0.000027,MISTI
20260528,0401,2025,AREQUIPA,AREQUIPA,20251105,034648,VT,10.00,26.26,0.000038,MISTI
20260528,0401,2025,AREQUIPA,AREQUIPA,20251105,043008,VT,10.00,31.09,0.000045,MISTI
20260528,0401,2025,AREQUIPA,AREQUIPA,20251105,045205,VT,10.00,34.85,0.000068,MISTI
20260528,0401,2025,AREQUIPA,AREQUIPA,20251105,051406,VT,3.30,28.22,0.000030,MISTI
20260528,0401,2025,AREQUIPA,AREQUIPA,20251105,062503,VT,10.00,25.11,0.000027,MISTI
20260528,0401,2025,AREQUIPA,AREQUIPA,20251105,065650,VT,10.00,24.34,0.000028,MISTI
20260528,0401,2025,AREQUIPA,AREQUIPA,20251105,071445,VT,10.00,20.36,0.000030,MISTI
20260528,0401,2025,AREQUIPA,AREQUIPA,20251105,072804,VT,3.30,19.76,0.000020,MISTI
20260528,0401,2025,AREQUIPA,AREQUIPA,20251105,074518,VT,10.00,13.74,0.000018,MISTI
20260528,0401,2025,AREQUIPA,AREQUIPA,20251105,094159,VT,7.30,15.50,0.000053,MISTI
20260528,0401,2025,AREQUIPA,AREQUIPA,20251105,094902,VT,3.70,32.75,0.000121,MISTI
20260528,0401,2025,AREQUIPA,AREQUIPA,20251105,102349,VT,10.00,34.24,0.000054,MISTI
20260528,0401,2025,AREQUIPA,AREQUIPA,20251105,115850,VT,10.00,33.38,0.000053,MISTI
20260528,0401,2025,AREQUIPA,AREQUIPA,20251105,120609,VT,3.40,42.74,0.000121,MISTI
20260528,0401,2025,AREQUIPA,AREQUIPA,20251105,121643,VT,10.00,77.52,0.000135,MISTI
20260528,0401,2025,AREQUIPA,AREQUIPA,20251105,122643,VT,2.50,38.38,0.000067,MISTI
20260528,0401,2025,AREQUIPA,AREQUIPA,20251105,124340,VT,3.60,20.45,0.000096,MISTI
20260528,0401,2025,AREQUIPA,AREQUIPA,20251105,132327,VT,2.90,25.81,0.000080,MISTI
20260528,0401,2025,AREQUIPA,AREQUIPA,20251105,135728,VT,3.10,30.37,0.000311,MISTI
20260528,0401,2025,AREQUIPA,AREQUIPA,20251105,202206,VT,3.90,22.56,0.000084,MISTI
20260528,0401,2025,AREQUIPA,AREQUIPA,20251105,223043,VT,2.50,25.97,0.000036,MISTI
20260528,0401,2025,AREQUIPA,AREQUIPA,20251105,223540,VT,2.50,27.58,0.000037,MISTI
20260528,0401,2025,AREQUIPA,AREQUIPA,20251105,224300,VT,2.50,15.89,0.000019,MISTI
20260528,0401,2025,AREQUIPA,AREQUIPA,20251105,231409,VT,3.30,31.22,0.000057,MISTI
20260528,0401,2025,AREQUIPA,AREQUIPA,20251105,231950,VT,3.50,43.65,0.000083,MISTI
20260528,0401,2025,AREQUIPA,AREQUIPA,20251105,233716,VT,3.40,29.72,0.000028,MISTI
20260528,0401,2025,AREQUIPA,AREQUIPA,20251105,234518,VT,3.00,14.34,0.000024,MISTI
20260528,0401,2025,AREQUIPA,AREQUIPA,20251106,001357,VT,3.20,20.65,0.000017,MISTI
20260528,0401,2025,AREQUIPA,AREQUIPA,20251106,005040,VT,3.90,25.53,0.000035,MISTI
20260528,0401,2025,AREQUIPA,AREQUIPA,20251106,011251,VT,3.20,33.50,0.000049,MISTI
20260528,0401,2025,AREQUIPA,AREQUIPA,20251106,023859,VT,3.40,30.24,0.000025,MISTI
20260528,0401,2025,AREQUIPA,AREQUIPA,20251106,025901,VD,4.90,23.65,0.000046,MISTI
20260528,0401,2025,AREQUIPA,AREQUIPA,20251106,030538,VT,3.30,18.07,0.000035,MISTI
20260528,0401,2025,AREQUIPA,AREQUIPA,20251106,033235,VT,3.20,26.96,0.000026,MISTI
20260528,0401,2025,AREQUIPA,AREQUIPA,20251106,034450,VT,3.30,18.59,0.000019,MISTI
20260528,0401,2025,AREQUIPA,AREQUIPA,20251106,034534,VT,2.90,16.61,0.000021,MISTI
20260528,0401,2025,AREQUIPA,AREQUIPA,20251106,040345,VT,10.00,39.83,0.000055,MISTI
20260528,0401,2025,AREQUIPA,AREQUIPA,20251106,041810,VT,10.00,40.39,0.000056,MISTI
20260528,0401,2025,AREQUIPA,AREQUIPA,20251106,043920,VT,10.00,43.03,0.000035,MISTI
20260528,0401,2025,AREQUIPA,AREQUIPA,20251106,050135,VD,4.00,21.98,0.000032,MISTI
20260528,0401,2025,AREQUIPA,AREQUIPA,20251106,054007,VT,10.00,28.35,0.000029,MISTI
20260528,0401,2025,AREQUIPA,AREQUIPA,20251106,055527,VT,3.20,34.20,0.000051,MISTI
20260528,0401,2025,AREQUIPA,AREQUIPA,20251106,061319,VT,4.20,11.77,0.000012,MISTI
20260528,0401,2025,AREQUIPA,AREQUIPA,20251106,063613,VT,10.00,32.57,0.000032,MISTI
20260528,0401,2025,AREQUIPA,AREQUIPA,20251106,065531,VT,10.00,26.66,0.000024,MISTI
20260528,0401,2025,AREQUIPA,AREQUIPA,20251106,071705,VT,10.00,22.42,0.000036,MISTI
20260528,0401,2025,AREQUIPA,AREQUIPA,20251106,072404,VT,10.00,34.77,0.000033,MISTI
20260528,0401,2025,AREQUIPA,AREQUIPA,20251106,075551,VT,10.00,18.77,0.000013,MISTI
20260528,0401,2025,AREQUIPA,AREQUIPA,20251106,075807,VT,10.00,38.46,0.000031,MISTI
20260528,0401,2025,AREQUIPA,AREQUIPA,20251106,080037,VD,3.20,21.43,0.000022,MISTI
20260528,0401,2025,AREQUIPA,AREQUIPA,20251106,085158,VT,10.00,41.90,0.000033,MISTI
20260528,0401,2025,AREQUIPA,AREQUIPA,20251106,101821,VT,4.70,17.92,0.000026,MISTI
20260528,0401,2025,AREQUIPA,AREQUIPA,20251106,102032,VD,4.00,28.18,0.000056,MISTI
20260528,0401,2025,AREQUIPA,AREQUIPA,20251106,104310,VT,10.00,28.60,0.000031,MISTI
20260528,0401,2025,AREQUIPA,AREQUIPA,20251106,110527,VT,4.00,16.61,0.000047,MISTI
20260528,0401,2025,AREQUIPA,AREQUIPA,20251106,120119,VT,3.30,22.85,0.000037,MISTI
20260528,0401,2025,AREQUIPA,AREQUIPA,20251106,124602,VT,2.40,18.07,0.000021,MISTI
20260528,0401,2025,AREQUIPA,AREQUIPA,20251106,163309,VT,2.70,22.23,0.000089,MISTI
20260528,0401,2025,AREQUIPA,AREQUIPA,20251107,021207,VT,10.00,22.22,0.000022,MISTI
20260528,0401,2025,AREQUIPA,AREQUIPA,20251107,054026,VT,4.40,16.29,0.000031,MISTI
20260528,0401,2025,AREQUIPA,AREQUIPA,20251107,054129,VT,10.00,23.79,0.000027,MISTI
20260528,0401,2025,AREQUIPA,AREQUIPA,20251107,073708,VD,3.40,44.35,0.000076,MISTI
20260528,0401,2025,AREQUIPA,AREQUIPA,20251107,094304,VT,4.10,18.72,0.000029,MISTI
20260528,0401,2025,AREQUIPA,AREQUIPA,20251107,102945,VT,3.80,26.32,0.000041,MISTI
20260528,0401,2025,AREQUIPA,AREQUIPA,20251107,115222,VT,10.00,24.50,0.000031,MISTI
20260528,0401,2025,AREQUIPA,AREQUIPA,20251107,120504,VT,3.00,21.58,0.000027,MISTI
20260528,0401,2025,AREQUIPA,AREQUIPA,20251107,121411,VT,3.00,15.54,0.000022,MISTI
20260528,0401,2025,AREQUIPA,AREQUIPA,20251107,125318,VT,2.80,17.58,0.000025,MISTI
20260528,0401,2025,AREQUIPA,AREQUIPA,20251107,142510,VT,2.70,37.81,0.000069,MISTI
20260528,0401,2025,AREQUIPA,AREQUIPA,20251107,154156,VT,5.50,37.53,0.000753,MISTI
20260528,0401,2025,AREQUIPA,AREQUIPA,20251107,160039,VT,2.50,32.69,0.000138,MISTI
20260528,0401,2025,AREQUIPA,AREQUIPA,20251107,200917,VT,12.60,28.31,0.000112,MISTI
20260528,0401,2025,AREQUIPA,AREQUIPA,20251107,225510,VT,3.00,24.23,0.000044,MISTI
20260528,0401,2025,AREQUIPA,AREQUIPA,20251107,225543,VT,3.90,12.91,0.000017,MISTI
20260528,0401,2025,AREQUIPA,AREQUIPA,20251107,233718,VT,3.50,33.48,0.000037,MISTI
20260528,0401,2025,AREQUIPA,AREQUIPA,20251108,001229,VT,3.10,31.45,0.000036,MISTI
20260528,0401,2025,AREQUIPA,AREQUIPA,20251108,010535,TO,2.80,40.49,0.000199,MISTI
20260528,0401,2025,AREQUIPA,AREQUIPA,20251108,014921,VT,2.70,17.13,0.000021,MISTI
20260528,0401,2025,AREQUIPA,AREQUIPA,20251108,014923,VT,3.20,27.52,0.000027,MISTI
20260528,0401,2025,AREQUIPA,AREQUIPA,20251108,054759,VT,4.30,40.02,0.000038,MISTI
20260528,0401,2025,AREQUIPA,AREQUIPA,20251108,062355,VT,5.30,13.65,0.000339,MISTI
20260528,0401,2025,AREQUIPA,AREQUIPA,20251108,062356,VT,4.20,26.47,0.000111,MISTI
20260528,0401,2025,AREQUIPA,AREQUIPA,20251108,072604,VT,3.40,15.80,0.000013,MISTI
20260528,0401,2025,AREQUIPA,AREQUIPA,20251108,072605,VT,3.30,16.23,0.000014,MISTI
20260528,0401,2025,AREQUIPA,AREQUIPA,20251108,085251,VT,4.00,19.87,0.000021,MISTI
20260528,0401,2025,AREQUIPA,AREQUIPA,20251108,093033,VT,3.90,32.23,0.000041,MISTI
20260528,0401,2025,AREQUIPA,AREQUIPA,20251108,094141,VT,3.80,34.90,0.000070,MISTI
20260528,0401,2025,AREQUIPA,AREQUIPA,20251108,094701,VT,2.90,20.39,0.000021,MISTI
20260528,0401,2025,AREQUIPA,AREQUIPA,20251108,102759,VT,4.70,12.12,0.000026,MISTI
20260528,0401,2025,AREQUIPA,AREQUIPA,20251108,102801,VT,3.60,31.73,0.000043,MISTI
20260528,0401,2025,AREQUIPA,AREQUIPA,20251108,104147,VT,3.10,19.62,0.000019,MISTI
20260528,0401,2025,AREQUIPA,AREQUIPA,20251108,110526,VT,2.30,28.37,0.000035,MISTI
20260528,0401,2025,AREQUIPA,AREQUIPA,20251108,112203,VT,10.00,10.26,0.000015,MISTI
20260528,0401,2025,AREQUIPA,AREQUIPA,20251108,112204,VT,10.00,14.25,0.000019,MISTI
20260528,0401,2025,AREQUIPA,AREQUIPA,20251108,114702,VT,3.10,14.25,0.000028,MISTI
20260528,0401,2025,AREQUIPA,AREQUIPA,20251108,121229,VT,3.50,39.30,0.000087,MISTI
20260528,0401,2025,AREQUIPA,AREQUIPA,20251108,121910,VT,3.70,33.49,0.000046,MISTI
20260528,0401,2025,AREQUIPA,AREQUIPA,20251109,055135,VT,3.20,41.98,0.000066,MISTI
20260528,0401,2025,AREQUIPA,AREQUIPA,20251109,061019,VT,3.50,13.23,0.000014,MISTI
20260528,0401,2025,AREQUIPA,AREQUIPA,20251109,061021,VT,3.50,21.56,0.000019,MISTI
20260528,0401,2025,AREQUIPA,AREQUIPA,20251109,061234,VT,5.40,15.45,0.000017,MISTI
20260528,0401,2025,AREQUIPA,AREQUIPA,20251109,061236,VT,5.50,14.30,0.000017,MISTI
20260528,0401,2025,AREQUIPA,AREQUIPA,20251109,061325,VT,3.50,12.99,0.000014,MISTI
20260528,0401,2025,AREQUIPA,AREQUIPA,20251109,061326,VT,3.50,15.95,0.000016,MISTI
20260528,0401,2025,AREQUIPA,AREQUIPA,20251109,063812,VT,7.00,9.25,0.000007,MISTI
20260528,0401,2025,AREQUIPA,AREQUIPA,20251109,063813,VT,2.70,20.84,0.000016,MISTI
20260528,0401,2025,AREQUIPA,AREQUIPA,20251109,070745,VT,12.60,19.56,0.000263,MISTI
20260528,0401,2025,AREQUIPA,AREQUIPA,20251109,075335,VT,3.50,23.11,0.000023,MISTI
20260528,0401,2025,AREQUIPA,AREQUIPA,20251109,082010,VT,5.20,16.94,0.000051,MISTI
20260528,0401,2025,AREQUIPA,AREQUIPA,20251109,093029,VT,10.00,15.85,0.000030,MISTI
20260528,0401,2025,AREQUIPA,AREQUIPA,20251109,093532,VT,3.10,22.88,0.000032,MISTI
20260528,0401,2025,AREQUIPA,AREQUIPA,20251109,094149,VT,4.50,26.20,0.000048,MISTI
20260528,0401,2025,AREQUIPA,AREQUIPA,20251109,094232,VT,3.40,12.06,0.000020,MISTI
20260528,0401,2025,AREQUIPA,AREQUIPA,20251109,095143,VT,4.70,10.67,0.000029,MISTI
20260528,0401,2025,AREQUIPA,AREQUIPA,20251109,104806,VT,2.70,18.50,0.000031,MISTI
20260528,0401,2025,AREQUIPA,AREQUIPA,20251109,211901,VT,3.10,41.26,0.000111,MISTI
20260528,0401,2025,AREQUIPA,AREQUIPA,20251110,022421,VT,3.50,29.22,0.000034,MISTI
20260528,0401,2025,AREQUIPA,AREQUIPA,20251110,031948,VT,10.00,23.79,0.000038,MISTI
20260528,0401,2025,AREQUIPA,AREQUIPA,20251110,041043,VT,3.50,27.23,0.000039,MISTI
20260528,0401,2025,AREQUIPA,AREQUIPA,20251110,043106,VT,4.70,11.40,0.000022,MISTI
20260528,0401,2025,AREQUIPA,AREQUIPA,20251110,043623,VT,10.00,57.43,0.000045,MISTI
20260528,0401,2025,AREQUIPA,AREQUIPA,20251110,050452,VT,3.20,18.87,0.000024,MISTI
20260528,0401,2025,AREQUIPA,AREQUIPA,20251110,051543,VT,5.30,21.94,0.000028,MISTI
20260528,0401,2025,AREQUIPA,AREQUIPA,20251110,052346,VT,10.00,51.55,0.000046,MISTI
20260528,0401,2025,AREQUIPA,AREQUIPA,20251110,053749,VT,3.20,16.33,0.000022,MISTI
20260528,0401,2025,AREQUIPA,AREQUIPA,20251110,053841,VT,3.40,24.44,0.000023,MISTI
20260528,0401,2025,AREQUIPA,AREQUIPA,20251110,063612,VT,10.00,23.39,0.000025,MISTI
20260528,0401,2025,AREQUIPA,AREQUIPA,20251110,064737,VT,10.00,17.45,0.000012,MISTI
20260528,0401,2025,AREQUIPA,AREQUIPA,20251110,070209,VT,10.00,29.10,0.000018,MISTI
20260528,0401,2025,AREQUIPA,AREQUIPA,20251110,081827,VT,10.00,53.45,0.000073,MISTI
20260528,0401,2025,AREQUIPA,AREQUIPA,20251110,085823,VT,3.30,22.29,0.000021,MISTI
20260528,0401,2025,AREQUIPA,AREQUIPA,20251110,090915,VT,5.50,18.75,0.000066,MISTI
20260528,0401,2025,AREQUIPA,AREQUIPA,20251110,093117,VD,3.20,26.57,0.000041,MISTI
20260528,0401,2025,AREQUIPA,AREQUIPA,20251110,093839,VT,3.80,14.08,0.000022,MISTI
20260528,0401,2025,AREQUIPA,AREQUIPA,20251110,095002,VT,10.00,30.09,0.000024,MISTI
20260528,0401,2025,AREQUIPA,AREQUIPA,20251110,101539,VT,10.00,32.45,0.000028,MISTI
20260528,0401,2025,AREQUIPA,AREQUIPA,20251110,104523,VT,3.10,19.85,0.000018,MISTI
20260528,0401,2025,AREQUIPA,AREQUIPA,20251110,110708,VD,3.30,44.87,0.000043,MISTI
20260528,0401,2025,AREQUIPA,AREQUIPA,20251110,111028,VT,5.70,14.98,0.000044,MISTI
20260528,0401,2025,AREQUIPA,AREQUIPA,20251110,111354,VD,10.00,81.68,0.000106,MISTI
20260528,0401,2025,AREQUIPA,AREQUIPA,20251110,121308,TO,4.30,82.86,0.003450,MISTI
20260528,0401,2025,AREQUIPA,AREQUIPA,20251110,123101,VD,3.70,21.73,0.000101,MISTI
20260528,0401,2025,AREQUIPA,AREQUIPA,20251110,125232,VT,3.50,22.41,0.000085,MISTI
20260528,0401,2025,AREQUIPA,AREQUIPA,20251110,130106,TO,2.80,71.05,0.000342,MISTI
20260528,0401,2025,AREQUIPA,AREQUIPA,20251110,130530,VT,5.30,16.60,0.000031,MISTI
20260528,0401,2025,AREQUIPA,AREQUIPA,20251110,132406,VT,2.80,285.13,0.583630,MISTI
20260528,0401,2025,AREQUIPA,AREQUIPA,20251110,133717,VT,2.40,27.50,0.000112,MISTI
20260528,0401,2025,AREQUIPA,AREQUIPA,20251110,170416,VT,8.80,17.51,0.000404,MISTI
20260528,0401,2025,AREQUIPA,AREQUIPA,20251110,202016,VT,4.50,17.80,0.000717,MISTI
20260528,0401,2025,AREQUIPA,AREQUIPA,20251110,233953,VT,3.40,38.16,0.001199,MISTI
20260528,0401,2025,AREQUIPA,AREQUIPA,20251111,001347,VT,3.00,23.68,0.000036,MISTI
20260528,0401,2025,AREQUIPA,AREQUIPA,20251111,010155,VT,3.20,52.10,0.000050,MISTI
20260528,0401,2025,AREQUIPA,AREQUIPA,20251111,011310,VT,3.00,40.42,0.000045,MISTI
20260528,0401,2025,AREQUIPA,AREQUIPA,20251111,015244,VD,3.50,33.33,0.000088,MISTI
20260528,0401,2025,AREQUIPA,AREQUIPA,20251111,020412,VT,4.60,7.32,0.000112,MISTI
20260528,0401,2025,AREQUIPA,AREQUIPA,20251111,045156,VT,3.20,19.56,0.000025,MISTI
20260528,0401,2025,AREQUIPA,AREQUIPA,20251111,055123,VD,10.00,219.84,0.000146,MISTI
20260528,0401,2025,AREQUIPA,AREQUIPA,20251111,062028,VT,3.30,25.87,0.000030,MISTI
20260528,0401,2025,AREQUIPA,AREQUIPA,20251111,063153,VT,10.00,24.67,0.000025,MISTI
20260528,0401,2025,AREQUIPA,AREQUIPA,20251111,063404,VT,3.90,25.37,0.000030,MISTI
20260528,0401,2025,AREQUIPA,AREQUIPA,20251111,064641,VD,10.00,143.71,0.000103,MISTI
20260528,0401,2025,AREQUIPA,AREQUIPA,20251111,070226,VT,3.40,24.98,0.000024,MISTI
20260528,0401,2025,AREQUIPA,AREQUIPA,20251111,074517,VT,3.40,28.46,0.000029,MISTI
20260528,0401,2025,AREQUIPA,AREQUIPA,20251111,075640,VT,3.50,44.39,0.000052,MISTI
20260528,0401,2025,AREQUIPA,AREQUIPA,20251111,082411,TO,4.30,91.57,0.003585,MISTI
20260528,0401,2025,AREQUIPA,AREQUIPA,20251111,085111,VT,3.40,31.27,0.000026,MISTI
20260528,0401,2025,AREQUIPA,AREQUIPA,20251111,085620,VT,4.10,26.79,0.000072,MISTI
20260528,0401,2025,AREQUIPA,AREQUIPA,20251111,092006,VT,3.30,28.51,0.000023,MISTI
20260528,0401,2025,AREQUIPA,AREQUIPA,20251111,095011,VT,3.90,25.70,0.000024,MISTI
20260528,0401,2025,AREQUIPA,AREQUIPA,20251111,095231,VT,2.80,12.05,0.000012,MISTI
20260528,0401,2025,AREQUIPA,AREQUIPA,20251111,095320,VD,3.00,37.21,0.000035,MISTI
20260528,0401,2025,AREQUIPA,AREQUIPA,20251111,114040,VT,3.40,17.42,0.000019,MISTI
20260528,0401,2025,AREQUIPA,AREQUIPA,20251111,122243,VT,2.60,19.12,0.000024,MISTI
20260528,0401,2025,AREQUIPA,AREQUIPA,20251111,123914,VT,2.90,26.88,0.000093,MISTI
20260528,0401,2025,AREQUIPA,AREQUIPA,20251111,161613,VT,3.40,26.70,0.000109,MISTI
20260528,0401,2025,AREQUIPA,AREQUIPA,20251111,170833,VT,5.40,10.00,0.000041,MISTI
20260528,0401,2025,AREQUIPA,AREQUIPA,20251111,171050,VT,5.40,26.28,0.000152,MISTI
20260528,0401,2025,AREQUIPA,AREQUIPA,20251111,204646,VT,5.30,31.11,0.000175,MISTI
20260528,0401,2025,AREQUIPA,AREQUIPA,20251111,204753,VT,4.30,21.28,0.000093,MISTI
20260528,0401,2025,AREQUIPA,AREQUIPA,20251111,212841,VT,4.70,29.38,0.000672,MISTI
20260528,0401,2025,AREQUIPA,AREQUIPA,20251111,213517,VD,4.20,53.96,0.000629,MISTI
20260528,0401,2025,AREQUIPA,AREQUIPA,20251111,225902,VT,5.10,23.26,0.000037,MISTI
20260528,0401,2025,AREQUIPA,AREQUIPA,20251111,231437,VT,4.50,13.02,0.000040,MISTI
20260528,0401,2025,AREQUIPA,AREQUIPA,20251112,000752,VD,4.20,39.70,0.000068,MISTI
20260528,0401,2025,AREQUIPA,AREQUIPA,20251112,002204,VT,3.20,28.88,0.000040,MISTI
20260528,0401,2025,AREQUIPA,AREQUIPA,20251112,002839,VT,3.90,17.28,0.000042,MISTI
20260528,0401,2025,AREQUIPA,AREQUIPA,20251112,012421,VT,3.40,31.91,0.000056,MISTI
20260528,0401,2025,AREQUIPA,AREQUIPA,20251112,012801,VT,3.40,28.79,0.000038,MISTI
20260528,0401,2025,AREQUIPA,AREQUIPA,20251112,014135,VT,3.30,23.73,0.000032,MISTI
20260528,0401,2025,AREQUIPA,AREQUIPA,20251112,015149,VT,5.30,25.03,0.000062,MISTI
20260528,0401,2025,AREQUIPA,AREQUIPA,20251112,015227,VT,4.20,12.71,0.000031,MISTI
20260528,0401,2025,AREQUIPA,AREQUIPA,20251112,015918,VT,3.60,18.84,0.000025,MISTI
20260528,0401,2025,AREQUIPA,AREQUIPA,20251112,020101,VT,3.40,24.00,0.000039,MISTI
20260528,0401,2025,AREQUIPA,AREQUIPA,20251112,020144,VT,5.50,17.74,0.000056,MISTI
20260528,0401,2025,AREQUIPA,AREQUIPA,20251112,022202,VT,2.60,19.44,0.000040,MISTI
20260528,0401,2025,AREQUIPA,AREQUIPA,20251112,022846,VT,2.80,23.06,0.000036,MISTI
20260528,0401,2025,AREQUIPA,AREQUIPA,20251112,022941,VT,3.50,15.03,0.000014,MISTI
20260528,0401,2025,AREQUIPA,AREQUIPA,20251112,024022,VT,3.20,29.58,0.000025,MISTI
20260528,0401,2025,AREQUIPA,AREQUIPA,20251112,024714,VT,4.70,50.71,0.001149,MISTI
20260528,0401,2025,AREQUIPA,AREQUIPA,20251112,030529,VT,3.30,32.27,0.000038,MISTI
20260528,0401,2025,AREQUIPA,AREQUIPA,20251112,031233,VT,10.00,40.79,0.000047,MISTI
20260528,0401,2025,AREQUIPA,AREQUIPA,20251112,031640,VT,2.90,32.67,0.000031,MISTI
20260528,0401,2025,AREQUIPA,AREQUIPA,20251112,033327,VT,3.20,50.43,0.000037,MISTI
20260528,0401,2025,AREQUIPA,AREQUIPA,20251112,042940,VT,4.30,23.43,0.000573,MISTI
20260528,0401,2025,AREQUIPA,AREQUIPA,20251112,044514,VT,3.40,47.13,0.000086,MISTI
20260528,0401,2025,AREQUIPA,AREQUIPA,20251112,045155,VT,3.20,14.92,0.000021,MISTI
20260528,0401,2025,AREQUIPA,AREQUIPA,20251112,045456,VT,3.50,24.20,0.000022,MISTI
20260528,0401,2025,AREQUIPA,AREQUIPA,20251112,045536,VT,3.50,14.96,0.000013,MISTI
20260528,0401,2025,AREQUIPA,AREQUIPA,20251112,050523,VT,4.70,22.60,0.001223,MISTI
20260528,0401,2025,AREQUIPA,AREQUIPA,20251112,055407,VT,3.90,16.09,0.000014,MISTI
20260528,0401,2025,AREQUIPA,AREQUIPA,20251112,055537,VT,3.90,23.70,0.000019,MISTI
20260528,0401,2025,AREQUIPA,AREQUIPA,20251112,060401,VT,3.20,15.86,0.000018,MISTI
20260528,0401,2025,AREQUIPA,AREQUIPA,20251112,061232,VT,3.10,42.82,0.000034,MISTI
20260528,0401,2025,AREQUIPA,AREQUIPA,20251112,063648,VD,3.70,33.01,0.000031,MISTI
20260528,0401,2025,AREQUIPA,AREQUIPA,20251112,070826,VT,3.50,26.37,0.000391,MISTI
20260528,0401,2025,AREQUIPA,AREQUIPA,20251112,074304,VT,3.40,15.65,0.000015,MISTI
20260528,0401,2025,AREQUIPA,AREQUIPA,20251112,091050,VT,4.00,19.48,0.000030,MISTI
20260528,0401,2025,AREQUIPA,AREQUIPA,20251112,091534,VT,3.30,24.01,0.000022,MISTI
20260528,0401,2025,AREQUIPA,AREQUIPA,20251112,094244,VT,4.20,22.97,0.000021,MISTI
20260528,0401,2025,AREQUIPA,AREQUIPA,20251112,094416,VT,4.50,20.24,0.000015,MISTI
20260528,0401,2025,AREQUIPA,AREQUIPA,20251112,095030,VT,4.20,35.88,0.000030,MISTI
20260528,0401,2025,AREQUIPA,AREQUIPA,20251112,103425,VT,4.30,43.86,0.000067,MISTI
20260528,0401,2025,AREQUIPA,AREQUIPA,20251112,105701,VT,3.40,49.13,0.000065,MISTI
20260528,0401,2025,AREQUIPA,AREQUIPA,20251112,112813,VT,3.40,42.87,0.000033,MISTI
20260528,0401,2025,AREQUIPA,AREQUIPA,20251112,134127,VD,3.50,90.67,0.002464,MISTI
20260528,0401,2025,AREQUIPA,AREQUIPA,20251112,141746,VT,2.90,65.77,0.000201,MISTI
20260528,0401,2025,AREQUIPA,AREQUIPA,20251112,152838,VT,2.70,33.42,0.000353,MISTI
20260528,0401,2025,AREQUIPA,AREQUIPA,20251112,162647,VT,3.80,38.05,0.000496,MISTI
20260528,0401,2025,AREQUIPA,AREQUIPA,20251112,195609,VT,4.30,16.13,0.000044,MISTI
20260528,0401,2025,AREQUIPA,AREQUIPA,20251112,203331,VT,3.70,29.04,0.000140,MISTI
20260528,0401,2025,AREQUIPA,AREQUIPA,20251113,051224,VD,3.10,34.76,0.000041,MISTI
20260528,0401,2025,AREQUIPA,AREQUIPA,20251113,062136,VT,3.50,37.57,0.000049,MISTI
20260528,0401,2025,AREQUIPA,AREQUIPA,20251113,071052,VT,3.10,23.35,0.000018,MISTI
20260528,0401,2025,AREQUIPA,AREQUIPA,20251113,091612,VT,3.70,16.69,0.000017,MISTI
20260528,0401,2025,AREQUIPA,AREQUIPA,20251113,121022,VT,2.90,39.71,0.000043,MISTI
20260528,0401,2025,AREQUIPA,AREQUIPA,20251113,123241,VT,2.90,33.69,0.000042,MISTI
20260528,0401,2025,AREQUIPA,AREQUIPA,20251113,130255,VT,2.80,29.74,0.000069,MISTI
20260528,0401,2025,AREQUIPA,AREQUIPA,20251113,132303,VT,2.50,35.65,0.000051,MISTI
20260528,0401,2025,AREQUIPA,AREQUIPA,20251113,133626,VT,2.60,49.14,0.000115,MISTI
20260528,0401,2025,AREQUIPA,AREQUIPA,20251113,140246,VT,2.50,41.27,0.000066,MISTI
20260528,0401,2025,AREQUIPA,AREQUIPA,20251114,010720,VT,4.50,18.77,0.000044,MISTI
20260528,0401,2025,AREQUIPA,AREQUIPA,20251114,011750,VT,3.50,23.39,0.000048,MISTI
20260528,0401,2025,AREQUIPA,AREQUIPA,20251114,023644,VT,3.30,42.28,0.000063,MISTI
20260528,0401,2025,AREQUIPA,AREQUIPA,20251114,025732,VT,3.30,19.65,0.000025,MISTI
20260528,0401,2025,AREQUIPA,AREQUIPA,20251114,040211,VD,3.10,73.38,0.000102,MISTI
20260528,0401,2025,AREQUIPA,AREQUIPA,20251114,053419,VT,4.30,30.39,0.000041,MISTI
20260528,0401,2025,AREQUIPA,AREQUIPA,20251114,095003,VT,4.70,29.15,0.000077,MISTI
20260528,0401,2025,AREQUIPA,AREQUIPA,20251114,123738,VT,5.30,36.31,0.000073,MISTI
20260528,0401,2025,AREQUIPA,AREQUIPA,20251114,134219,VT,5.30,24.83,0.000146,MISTI
20260528,0401,2025,AREQUIPA,AREQUIPA,20251114,140339,VT,2.80,21.74,0.000164,MISTI
20260528,0401,2025,AREQUIPA,AREQUIPA,20251114,172707,VT,2.40,22.18,0.000333,MISTI
20260528,0401,2025,AREQUIPA,AREQUIPA,20251114,173134,VT,5.40,14.93,0.000077,MISTI
20260528,0401,2025,AREQUIPA,AREQUIPA,20251114,174633,VT,3.60,16.62,0.000220,MISTI
20260528,0401,2025,AREQUIPA,AREQUIPA,20251114,232436,VT,2.80,21.82,0.000021,MISTI
20260528,0401,2025,AREQUIPA,AREQUIPA,20251115,024143,VT,4.20,27.87,0.000021,MISTI
20260528,0401,2025,AREQUIPA,AREQUIPA,20251115,060932,VT,3.20,28.64,0.000029,MISTI
20260528,0401,2025,AREQUIPA,AREQUIPA,20251115,092344,VT,3.70,20.91,0.000020,MISTI
20260528,0401,2025,AREQUIPA,AREQUIPA,20251115,171233,VT,4.60,37.89,0.001617,MISTI
20260528,0401,2025,AREQUIPA,AREQUIPA,20251115,191902,VT,4.30,21.61,0.000099,MISTI
20260528,0401,2025,AREQUIPA,AREQUIPA,20251115,194040,VT,3.80,27.37,0.000098,MISTI
20260528,0401,2025,AREQUIPA,AREQUIPA,20251115,194609,VT,10.00,14.97,0.000554,MISTI
20260528,0401,2025,AREQUIPA,AREQUIPA,20251115,194747,VT,3.80,25.85,0.000898,MISTI
20260528,0401,2025,AREQUIPA,AREQUIPA,20251116,102905,VT,10.00,35.48,0.000028,MISTI
20260528,0401,2025,AREQUIPA,AREQUIPA,20251116,110906,VT,10.00,36.82,0.000024,MISTI
20260528,0401,2025,AREQUIPA,AREQUIPA,20251116,114939,VT,4.20,20.75,0.000028,MISTI
20260528,0401,2025,AREQUIPA,AREQUIPA,20251116,115503,VT,10.00,17.97,0.000040,MISTI
20260528,0401,2025,AREQUIPA,AREQUIPA,20251116,122817,VT,10.00,33.08,0.000046,MISTI
20260528,0401,2025,AREQUIPA,AREQUIPA,20251116,124608,VT,10.00,34.12,0.000027,MISTI
20260528,0401,2025,AREQUIPA,AREQUIPA,20251116,173848,VT,4.20,24.57,0.000067,MISTI
20260528,0401,2025,AREQUIPA,AREQUIPA,20251116,223326,VT,3.40,19.86,0.000031,MISTI
20260528,0401,2025,AREQUIPA,AREQUIPA,20251116,231659,VT,3.70,42.36,0.000103,MISTI
20260528,0401,2025,AREQUIPA,AREQUIPA,20251117,000313,VT,3.30,42.89,0.000040,MISTI
20260528,0401,2025,AREQUIPA,AREQUIPA,20251117,001516,VT,3.00,25.34,0.000025,MISTI
20260528,0401,2025,AREQUIPA,AREQUIPA,20251117,003101,VT,3.40,32.06,0.000040,MISTI
20260528,0401,2025,AREQUIPA,AREQUIPA,20251117,003751,VT,3.10,31.50,0.000029,MISTI
20260528,0401,2025,AREQUIPA,AREQUIPA,20251117,005853,VT,3.50,12.97,0.000012,MISTI
20260528,0401,2025,AREQUIPA,AREQUIPA,20251117,010759,VT,3.50,33.04,0.000086,MISTI
20260528,0401,2025,AREQUIPA,AREQUIPA,20251117,014417,VT,2.90,48.70,0.000053,MISTI
20260528,0401,2025,AREQUIPA,AREQUIPA,20251117,043606,VT,3.50,25.97,0.000038,MISTI
20260528,0401,2025,AREQUIPA,AREQUIPA,20251117,055152,VT,3.00,42.75,0.000685,MISTI
20260528,0401,2025,AREQUIPA,AREQUIPA,20251117,123202,VT,3.30,52.45,0.000139,MISTI
20260528,0401,2025,AREQUIPA,AREQUIPA,20251118,005925,VT,3.40,12.40,0.000026,MISTI
20260528,0401,2025,AREQUIPA,AREQUIPA,20251118,013850,VT,17.20,46.38,0.000053,MISTI
20260528,0401,2025,AREQUIPA,AREQUIPA,20251118,015223,VT,3.90,29.44,0.000109,MISTI
20260528,0401,2025,AREQUIPA,AREQUIPA,20251118,023742,VT,3.40,50.07,0.000053,MISTI
20260528,0401,2025,AREQUIPA,AREQUIPA,20251118,035448,VT,10.00,36.86,0.000044,MISTI
20260528,0401,2025,AREQUIPA,AREQUIPA,20251118,045125,VT,10.00,28.83,0.000028,MISTI
20260528,0401,2025,AREQUIPA,AREQUIPA,20251118,075709,VT,5.10,11.74,0.000024,MISTI
20260528,0401,2025,AREQUIPA,AREQUIPA,20251118,125037,VT,2.90,25.97,0.000035,MISTI
20260528,0401,2025,AREQUIPA,AREQUIPA,20251118,141022,VT,2.90,43.94,0.000074,MISTI
20260528,0401,2025,AREQUIPA,AREQUIPA,20251118,150849,VT,2.80,26.65,0.000077,MISTI
20260528,0401,2025,AREQUIPA,AREQUIPA,20251118,153517,VT,2.90,16.80,0.000267,MISTI
20260528,0401,2025,AREQUIPA,AREQUIPA,20251118,181244,TO,3.80,55.51,0.004925,MISTI
20260528,0401,2025,AREQUIPA,AREQUIPA,20251119,023606,VT,10.00,35.85,0.000043,MISTI
20260528,0401,2025,AREQUIPA,AREQUIPA,20251119,035012,VT,10.00,29.64,0.000041,MISTI
20260528,0401,2025,AREQUIPA,AREQUIPA,20251119,045011,VT,10.00,18.77,0.000038,MISTI
20260528,0401,2025,AREQUIPA,AREQUIPA,20251119,052053,VT,5.30,32.06,0.000053,MISTI
20260528,0401,2025,AREQUIPA,AREQUIPA,20251119,062934,VT,3.40,15.46,0.000045,MISTI
20260528,0401,2025,AREQUIPA,AREQUIPA,20251119,063222,VT,5.00,17.77,0.000038,MISTI
20260528,0401,2025,AREQUIPA,AREQUIPA,20251119,070924,VT,3.40,29.11,0.000112,MISTI
20260528,0401,2025,AREQUIPA,AREQUIPA,20251119,093450,VT,3.40,22.73,0.000034,MISTI
20260528,0401,2025,AREQUIPA,AREQUIPA,20251119,144038,VT,5.40,20.36,0.000694,MISTI
20260528,0401,2025,AREQUIPA,AREQUIPA,20251119,193723,VT,3.30,22.18,0.000490,MISTI
20260528,0401,2025,AREQUIPA,AREQUIPA,20251119,202235,VT,3.40,34.57,0.000870,MISTI
20260528,0401,2025,AREQUIPA,AREQUIPA,20251119,202741,VT,4.50,21.86,0.000216,MISTI
20260528,0401,2025,AREQUIPA,AREQUIPA,20251120,101840,VT,3.70,18.29,0.000032,MISTI
20260528,0401,2025,AREQUIPA,AREQUIPA,20251120,102401,VT,5.20,26.30,0.000058,MISTI
20260528,0401,2025,AREQUIPA,AREQUIPA,20251120,141342,VT,2.30,15.53,0.000143,MISTI
20260528,0401,2025,AREQUIPA,AREQUIPA,20251120,160620,VT,2.30,26.33,0.000147,MISTI
20260528,0401,2025,AREQUIPA,AREQUIPA,20251120,180518,VT,3.80,26.45,0.000111,MISTI
20260528,0401,2025,AREQUIPA,AREQUIPA,20251120,180814,VT,3.70,24.23,0.000092,MISTI
20260528,0401,2025,AREQUIPA,AREQUIPA,20251120,201550,VT,2.80,24.90,0.000192,MISTI
20260528,0401,2025,AREQUIPA,AREQUIPA,20251120,202947,VT,3.50,39.54,0.000140,MISTI
20260528,0401,2025,AREQUIPA,AREQUIPA,20251120,211250,VT,3.20,16.41,0.000058,MISTI
20260528,0401,2025,AREQUIPA,AREQUIPA,20251120,213031,VT,4.20,24.06,0.000049,MISTI
20260528,0401,2025,AREQUIPA,AREQUIPA,20251120,214821,VT,2.50,16.91,0.000031,MISTI
20260528,0401,2025,AREQUIPA,AREQUIPA,20251121,052158,VT,4.70,33.10,0.000539,MISTI
20260528,0401,2025,AREQUIPA,AREQUIPA,20251121,061650,VT,9.90,17.57,0.000011,MISTI
20260528,0401,2025,AREQUIPA,AREQUIPA,20251121,063033,VT,10.00,26.06,0.000012,MISTI
20260528,0401,2025,AREQUIPA,AREQUIPA,20251121,064451,VT,10.00,22.55,0.000012,MISTI
20260528,0401,2025,AREQUIPA,AREQUIPA,20251121,082304,VT,10.00,23.39,0.000011,MISTI
20260528,0401,2025,AREQUIPA,AREQUIPA,20251121,082500,VT,10.00,47.56,0.000022,MISTI
20260528,0401,2025,AREQUIPA,AREQUIPA,20251121,101520,VT,3.40,25.75,0.000029,MISTI
20260528,0401,2025,AREQUIPA,AREQUIPA,20251121,114750,VT,2.60,22.25,0.000036,MISTI
20260528,0401,2025,AREQUIPA,AREQUIPA,20251121,131904,VT,2.80,31.71,0.000061,MISTI
20260528,0401,2025,AREQUIPA,AREQUIPA,20251121,134520,VT,3.00,25.95,0.000037,MISTI
20260528,0401,2025,AREQUIPA,AREQUIPA,20251121,145710,VT,2.50,20.70,0.000064,MISTI
20260528,0401,2025,AREQUIPA,AREQUIPA,20251122,040920,VT,5.50,14.87,0.000018,MISTI
20260528,0401,2025,AREQUIPA,AREQUIPA,20251122,095148,VT,10.00,29.11,0.000035,MISTI
20260528,0401,2025,AREQUIPA,AREQUIPA,20251122,095149,VT,5.50,10.57,0.000025,MISTI
20260528,0401,2025,AREQUIPA,AREQUIPA,20251122,095355,VT,7.40,10.98,0.000011,MISTI
20260528,0401,2025,AREQUIPA,AREQUIPA,20251122,101519,VT,5.00,7.12,0.000025,MISTI
20260528,0401,2025,AREQUIPA,AREQUIPA,20251122,101520,VT,3.40,13.34,0.000031,MISTI
20260528,0401,2025,AREQUIPA,AREQUIPA,20251122,103945,TO,4.60,78.74,0.003454,MISTI
20260528,0401,2025,AREQUIPA,AREQUIPA,20251122,111024,VT,10.00,21.43,0.000015,MISTI
20260528,0401,2025,AREQUIPA,AREQUIPA,20251122,114832,VT,3.30,23.85,0.000022,MISTI
20260528,0401,2025,AREQUIPA,AREQUIPA,20251122,120318,VT,3.10,23.40,0.000026,MISTI
20260528,0401,2025,AREQUIPA,AREQUIPA,20251122,120826,VT,3.70,15.79,0.000015,MISTI
20260528,0401,2025,AREQUIPA,AREQUIPA,20251122,121010,VT,2.70,15.32,0.000015,MISTI
20260528,0401,2025,AREQUIPA,AREQUIPA,20251122,130642,VT,3.40,20.01,0.000207,MISTI
20260528,0401,2025,AREQUIPA,AREQUIPA,20251122,130643,VT,3.30,26.69,0.000214,MISTI
20260528,0401,2025,AREQUIPA,AREQUIPA,20251122,130807,VT,5.40,14.69,0.000032,MISTI
20260528,0401,2025,AREQUIPA,AREQUIPA,20251122,130808,VT,10.00,44.09,0.000057,MISTI
20260528,0401,2025,AREQUIPA,AREQUIPA,20251122,162501,VT,7.30,13.64,0.000093,MISTI
20260528,0401,2025,AREQUIPA,AREQUIPA,20251122,220214,VT,5.50,12.02,0.000164,MISTI
20260528,0401,2025,AREQUIPA,AREQUIPA,20251122,220215,VT,3.10,30.16,0.000524,MISTI
20260528,0401,2025,AREQUIPA,AREQUIPA,20251123,020020,VT,5.30,11.10,0.000032,MISTI
20260528,0401,2025,AREQUIPA,AREQUIPA,20251123,052016,VT,3.10,20.08,0.000028,MISTI
20260528,0401,2025,AREQUIPA,AREQUIPA,20251123,075306,TO,12.60,73.64,0.002407,MISTI
20260528,0401,2025,AREQUIPA,AREQUIPA,20251123,075307,TO,12.60,61.34,0.002307,MISTI
20260528,0401,2025,AREQUIPA,AREQUIPA,20251123,090154,VD,10.00,18.65,0.000020,MISTI
20260528,0401,2025,AREQUIPA,AREQUIPA,20251123,103547,VT,10.00,17.20,0.000028,MISTI
20260528,0401,2025,AREQUIPA,AREQUIPA,20251123,112438,VT,3.20,18.89,0.000011,MISTI
20260528,0401,2025,AREQUIPA,AREQUIPA,20251123,113517,VT,10.00,23.77,0.000014,MISTI
20260528,0401,2025,AREQUIPA,AREQUIPA,20251123,115348,VT,10.00,17.89,0.000010,MISTI
20260528,0401,2025,AREQUIPA,AREQUIPA,20251123,121328,VT,10.00,23.10,0.000011,MISTI
20260528,0401,2025,AREQUIPA,AREQUIPA,20251123,130049,VT,10.00,22.42,0.000015,MISTI
20260528,0401,2025,AREQUIPA,AREQUIPA,20251123,223221,VT,3.40,24.47,0.000188,MISTI
20260528,0401,2025,AREQUIPA,AREQUIPA,20251124,023643,VT,10.00,22.96,0.000019,MISTI
20260528,0401,2025,AREQUIPA,AREQUIPA,20251124,032300,VT,3.40,14.66,0.000087,MISTI
20260528,0401,2025,AREQUIPA,AREQUIPA,20251124,032912,VT,10.00,19.54,0.000020,MISTI
20260528,0401,2025,AREQUIPA,AREQUIPA,20251124,035136,VT,6.70,15.61,0.000026,MISTI
20260528,0401,2025,AREQUIPA,AREQUIPA,20251124,035809,VT,10.00,22.36,0.000013,MISTI
20260528,0401,2025,AREQUIPA,AREQUIPA,20251124,041528,VT,10.00,22.32,0.000011,MISTI
20260528,0401,2025,AREQUIPA,AREQUIPA,20251124,054514,VT,4.30,22.36,0.000067,MISTI
20260528,0401,2025,AREQUIPA,AREQUIPA,20251124,055802,VT,10.00,15.63,0.000006,MISTI
20260528,0401,2025,AREQUIPA,AREQUIPA,20251124,063324,VT,3.40,10.53,0.000005,MISTI
20260528,0401,2025,AREQUIPA,AREQUIPA,20251124,070436,VT,10.00,17.06,0.000011,MISTI
20260528,0401,2025,AREQUIPA,AREQUIPA,20251124,084640,VT,10.00,27.15,0.000015,MISTI
20260528,0401,2025,AREQUIPA,AREQUIPA,20251124,093238,VT,10.00,13.50,0.000010,MISTI
20260528,0401,2025,AREQUIPA,AREQUIPA,20251124,110403,VT,3.80,15.85,0.000027,MISTI
20260528,0401,2025,AREQUIPA,AREQUIPA,20251124,110736,VT,3.50,22.97,0.000030,MISTI
20260528,0401,2025,AREQUIPA,AREQUIPA,20251124,145916,VT,2.70,13.79,0.000142,MISTI
20260528,0401,2025,AREQUIPA,AREQUIPA,20251124,202011,VT,4.30,21.75,0.000149,MISTI
20260528,0401,2025,AREQUIPA,AREQUIPA,20251125,002804,VD,3.40,59.72,0.000048,MISTI
20260528,0401,2025,AREQUIPA,AREQUIPA,20251125,003758,VT,3.50,24.68,0.000026,MISTI
20260528,0401,2025,AREQUIPA,AREQUIPA,20251125,031502,VT,4.40,39.41,3.052581,MISTI
20260528,0401,2025,AREQUIPA,AREQUIPA,20251125,032607,VT,2.70,16.56,0.000011,MISTI
20260528,0401,2025,AREQUIPA,AREQUIPA,20251125,034128,VT,2.80,19.93,0.000013,MISTI
20260528,0401,2025,AREQUIPA,AREQUIPA,20251125,035432,VT,4.30,16.10,0.000011,MISTI
20260528,0401,2025,AREQUIPA,AREQUIPA,20251125,041043,VT,5.90,21.99,0.001948,MISTI
20260528,0401,2025,AREQUIPA,AREQUIPA,20251125,041246,VT,4.90,18.24,0.000037,MISTI
20260528,0401,2025,AREQUIPA,AREQUIPA,20251125,045844,VT,3.70,14.90,0.000011,MISTI
20260528,0401,2025,AREQUIPA,AREQUIPA,20251125,074627,VT,10.00,39.21,0.000017,MISTI
20260528,0401,2025,AREQUIPA,AREQUIPA,20251126,012324,VT,5.20,15.06,0.000054,MISTI
20260528,0401,2025,AREQUIPA,AREQUIPA,20251126,013636,TO,12.50,52.72,0.000094,MISTI
20260528,0401,2025,AREQUIPA,AREQUIPA,20251126,021553,VT,3.20,27.24,0.000041,MISTI
20260528,0401,2025,AREQUIPA,AREQUIPA,20251126,044634,VT,10.00,17.34,0.000033,MISTI
20260528,0401,2025,AREQUIPA,AREQUIPA,20251126,111102,VT,10.00,59.82,0.000048,MISTI
20260528,0401,2025,AREQUIPA,AREQUIPA,20251126,130021,VT,3.80,23.26,0.000306,MISTI
20260528,0401,2025,AREQUIPA,AREQUIPA,20251127,005154,VT,3.70,16.33,0.000046,MISTI
20260528,0401,2025,AREQUIPA,AREQUIPA,20251127,013120,VT,3.20,21.62,0.000035,MISTI
20260528,0401,2025,AREQUIPA,AREQUIPA,20251127,083710,VT,3.60,24.61,0.000013,MISTI
20260528,0401,2025,AREQUIPA,AREQUIPA,20251127,084449,VT,3.70,31.19,0.000034,MISTI
20260528,0401,2025,AREQUIPA,AREQUIPA,20251127,085158,VT,3.30,37.00,0.000033,MISTI
20260528,0401,2025,AREQUIPA,AREQUIPA,20251127,101224,VT,4.20,19.37,0.000019,MISTI
20260528,0401,2025,AREQUIPA,AREQUIPA,20251127,101359,VT,3.50,14.74,0.000019,MISTI
20260528,0401,2025,AREQUIPA,AREQUIPA,20251127,103422,VT,3.70,22.20,0.000041,MISTI
20260528,0401,2025,AREQUIPA,AREQUIPA,20251127,105250,VT,2.80,16.57,0.000185,MISTI
20260528,0401,2025,AREQUIPA,AREQUIPA,20251127,110219,VT,5.40,16.69,0.000298,MISTI
20260528,0401,2025,AREQUIPA,AREQUIPA,20251127,110842,VT,3.20,24.77,0.000047,MISTI
20260528,0401,2025,AREQUIPA,AREQUIPA,20251127,111344,VT,4.70,44.05,0.000092,MISTI
20260528,0401,2025,AREQUIPA,AREQUIPA,20251127,111636,VD,4.40,23.50,0.000039,MISTI
20260528,0401,2025,AREQUIPA,AREQUIPA,20251127,113225,VD,3.80,37.17,0.000063,MISTI
20260528,0401,2025,AREQUIPA,AREQUIPA,20251127,122929,VT,3.40,29.36,0.000368,MISTI
20260528,0401,2025,AREQUIPA,AREQUIPA,20251127,132615,VT,3.50,29.75,0.000272,MISTI
20260528,0401,2025,AREQUIPA,AREQUIPA,20251127,135111,TO,4.30,47.78,0.002007,MISTI
20260528,0401,2025,AREQUIPA,AREQUIPA,20251128,004943,VD,3.20,31.30,0.000032,MISTI
20260528,0401,2025,AREQUIPA,AREQUIPA,20251128,014923,VT,3.60,22.07,0.000018,MISTI
20260528,0401,2025,AREQUIPA,AREQUIPA,20251128,033151,VT,3.20,35.42,0.000030,MISTI
20260528,0401,2025,AREQUIPA,AREQUIPA,20251128,035458,VT,3.40,18.80,0.000019,MISTI
20260528,0401,2025,AREQUIPA,AREQUIPA,20251128,042848,VT,3.20,25.91,0.000020,MISTI
20260528,0401,2025,AREQUIPA,AREQUIPA,20251128,043504,VT,3.20,40.29,0.000051,MISTI
20260528,0401,2025,AREQUIPA,AREQUIPA,20251128,045236,VT,3.50,13.71,0.000010,MISTI
20260528,0401,2025,AREQUIPA,AREQUIPA,20251128,045541,VT,3.50,28.66,0.000025,MISTI
20260528,0401,2025,AREQUIPA,AREQUIPA,20251128,050500,VT,3.90,29.90,0.000020,MISTI
20260528,0401,2025,AREQUIPA,AREQUIPA,20251128,051152,VT,3.50,28.23,0.000021,MISTI
20260528,0401,2025,AREQUIPA,AREQUIPA,20251128,052115,VT,3.30,30.99,0.000029,MISTI
20260528,0401,2025,AREQUIPA,AREQUIPA,20251128,053352,VT,10.00,25.31,0.000034,MISTI
20260528,0401,2025,AREQUIPA,AREQUIPA,20251128,053647,VT,4.40,33.63,0.000042,MISTI
20260528,0401,2025,AREQUIPA,AREQUIPA,20251128,054200,VT,10.00,13.98,0.000025,MISTI
20260528,0401,2025,AREQUIPA,AREQUIPA,20251128,055329,VT,4.20,30.33,0.000700,MISTI
20260528,0401,2025,AREQUIPA,AREQUIPA,20251128,060050,VD,3.50,41.90,0.000033,MISTI
20260528,0401,2025,AREQUIPA,AREQUIPA,20251128,064602,VT,3.30,30.42,0.000781,MISTI
20260528,0401,2025,AREQUIPA,AREQUIPA,20251128,065428,VT,10.00,23.37,0.000026,MISTI
20260528,0401,2025,AREQUIPA,AREQUIPA,20251128,072724,VT,10.00,16.99,0.000026,MISTI
20260528,0401,2025,AREQUIPA,AREQUIPA,20251128,074636,VT,4.70,31.53,0.000381,MISTI
20260528,0401,2025,AREQUIPA,AREQUIPA,20251128,074844,VT,4.70,25.86,0.000038,MISTI
20260528,0401,2025,AREQUIPA,AREQUIPA,20251128,081050,VT,3.50,22.00,0.000012,MISTI
20260528,0401,2025,AREQUIPA,AREQUIPA,20251128,104228,VT,3.50,11.81,0.000009,MISTI
20260528,0401,2025,AREQUIPA,AREQUIPA,20251129,034339,VT,4.40,18.04,0.000157,MISTI
20260528,0401,2025,AREQUIPA,AREQUIPA,20251129,081049,VT,10.00,26.31,0.000016,MISTI
20260528,0401,2025,AREQUIPA,AREQUIPA,20251129,140827,VT,2.40,28.95,0.000035,MISTI
20260528,0401,2025,AREQUIPA,AREQUIPA,20251129,144551,VT,2.80,32.51,0.000352,MISTI
20260528,0401,2025,AREQUIPA,AREQUIPA,20251129,165456,VD,2.80,22.17,0.000774,MISTI
20260528,0401,2025,AREQUIPA,AREQUIPA,20251129,221204,VT,4.40,24.14,0.000204,MISTI
20260528,0401,2025,AREQUIPA,AREQUIPA,20251129,225555,TO,4.40,55.07,0.002226,MISTI
20260528,0401,2025,AREQUIPA,AREQUIPA,20251129,225556,VT,4.40,66.56,0.002306,MISTI
20260528,0401,2025,AREQUIPA,AREQUIPA,20251130,011456,VT,3.20,16.59,0.000236,MISTI
20260528,0401,2025,AREQUIPA,AREQUIPA,20251130,022308,VT,5.30,20.12,0.000185,MISTI
20260528,0401,2025,AREQUIPA,AREQUIPA,20251130,031629,VT,4.20,26.61,0.000353,MISTI
20260528,0401,2025,AREQUIPA,AREQUIPA,20251130,033844,VT,3.80,23.95,0.000306,MISTI
20260528,0401,2025,AREQUIPA,AREQUIPA,20251130,033845,VT,3.80,17.44,0.000219,MISTI
20260528,0401,2025,AREQUIPA,AREQUIPA,20251130,034106,VT,4.70,20.82,0.000151,MISTI
20260528,0401,2025,AREQUIPA,AREQUIPA,20251130,034107,VT,10.00,17.98,0.000137,MISTI
20260528,0401,2025,AREQUIPA,AREQUIPA,20251130,040729,VT,5.30,12.69,0.000024,MISTI
20260528,0401,2025,AREQUIPA,AREQUIPA,20251130,044651,VT,3.70,28.18,0.000323,MISTI
20260528,0401,2025,AREQUIPA,AREQUIPA,20251130,050843,VT,4.20,20.16,0.000159,MISTI
20260528,0401,2025,AREQUIPA,AREQUIPA,20251130,051902,VT,4.00,19.24,0.000130,MISTI
20260528,0401,2025,AREQUIPA,AREQUIPA,20251130,052949,VT,3.80,20.72,0.000027,MISTI
20260528,0401,2025,AREQUIPA,AREQUIPA,20251130,052950,VT,3.70,12.73,0.000022,MISTI
20260528,0401,2025,AREQUIPA,AREQUIPA,20251130,053147,VT,4.70,14.39,0.000086,MISTI
20260528,0401,2025,AREQUIPA,AREQUIPA,20251130,054658,VT,4.00,16.38,0.000033,MISTI
20260528,0401,2025,AREQUIPA,AREQUIPA,20251130,054659,VT,3.10,24.13,0.000040,MISTI
20260528,0401,2025,AREQUIPA,AREQUIPA,20251130,062650,VT,4.70,33.26,0.001338,MISTI
20260528,0401,2025,AREQUIPA,AREQUIPA,20251130,062651,VT,4.70,23.92,0.001301,MISTI
20260528,0401,2025,AREQUIPA,AREQUIPA,20251130,072413,VT,2.70,19.33,0.000038,MISTI
20260528,0401,2025,AREQUIPA,AREQUIPA,20251130,072414,VT,3.00,35.63,0.000048,MISTI
20260528,0401,2025,AREQUIPA,AREQUIPA,20251130,074025,VT,4.00,17.24,0.000014,MISTI
20260528,0401,2025,AREQUIPA,AREQUIPA,20251201,030614,VT,3.80,15.09,0.000031,MISTI
20260528,0401,2025,AREQUIPA,AREQUIPA,20251201,030828,VT,5.90,15.81,0.000044,MISTI
20260528,0401,2025,AREQUIPA,AREQUIPA,20251201,092846,VT,3.80,20.33,0.000195,MISTI
20260528,0401,2025,AREQUIPA,AREQUIPA,20251201,103930,VT,3.70,32.85,0.000951,MISTI
20260528,0401,2025,AREQUIPA,AREQUIPA,20251201,104359,VT,7.30,21.72,0.000060,MISTI
20260528,0401,2025,AREQUIPA,AREQUIPA,20251201,113754,VT,3.20,23.59,0.000045,MISTI
20260528,0401,2025,AREQUIPA,AREQUIPA,20251202,100219,VT,3.50,26.90,0.000419,MISTI
20260528,0401,2025,AREQUIPA,AREQUIPA,20251203,035648,VT,3.10,24.73,0.000080,MISTI
20260528,0401,2025,AREQUIPA,AREQUIPA,20251203,040428,VT,5.10,24.35,0.000369,MISTI
20260528,0401,2025,AREQUIPA,AREQUIPA,20251203,182420,VT,7.20,22.07,0.000890,MISTI
20260528,0401,2025,AREQUIPA,AREQUIPA,20251203,222805,VT,5.10,30.38,0.000370,MISTI
20260528,0401,2025,AREQUIPA,AREQUIPA,20251204,021332,VT,5.30,19.67,0.000082,MISTI
20260528,0401,2025,AREQUIPA,AREQUIPA,20251204,022649,VT,3.20,18.60,0.000035,MISTI
20260528,0401,2025,AREQUIPA,AREQUIPA,20251204,024441,VT,3.00,22.73,0.000084,MISTI
20260528,0401,2025,AREQUIPA,AREQUIPA,20251204,024936,VT,3.00,19.88,0.000049,MISTI
20260528,0401,2025,AREQUIPA,AREQUIPA,20251204,030512,VT,3.90,17.53,0.000019,MISTI
20260528,0401,2025,AREQUIPA,AREQUIPA,20251204,040314,VT,2.70,17.97,0.000033,MISTI
20260528,0401,2025,AREQUIPA,AREQUIPA,20251204,050834,VT,2.80,15.28,0.000015,MISTI
20260528,0401,2025,AREQUIPA,AREQUIPA,20251204,090439,VT,3.20,17.97,0.000087,MISTI
20260528,0401,2025,AREQUIPA,AREQUIPA,20251204,171244,VT,2.80,18.02,0.000298,MISTI
20260528,0401,2025,AREQUIPA,AREQUIPA,20251205,050051,VT,3.10,18.06,0.000023,MISTI
20260528,0401,2025,AREQUIPA,AREQUIPA,20251205,170423,TO,4.00,50.94,0.000907,MISTI
20260528,0401,2025,AREQUIPA,AREQUIPA,20251205,203747,VD,3.50,84.83,0.001253,MISTI
20260528,0401,2025,AREQUIPA,AREQUIPA,20251206,010726,VT,4.50,11.01,0.000029,MISTI
20260528,0401,2025,AREQUIPA,AREQUIPA,20251206,012652,VT,6.70,7.91,0.000032,MISTI
20260528,0401,2025,AREQUIPA,AREQUIPA,20251206,040449,VT,4.10,11.13,0.000114,MISTI
20260528,0401,2025,AREQUIPA,AREQUIPA,20251206,045832,VT,6.90,7.51,0.000017,MISTI
20260528,0401,2025,AREQUIPA,AREQUIPA,20251206,053447,VT,3.20,21.39,0.000022,MISTI
20260528,0401,2025,AREQUIPA,AREQUIPA,20251206,053949,VT,3.40,9.58,0.000010,MISTI
20260528,0401,2025,AREQUIPA,AREQUIPA,20251206,055029,VT,3.40,20.43,0.000024,MISTI
20260528,0401,2025,AREQUIPA,AREQUIPA,20251206,070008,VT,3.40,29.22,0.000348,MISTI
20260528,0401,2025,AREQUIPA,AREQUIPA,20251206,181013,VT,4.30,30.29,0.000160,MISTI
20260528,0401,2025,AREQUIPA,AREQUIPA,20251206,224231,VT,3.30,30.89,0.000073,MISTI
20260528,0401,2025,AREQUIPA,AREQUIPA,20251206,234039,VT,10.00,29.02,0.000026,MISTI
20260528,0401,2025,AREQUIPA,AREQUIPA,20251207,002904,VT,4.70,10.60,0.000209,MISTI
20260528,0401,2025,AREQUIPA,AREQUIPA,20251207,041830,VT,10.00,46.34,0.000045,MISTI
20260528,0401,2025,AREQUIPA,AREQUIPA,20251207,073909,VT,3.30,13.22,0.000120,MISTI
20260528,0401,2025,AREQUIPA,AREQUIPA,20251207,093223,VT,10.00,40.46,0.000038,MISTI
20260528,0401,2025,AREQUIPA,AREQUIPA,20251207,100800,VT,3.70,7.56,0.000242,MISTI
20260528,0401,2025,AREQUIPA,AREQUIPA,20251208,135854,VT,3.90,32.03,0.002042,MISTI
20260528,0401,2025,AREQUIPA,AREQUIPA,20251208,211046,VT,5.70,15.72,0.001433,MISTI
20260528,0401,2025,AREQUIPA,AREQUIPA,20251209,064423,VT,3.30,20.26,0.000019,MISTI
20260528,0401,2025,AREQUIPA,AREQUIPA,20251209,064518,VT,5.20,12.65,0.000011,MISTI
20260528,0401,2025,AREQUIPA,AREQUIPA,20251209,065011,VT,3.30,10.76,0.000018,MISTI
20260528,0401,2025,AREQUIPA,AREQUIPA,20251209,074333,VT,6.70,17.73,0.000229,MISTI
20260528,0401,2025,AREQUIPA,AREQUIPA,20251209,111604,VT,5.20,21.10,0.000028,MISTI
20260528,0401,2025,AREQUIPA,AREQUIPA,20251209,120945,VT,7.00,8.19,0.000012,MISTI
20260528,0401,2025,AREQUIPA,AREQUIPA,20251209,122619,VT,5.50,12.47,0.000044,MISTI
20260528,0401,2025,AREQUIPA,AREQUIPA,20251209,125141,VT,5.50,10.89,0.000025,MISTI
20260528,0401,2025,AREQUIPA,AREQUIPA,20251209,132130,VT,5.20,10.22,0.000271,MISTI
20260528,0401,2025,AREQUIPA,AREQUIPA,20251209,133244,TO,4.10,39.77,0.001225,MISTI
20260528,0401,2025,AREQUIPA,AREQUIPA,20251210,023526,VT,3.60,22.00,0.000019,MISTI
20260528,0401,2025,AREQUIPA,AREQUIPA,20251210,024327,VT,3.20,20.23,0.000014,MISTI
20260528,0401,2025,AREQUIPA,AREQUIPA,20251210,031749,VT,3.70,21.48,0.000037,MISTI
20260528,0401,2025,AREQUIPA,AREQUIPA,20251210,033015,VT,3.50,52.92,0.000065,MISTI
20260528,0401,2025,AREQUIPA,AREQUIPA,20251210,034729,VT,3.20,34.51,0.000033,MISTI
20260528,0401,2025,AREQUIPA,AREQUIPA,20251210,034910,VT,3.30,30.94,0.000027,MISTI
20260528,0401,2025,AREQUIPA,AREQUIPA,20251210,035521,VT,2.80,16.28,0.000025,MISTI
20260528,0401,2025,AREQUIPA,AREQUIPA,20251210,040646,VT,3.10,34.97,0.000630,MISTI
20260528,0401,2025,AREQUIPA,AREQUIPA,20251210,043229,VT,3.30,18.43,0.000012,MISTI
20260528,0401,2025,AREQUIPA,AREQUIPA,20251210,045153,VT,5.30,13.81,0.000081,MISTI
20260528,0401,2025,AREQUIPA,AREQUIPA,20251210,063035,VT,10.00,26.37,0.000022,MISTI
20260528,0401,2025,AREQUIPA,AREQUIPA,20251210,070855,VT,4.20,28.68,0.000372,MISTI
20260528,0401,2025,AREQUIPA,AREQUIPA,20251210,094712,VT,3.20,45.94,0.000031,MISTI
20260528,0401,2025,AREQUIPA,AREQUIPA,20251211,031136,VT,6.90,35.62,0.000070,MISTI
20260528,0401,2025,AREQUIPA,AREQUIPA,20251211,093830,VT,3.20,26.13,0.000026,MISTI
20260528,0401,2025,AREQUIPA,AREQUIPA,20251211,103709,VT,3.50,28.21,0.000029,MISTI
20260528,0401,2025,AREQUIPA,AREQUIPA,20251211,114025,VT,2.40,25.82,0.000029,MISTI
20260528,0401,2025,AREQUIPA,AREQUIPA,20251211,121153,VT,2.70,20.06,0.000024,MISTI
20260528,0401,2025,AREQUIPA,AREQUIPA,20251212,013616,VT,2.80,39.72,0.000165,MISTI
20260528,0401,2025,AREQUIPA,AREQUIPA,20251212,031628,VD,4.20,42.24,0.000079,MISTI
20260528,0401,2025,AREQUIPA,AREQUIPA,20251212,035049,VT,3.20,14.04,0.000017,MISTI
20260528,0401,2025,AREQUIPA,AREQUIPA,20251212,045917,VT,3.70,15.55,0.000019,MISTI
20260528,0401,2025,AREQUIPA,AREQUIPA,20251212,081813,VT,4.30,27.66,0.000027,MISTI
20260528,0401,2025,AREQUIPA,AREQUIPA,20251212,092259,VT,2.90,41.48,0.000042,MISTI
20260528,0401,2025,AREQUIPA,AREQUIPA,20251212,094936,VT,7.30,17.58,0.000031,MISTI
20260528,0401,2025,AREQUIPA,AREQUIPA,20251212,115920,VT,5.90,16.16,0.000182,MISTI
20260528,0401,2025,AREQUIPA,AREQUIPA,20251212,120118,VT,5.00,27.12,0.000324,MISTI
20260528,0401,2025,AREQUIPA,AREQUIPA,20251212,184642,VT,3.90,23.87,0.000201,MISTI
20260528,0401,2025,AREQUIPA,AREQUIPA,20251212,213007,VT,4.20,41.26,0.000332,MISTI
20260528,0401,2025,AREQUIPA,AREQUIPA,20251212,235540,VT,3.50,32.28,0.000063,MISTI
20260528,0401,2025,AREQUIPA,AREQUIPA,20251212,235707,VT,5.50,13.70,0.000084,MISTI
20260528,0401,2025,AREQUIPA,AREQUIPA,20251213,004036,VT,5.50,11.11,0.000101,MISTI
20260528,0401,2025,AREQUIPA,AREQUIPA,20251213,013443,VT,2.80,7.87,0.000040,MISTI
20260528,0401,2025,AREQUIPA,AREQUIPA,20251213,023052,VT,3.00,9.32,0.000089,MISTI
20260528,0401,2025,AREQUIPA,AREQUIPA,20251213,041032,VT,5.40,9.86,0.000072,MISTI
20260528,0401,2025,AREQUIPA,AREQUIPA,20251213,043456,VT,5.20,11.20,0.000093,MISTI
20260528,0401,2025,AREQUIPA,AREQUIPA,20251213,052616,VT,5.50,14.55,0.000635,MISTI
20260528,0401,2025,AREQUIPA,AREQUIPA,20251213,052617,VT,6.70,23.18,0.000659,MISTI
20260528,0401,2025,AREQUIPA,AREQUIPA,20251213,053416,VT,7.40,11.04,0.000071,MISTI
20260528,0401,2025,AREQUIPA,AREQUIPA,20251213,054405,VT,5.30,8.54,0.000056,MISTI
20260528,0401,2025,AREQUIPA,AREQUIPA,20251213,234609,VT,4.00,18.38,0.000147,MISTI
20260528,0401,2025,AREQUIPA,AREQUIPA,20251214,024358,VT,3.10,7.01,0.000088,MISTI
20260528,0401,2025,AREQUIPA,AREQUIPA,20251214,024547,VT,5.30,5.51,0.000012,MISTI
20260528,0401,2025,AREQUIPA,AREQUIPA,20251214,024621,VT,4.70,10.90,0.000140,MISTI
20260528,0401,2025,AREQUIPA,AREQUIPA,20251214,025127,VT,2.80,6.70,0.000017,MISTI
20260528,0401,2025,AREQUIPA,AREQUIPA,20251214,025230,VT,4.70,9.61,0.000068,MISTI
20260528,0401,2025,AREQUIPA,AREQUIPA,20251214,034220,VT,5.80,9.60,0.000128,MISTI
20260528,0401,2025,AREQUIPA,AREQUIPA,20251214,132443,VT,10.00,20.07,0.000020,MISTI
20260528,0401,2025,AREQUIPA,AREQUIPA,20251214,190557,VT,4.50,26.18,0.000646,MISTI
20260528,0401,2025,AREQUIPA,AREQUIPA,20251214,195748,VT,3.50,20.55,0.000266,MISTI
20260528,0401,2025,AREQUIPA,AREQUIPA,20251214,201834,VT,4.50,30.32,0.000118,MISTI
20260528,0401,2025,AREQUIPA,AREQUIPA,20251214,213652,VT,3.70,27.40,0.000721,MISTI
20260528,0401,2025,AREQUIPA,AREQUIPA,20251214,235801,VD,10.00,36.95,0.000045,MISTI
20260528,0401,2025,AREQUIPA,AREQUIPA,20251215,054416,VT,10.00,45.27,0.000030,MISTI
20260528,0401,2025,AREQUIPA,AREQUIPA,20251215,055420,VT,5.10,16.52,0.000012,MISTI
20260528,0401,2025,AREQUIPA,AREQUIPA,20251215,063134,VD,10.00,105.60,0.000061,MISTI
20260528,0401,2025,AREQUIPA,AREQUIPA,20251215,072340,VT,2.80,15.50,0.000010,MISTI
20260528,0401,2025,AREQUIPA,AREQUIPA,20251215,072514,VT,10.00,40.58,0.000027,MISTI
20260528,0401,2025,AREQUIPA,AREQUIPA,20251215,073918,VT,3.50,27.71,0.000022,MISTI
20260528,0401,2025,AREQUIPA,AREQUIPA,20251215,074327,VT,10.00,35.57,0.000020,MISTI
20260528,0401,2025,AREQUIPA,AREQUIPA,20251215,081404,VT,4.50,15.65,0.000056,MISTI
20260528,0401,2025,AREQUIPA,AREQUIPA,20251215,081537,VT,3.40,21.51,0.000311,MISTI
20260528,0401,2025,AREQUIPA,AREQUIPA,20251215,102229,VT,3.20,17.44,0.000015,MISTI
20260528,0401,2025,AREQUIPA,AREQUIPA,20251215,102915,VT,10.00,25.08,0.000018,MISTI
20260528,0401,2025,AREQUIPA,AREQUIPA,20251215,104819,VT,3.50,30.86,0.000033,MISTI
20260528,0401,2025,AREQUIPA,AREQUIPA,20251215,122057,VT,2.70,14.08,0.000022,MISTI
20260528,0401,2025,AREQUIPA,AREQUIPA,20251215,134829,VT,3.70,16.76,0.000283,MISTI
20260528,0401,2025,AREQUIPA,AREQUIPA,20251215,213604,VT,5.20,28.21,0.000581,MISTI
20260528,0401,2025,AREQUIPA,AREQUIPA,20251215,224009,VT,2.80,23.24,0.000057,MISTI
20260528,0401,2025,AREQUIPA,AREQUIPA,20251215,230334,VT,3.40,24.14,0.000185,MISTI
20260528,0401,2025,AREQUIPA,AREQUIPA,20251215,231048,VT,3.70,29.40,0.000933,MISTI
20260528,0401,2025,AREQUIPA,AREQUIPA,20251216,003205,TO,4.30,70.63,0.002530,MISTI
20260528,0401,2025,AREQUIPA,AREQUIPA,20251216,033334,VT,3.40,27.60,0.000080,MISTI
20260528,0401,2025,AREQUIPA,AREQUIPA,20251216,035117,VT,3.60,18.34,0.000024,MISTI
20260528,0401,2025,AREQUIPA,AREQUIPA,20251216,060427,VT,5.40,21.72,0.027429,MISTI
20260528,0401,2025,AREQUIPA,AREQUIPA,20251216,060454,VT,5.40,24.59,0.004411,MISTI
20260528,0401,2025,AREQUIPA,AREQUIPA,20251216,062044,VT,3.40,30.75,0.000038,MISTI
20260528,0401,2025,AREQUIPA,AREQUIPA,20251216,063323,VT,10.00,40.01,0.000043,MISTI
20260528,0401,2025,AREQUIPA,AREQUIPA,20251216,063507,VT,3.80,16.17,0.000021,MISTI
20260528,0401,2025,AREQUIPA,AREQUIPA,20251216,064924,VT,2.90,18.42,0.000024,MISTI
20260528,0401,2025,AREQUIPA,AREQUIPA,20251216,095151,VT,3.40,27.43,0.000049,MISTI
20260528,0401,2025,AREQUIPA,AREQUIPA,20251216,120344,VT,5.30,70.15,0.001855,MISTI
20260528,0401,2025,AREQUIPA,AREQUIPA,20251216,133755,VT,3.10,14.89,0.000041,MISTI
20260528,0401,2025,AREQUIPA,AREQUIPA,20251216,142021,VT,2.90,21.83,0.000055,MISTI
20260528,0401,2025,AREQUIPA,AREQUIPA,20251216,151535,VT,2.90,26.15,0.000153,MISTI
20260528,0401,2025,AREQUIPA,AREQUIPA,20251216,165453,VT,4.70,25.97,0.000526,MISTI
20260528,0401,2025,AREQUIPA,AREQUIPA,20251216,233456,VD,3.40,108.62,0.007627,MISTI
20260528,0401,2025,AREQUIPA,AREQUIPA,20251217,021355,VD,10.00,60.97,0.000123,MISTI
20260528,0401,2025,AREQUIPA,AREQUIPA,20251217,061205,VT,10.00,74.44,0.000085,MISTI
20260528,0401,2025,AREQUIPA,AREQUIPA,20251217,135336,VT,10.80,15.66,0.000107,MISTI
20260528,0401,2025,AREQUIPA,AREQUIPA,20251217,185655,VT,4.30,28.65,0.000140,MISTI
20260528,0401,2025,AREQUIPA,AREQUIPA,20251217,194425,TO,4.20,91.86,0.006115,MISTI
20260528,0401,2025,AREQUIPA,AREQUIPA,20251218,043307,TO,4.10,64.93,0.001697,MISTI
20260528,0401,2025,AREQUIPA,AREQUIPA,20251218,050434,VT,3.80,18.58,0.000014,MISTI
20260528,0401,2025,AREQUIPA,AREQUIPA,20251218,061728,VD,10.00,127.23,0.000238,MISTI
20260528,0401,2025,AREQUIPA,AREQUIPA,20251218,064908,VD,5.10,65.54,0.000104,MISTI
20260528,0401,2025,AREQUIPA,AREQUIPA,20251218,074931,VT,10.00,35.84,0.000045,MISTI
20260528,0401,2025,AREQUIPA,AREQUIPA,20251218,224414,VT,3.30,20.79,0.000043,MISTI
20260528,0401,2025,AREQUIPA,AREQUIPA,20251219,011540,VT,3.20,34.41,0.000109,MISTI
20260528,0401,2025,AREQUIPA,AREQUIPA,20251219,024305,VT,3.50,38.74,0.000029,MISTI
20260528,0401,2025,AREQUIPA,AREQUIPA,20251219,024740,VT,10.00,15.80,0.000013,MISTI
20260528,0401,2025,AREQUIPA,AREQUIPA,20251219,025440,VT,7.50,17.10,0.000053,MISTI
20260528,0401,2025,AREQUIPA,AREQUIPA,20251219,030535,VT,2.80,20.75,0.000022,MISTI
20260528,0401,2025,AREQUIPA,AREQUIPA,20251219,043920,VT,4.20,26.75,0.000027,MISTI
20260528,0401,2025,AREQUIPA,AREQUIPA,20251219,051607,VT,3.80,17.81,0.000016,MISTI
20260528,0401,2025,AREQUIPA,AREQUIPA,20251219,063136,VD,10.00,108.75,0.000084,MISTI
20260528,0401,2025,AREQUIPA,AREQUIPA,20251219,075454,VT,4.20,18.79,0.000009,MISTI
20260528,0401,2025,AREQUIPA,AREQUIPA,20251219,075858,VT,10.00,15.76,0.000014,MISTI
20260528,0401,2025,AREQUIPA,AREQUIPA,20251219,080045,VT,4.30,37.30,0.000270,MISTI
20260528,0401,2025,AREQUIPA,AREQUIPA,20251219,080735,VT,3.20,19.59,0.000017,MISTI
20260528,0401,2025,AREQUIPA,AREQUIPA,20251219,092010,VT,3.30,29.72,0.000021,MISTI
20260528,0401,2025,AREQUIPA,AREQUIPA,20251219,115152,VT,3.50,21.59,0.000050,MISTI
20260528,0401,2025,AREQUIPA,AREQUIPA,20251219,224031,VT,5.40,14.31,0.000070,MISTI
20260528,0401,2025,AREQUIPA,AREQUIPA,20251220,000235,VT,5.30,17.32,0.000055,MISTI
20260528,0401,2025,AREQUIPA,AREQUIPA,20251220,004413,VT,3.40,41.17,0.000058,MISTI
20260528,0401,2025,AREQUIPA,AREQUIPA,20251220,024456,VT,3.00,16.44,0.000017,MISTI
20260528,0401,2025,AREQUIPA,AREQUIPA,20251220,024837,VT,3.30,29.48,0.000028,MISTI
20260528,0401,2025,AREQUIPA,AREQUIPA,20251220,081326,VT,3.40,16.23,0.000038,MISTI
20260528,0401,2025,AREQUIPA,AREQUIPA,20251220,082905,VT,3.20,31.61,0.000026,MISTI
20260528,0401,2025,AREQUIPA,AREQUIPA,20251220,100755,VT,3.30,42.89,0.000047,MISTI
20260528,0401,2025,AREQUIPA,AREQUIPA,20251220,112429,VT,2.80,25.47,0.000023,MISTI
20260528,0401,2025,AREQUIPA,AREQUIPA,20251220,131208,VT,2.50,23.51,0.000027,MISTI
20260528,0401,2025,AREQUIPA,AREQUIPA,20251220,131936,VT,2.80,18.72,0.000104,MISTI
20260528,0401,2025,AREQUIPA,AREQUIPA,20251220,132313,VT,2.90,25.98,0.000140,MISTI
20260528,0401,2025,AREQUIPA,AREQUIPA,20251220,201802,VT,4.30,25.44,0.000129,MISTI
20260528,0401,2025,AREQUIPA,AREQUIPA,20251220,223508,VT,3.10,128.28,0.013612,MISTI
20260528,0401,2025,AREQUIPA,AREQUIPA,20251221,033618,VT,3.20,24.89,0.000243,MISTI
20260528,0401,2025,AREQUIPA,AREQUIPA,20251221,033959,VT,3.30,19.78,0.000095,MISTI
20260528,0401,2025,AREQUIPA,AREQUIPA,20251221,040715,VD,7.40,18.69,0.000166,MISTI
20260528,0401,2025,AREQUIPA,AREQUIPA,20251221,042129,VT,3.40,17.25,0.000020,MISTI
20260528,0401,2025,AREQUIPA,AREQUIPA,20251221,051334,VT,2.90,15.79,0.000024,MISTI
20260528,0401,2025,AREQUIPA,AREQUIPA,20251221,055510,VT,3.50,17.10,0.000199,MISTI
20260528,0401,2025,AREQUIPA,AREQUIPA,20251221,062231,VT,2.80,16.97,0.000047,MISTI
20260528,0401,2025,AREQUIPA,AREQUIPA,20251221,062359,VT,3.30,23.44,0.000310,MISTI
20260528,0401,2025,AREQUIPA,AREQUIPA,20251221,064150,VT,5.20,16.47,0.000168,MISTI
20260528,0401,2025,AREQUIPA,AREQUIPA,20251221,065306,VT,3.50,33.91,0.000028,MISTI
20260528,0401,2025,AREQUIPA,AREQUIPA,20251221,073830,VT,4.20,24.58,0.000090,MISTI
20260528,0401,2025,AREQUIPA,AREQUIPA,20251221,074112,VT,2.90,38.18,0.000041,MISTI
20260528,0401,2025,AREQUIPA,AREQUIPA,20251221,080619,VT,3.20,14.15,0.000031,MISTI
20260528,0401,2025,AREQUIPA,AREQUIPA,20251221,082449,VT,3.70,28.94,0.000423,MISTI
20260528,0401,2025,AREQUIPA,AREQUIPA,20251221,094631,VT,2.60,13.73,0.000065,MISTI
20260528,0401,2025,AREQUIPA,AREQUIPA,20251221,115056,VT,3.50,24.37,0.000031,MISTI
20260528,0401,2025,AREQUIPA,AREQUIPA,20251221,115852,VT,7.00,13.99,0.000295,MISTI
20260528,0401,2025,AREQUIPA,AREQUIPA,20251221,131325,VD,4.40,21.32,0.000239,MISTI
20260528,0401,2025,AREQUIPA,AREQUIPA,20251221,132535,VT,4.40,15.29,0.000218,MISTI
20260528,0401,2025,AREQUIPA,AREQUIPA,20251221,134742,VT,3.50,29.99,0.000068,MISTI
20260528,0401,2025,AREQUIPA,AREQUIPA,20251221,134932,VT,3.40,22.25,0.000176,MISTI
20260528,0401,2025,AREQUIPA,AREQUIPA,20251221,140743,VT,3.10,19.91,0.000087,MISTI
20260528,0401,2025,AREQUIPA,AREQUIPA,20251221,152513,VT,2.80,24.01,0.000138,MISTI
20260528,0401,2025,AREQUIPA,AREQUIPA,20251221,155147,VT,4.30,26.88,0.000322,MISTI
20260528,0401,2025,AREQUIPA,AREQUIPA,20251221,161100,VT,2.90,19.72,0.000135,MISTI
20260528,0401,2025,AREQUIPA,AREQUIPA,20251221,162355,VT,3.40,59.47,0.000633,MISTI
20260528,0401,2025,AREQUIPA,AREQUIPA,20251221,193559,VT,4.40,23.16,0.000252,MISTI
20260528,0401,2025,AREQUIPA,AREQUIPA,20251221,204153,VT,4.50,77.52,0.000948,MISTI
20260528,0401,2025,AREQUIPA,AREQUIPA,20251221,221235,VT,3.10,17.20,0.000153,MISTI
20260528,0401,2025,AREQUIPA,AREQUIPA,20251221,235105,VT,10.00,28.17,0.000150,MISTI
20260528,0401,2025,AREQUIPA,AREQUIPA,20251222,014048,VT,2.70,25.89,0.000239,MISTI
20260528,0401,2025,AREQUIPA,AREQUIPA,20251222,022731,VT,4.20,15.32,0.000190,MISTI
20260528,0401,2025,AREQUIPA,AREQUIPA,20251222,023728,VT,10.00,19.48,0.000071,MISTI
20260528,0401,2025,AREQUIPA,AREQUIPA,20251222,033430,VT,3.30,18.09,0.000125,MISTI
20260528,0401,2025,AREQUIPA,AREQUIPA,20251222,034243,VT,10.00,41.25,0.000043,MISTI
20260528,0401,2025,AREQUIPA,AREQUIPA,20251222,035920,VT,5.30,18.90,0.000129,MISTI
20260528,0401,2025,AREQUIPA,AREQUIPA,20251222,042204,VT,10.00,31.82,0.000207,MISTI
20260528,0401,2025,AREQUIPA,AREQUIPA,20251222,043332,VT,4.20,15.97,0.000110,MISTI
20260528,0401,2025,AREQUIPA,AREQUIPA,20251222,043400,VT,5.30,11.55,0.000095,MISTI
20260528,0401,2025,AREQUIPA,AREQUIPA,20251222,052219,VT,3.50,25.40,0.000107,MISTI
20260528,0401,2025,AREQUIPA,AREQUIPA,20251222,102740,VT,5.20,17.27,0.000312,MISTI
20260528,0401,2025,AREQUIPA,AREQUIPA,20251222,121736,VT,4.20,14.43,0.000038,MISTI
20260528,0401,2025,AREQUIPA,AREQUIPA,20251222,124156,VT,2.70,47.66,0.000052,MISTI
20260528,0401,2025,AREQUIPA,AREQUIPA,20251222,124837,VT,3.00,14.11,0.000098,MISTI
20260528,0401,2025,AREQUIPA,AREQUIPA,20251222,130714,VD,3.00,47.02,0.000355,MISTI
20260528,0401,2025,AREQUIPA,AREQUIPA,20251222,151439,VT,2.30,12.66,0.000126,MISTI
20260528,0401,2025,AREQUIPA,AREQUIPA,20251223,021437,VT,10.00,22.87,0.000105,MISTI
20260528,0401,2025,AREQUIPA,AREQUIPA,20251223,030706,VD,4.50,51.92,0.000448,MISTI
20260528,0401,2025,AREQUIPA,AREQUIPA,20251223,042146,VT,3.90,22.08,0.000016,MISTI
20260528,0401,2025,AREQUIPA,AREQUIPA,20251223,043141,VT,2.90,12.70,0.000011,MISTI
20260528,0401,2025,AREQUIPA,AREQUIPA,20251223,044030,VT,3.20,13.79,0.000017,MISTI
20260528,0401,2025,AREQUIPA,AREQUIPA,20251223,050248,TO,10.20,46.30,0.000880,MISTI
20260528,0401,2025,AREQUIPA,AREQUIPA,20251223,051339,VT,4.40,30.06,0.000031,MISTI
20260528,0401,2025,AREQUIPA,AREQUIPA,20251223,060521,VT,4.20,16.33,0.000092,MISTI
20260528,0401,2025,AREQUIPA,AREQUIPA,20251223,071645,VT,10.00,11.66,0.000012,MISTI
20260528,0401,2025,AREQUIPA,AREQUIPA,20251223,072458,VT,3.30,16.84,0.000058,MISTI
20260528,0401,2025,AREQUIPA,AREQUIPA,20251223,073726,VT,4.70,15.93,0.000064,MISTI
20260528,0401,2025,AREQUIPA,AREQUIPA,20251223,074257,VT,4.50,14.10,0.000064,MISTI
20260528,0401,2025,AREQUIPA,AREQUIPA,20251223,081659,VT,3.70,15.53,0.000374,MISTI
20260528,0401,2025,AREQUIPA,AREQUIPA,20251223,095757,VT,3.40,37.26,0.000050,MISTI
20260528,0401,2025,AREQUIPA,AREQUIPA,20251223,114220,VT,4.00,35.80,0.000045,MISTI
20260528,0401,2025,AREQUIPA,AREQUIPA,20251223,161014,VD,3.20,61.36,0.000954,MISTI
20260528,0401,2025,AREQUIPA,AREQUIPA,20251224,024351,VT,4.10,21.85,0.000239,MISTI
20260528,0401,2025,AREQUIPA,AREQUIPA,20251224,041830,VT,4.00,36.69,0.000259,MISTI
20260528,0401,2025,AREQUIPA,AREQUIPA,20251224,054828,VT,3.70,32.63,0.000167,MISTI
20260528,0401,2025,AREQUIPA,AREQUIPA,20251224,073637,VT,3.30,34.40,0.000040,MISTI
20260528,0401,2025,AREQUIPA,AREQUIPA,20251224,092117,VT,4.30,17.96,0.000175,MISTI
20260528,0401,2025,AREQUIPA,AREQUIPA,20251224,111058,VD,10.00,21.78,0.000303,MISTI
20260528,0401,2025,AREQUIPA,AREQUIPA,20251224,230938,VT,6.90,10.39,0.000163,MISTI
20260528,0401,2025,AREQUIPA,AREQUIPA,20251224,233847,VT,5.20,15.31,0.000032,MISTI
20260528,0401,2025,AREQUIPA,AREQUIPA,20251225,050352,VT,3.20,16.07,0.000013,MISTI
20260528,0401,2025,AREQUIPA,AREQUIPA,20251225,052423,VT,4.20,17.92,0.000014,MISTI
20260528,0401,2025,AREQUIPA,AREQUIPA,20251225,053323,VT,4.70,15.70,0.000018,MISTI
20260528,0401,2025,AREQUIPA,AREQUIPA,20251225,065537,VT,10.00,16.99,0.000009,MISTI
20260528,0401,2025,AREQUIPA,AREQUIPA,20251225,070459,VT,3.20,20.81,0.000014,MISTI
20260528,0401,2025,AREQUIPA,AREQUIPA,20251225,075155,VT,3.30,19.74,0.000427,MISTI
20260528,0401,2025,AREQUIPA,AREQUIPA,20251225,122328,VT,3.50,19.12,0.000014,MISTI
20260528,0401,2025,AREQUIPA,AREQUIPA,20251225,123442,VT,10.00,44.58,0.000021,MISTI
20260528,0401,2025,AREQUIPA,AREQUIPA,20251225,134211,VT,6.00,24.48,0.000345,MISTI
20260528,0401,2025,AREQUIPA,AREQUIPA,20251225,134253,VT,2.80,14.96,0.000040,MISTI
20260528,0401,2025,AREQUIPA,AREQUIPA,20251225,234426,VT,5.60,20.18,0.000107,MISTI
20260528,0401,2025,AREQUIPA,AREQUIPA,20251226,003247,VT,3.50,18.41,0.000014,MISTI
20260528,0401,2025,AREQUIPA,AREQUIPA,20251226,013056,VT,3.50,41.51,0.000305,MISTI
20260528,0401,2025,AREQUIPA,AREQUIPA,20251226,014816,VD,3.00,47.91,0.000104,MISTI
20260528,0401,2025,AREQUIPA,AREQUIPA,20251226,022619,VT,4.20,12.04,0.000014,MISTI
20260528,0401,2025,AREQUIPA,AREQUIPA,20251226,035721,VT,3.40,19.48,0.000022,MISTI
20260528,0401,2025,AREQUIPA,AREQUIPA,20251226,044458,VT,3.40,17.75,0.000019,MISTI
20260528,0401,2025,AREQUIPA,AREQUIPA,20251226,074654,VT,5.90,29.42,0.001097,MISTI
20260528,0401,2025,AREQUIPA,AREQUIPA,20251226,090343,VT,4.40,16.10,0.000020,MISTI
20260528,0401,2025,AREQUIPA,AREQUIPA,20251226,094807,VT,3.50,25.21,0.000020,MISTI
20260528,0401,2025,AREQUIPA,AREQUIPA,20251226,110434,VT,3.50,32.15,0.000157,MISTI
20260528,0401,2025,AREQUIPA,AREQUIPA,20251226,114507,VT,12.50,24.58,0.000024,MISTI
20260528,0401,2025,AREQUIPA,AREQUIPA,20251226,143814,VT,5.90,20.92,0.000305,MISTI
20260528,0401,2025,AREQUIPA,AREQUIPA,20251226,171652,VT,2.50,28.68,0.000303,MISTI
20260528,0401,2025,AREQUIPA,AREQUIPA,20251227,010325,VT,4.70,15.99,0.000020,MISTI
20260528,0401,2025,AREQUIPA,AREQUIPA,20251227,025110,VT,3.10,15.96,0.000031,MISTI
20260528,0401,2025,AREQUIPA,AREQUIPA,20251227,053456,VT,10.00,27.05,0.000053,MISTI
20260528,0401,2025,AREQUIPA,AREQUIPA,20251227,083528,VT,3.40,25.92,0.000039,MISTI
20260528,0401,2025,AREQUIPA,AREQUIPA,20251227,084555,VT,3.40,22.61,0.000014,MISTI
20260528,0401,2025,AREQUIPA,AREQUIPA,20251227,115055,VT,2.60,29.30,0.000044,MISTI
20260528,0401,2025,AREQUIPA,AREQUIPA,20251227,223408,VT,2.80,28.41,0.000051,MISTI
20260528,0401,2025,AREQUIPA,AREQUIPA,20251227,225741,VT,3.30,20.34,0.000146,MISTI
20260528,0401,2025,AREQUIPA,AREQUIPA,20251228,000526,VT,3.40,36.60,0.000042,MISTI
20260528,0401,2025,AREQUIPA,AREQUIPA,20251228,015216,VT,3.30,27.28,0.000034,MISTI
20260528,0401,2025,AREQUIPA,AREQUIPA,20251228,024912,VT,3.20,15.26,0.000016,MISTI
20260528,0401,2025,AREQUIPA,AREQUIPA,20251228,085158,VT,3.10,15.53,0.000016,MISTI
20260528,0401,2025,AREQUIPA,AREQUIPA,20251228,140638,VT,3.10,38.26,0.000072,MISTI
20260528,0401,2025,AREQUIPA,AREQUIPA,20251228,150728,TO,5.00,64.27,0.001954,MISTI
20260528,0401,2025,AREQUIPA,AREQUIPA,20251228,191045,VT,3.80,40.29,0.001014,MISTI
20260528,0401,2025,AREQUIPA,AREQUIPA,20251229,050246,VT,3.00,42.05,0.000035,MISTI
20260528,0401,2025,AREQUIPA,AREQUIPA,20251229,064317,VT,4.70,36.05,0.000139,MISTI
20260528,0401,2025,AREQUIPA,AREQUIPA,20251229,070332,VT,3.50,29.79,0.000482,MISTI
20260528,0401,2025,AREQUIPA,AREQUIPA,20251229,102845,VT,3.70,28.09,0.000036,MISTI
20260528,0401,2025,AREQUIPA,AREQUIPA,20251229,120504,VT,2.70,19.53,0.000027,MISTI
20260528,0401,2025,AREQUIPA,AREQUIPA,20251229,131416,VT,3.20,17.75,0.000184,MISTI
20260528,0401,2025,AREQUIPA,AREQUIPA,20251229,154932,VT,3.00,14.38,0.000264,MISTI
20260528,0401,2025,AREQUIPA,AREQUIPA,20251229,171733,VT,4.30,12.41,0.000181,MISTI
20260528,0401,2025,AREQUIPA,AREQUIPA,20251229,183657,VT,4.60,16.68,0.000172,MISTI
20260528,0401,2025,AREQUIPA,AREQUIPA,20251230,064917,VT,3.50,18.78,0.000017,MISTI
20260528,0401,2025,AREQUIPA,AREQUIPA,20251230,065813,VT,10.00,12.95,0.000011,MISTI
20260528,0401,2025,AREQUIPA,AREQUIPA,20251230,070329,VT,10.00,21.83,0.000018,MISTI
20260528,0401,2025,AREQUIPA,AREQUIPA,20251230,081355,VD,3.20,30.78,0.000048,MISTI
20260528,0401,2025,AREQUIPA,AREQUIPA,20251230,084131,VD,4.20,30.54,0.000046,MISTI
20260528,0401,2025,AREQUIPA,AREQUIPA,20251230,094646,VD,3.50,35.87,0.000454,MISTI
20260528,0401,2025,AREQUIPA,AREQUIPA,20251230,130222,VT,3.00,32.38,0.000052,MISTI
20260528,0401,2025,AREQUIPA,AREQUIPA,20251230,184709,VT,4.80,28.57,0.000788,MISTI
20260528,0401,2025,AREQUIPA,AREQUIPA,20251230,220819,VT,2.80,12.37,0.000331,MISTI
20260528,0401,2025,AREQUIPA,AREQUIPA,20251231,073544,VT,4.00,23.06,0.000024,MISTI
20260528,0401,2025,AREQUIPA,AREQUIPA,20251231,083109,VT,4.00,26.84,0.000043,MISTI
20260528,0401,2025,AREQUIPA,AREQUIPA,20251231,085223,VT,2.50,23.15,0.000025,MISTI
20260528,0401,2025,AREQUIPA,AREQUIPA,20251231,093630,VT,2.80,28.92,0.000050,MISTI
20260528,0401,2025,AREQUIPA,AREQUIPA,20251231,095101,VT,3.80,20.06,0.000028,MISTI
20260528,0401,2025,AREQUIPA,AREQUIPA,20251231,131012,VT,2.50,21.01,0.000048,MISTI
20260528,0401,2025,AREQUIPA,AREQUIPA,20251231,134603,VT,3.40,21.58,0.000039,MISTI
20260528,0401,2025,AREQUIPA,AREQUIPA,20251231,134955,VT,2.40,22.39,0.000047,MISTI
20260528,0401,2025,AREQUIPA,AREQUIPA,20251231,155020,VT,5.40,22.74,0.000111,MISTI
20260528,0401,2025,AREQUIPA,AREQUIPA,20251231,162140,VT,2.30,13.65,0.000174,MISTI
20260528,0401,2025,AREQUIPA,AREQUIPA,20251231,163711,VT,3.10,20.05,0.000295,MISTI
20260528,0401,2025,AREQUIPA,AREQUIPA,20251231,171651,VT,3.90,29.22,0.000338,MISTI
20260528,0401,2025,AREQUIPA,AREQUIPA,20251231,182213,VT,3.30,21.04,0.000292,MISTI
20260528,0401,2025,AREQUIPA,AREQUIPA,20251231,190622,VT,3.70,25.01,0.000706,MISTI
20260528,0401,2025,AREQUIPA,AREQUIPA,20251231,192410,VT,4.00,26.33,0.000304,MISTI
20260528,0401,2025,AREQUIPA,AREQUIPA,20251231,201012,VT,3.50,19.94,0.000291,MISTI
20260528,0401,2025,AREQUIPA,AREQUIPA,20251231,204327,VT,3.30,42.22,0.000105,MISTI
20260528,0401,2025,AREQUIPA,AREQUIPA,20251231,210240,VD,3.30,65.51,0.000135,MISTI
20260528,0401,2025,AREQUIPA,AREQUIPA,20251231,223646,VT,2.60,42.51,0.000039,MISTI
20260528,0401,2025,AREQUIPA,AREQUIPA,20251231,234752,VT,3.20,41.78,0.000051,MISTI
